﻿time_identifier,time_period,geographic_level,country_code,country_name,percentage_of_2_year_olds,percentage_of_3_year_olds,percentage_of_4_year_olds,percentage_of_3_4_year_olds
Reporting year,2022,National,E92000001,England,72,90,94,92
Reporting year,2021,National,E92000001,England,62,87,93,90
Reporting year,2020,National,E92000001,England,69,91,95,93
Reporting year,2019,National,E92000001,England,68,92,95,93
Reporting year,2018,National,E92000001,England,72,92,95,94
Reporting year,2017,National,E92000001,England,71,93,95,94
Reporting year,2016,National,E92000001,England,68,93,96,95
Reporting year,2015,National,E92000001,England,58,93,97,95
Reporting year,2014,National,E92000001,England,z,93,98,95
Reporting year,2013,National,E92000001,England,z,93,98,95
Reporting year,2012,National,E92000001,England,z,93,97,95
Reporting year,2011,National,E92000001,England,z,93,96,94
