﻿time_period,time_identifier,geographic_level,country_code,country_name,age,entitlement_type,type_of_provider,number_of_providers,number_of_children
2022,Reporting year,National,E92000001,England,2-year-olds,15-hour entitlement,All providers,22074,135410
2022,Reporting year,National,E92000001,England,2-year-olds,15-hour entitlement,All providers excluding childminders,17937,129175
2022,Reporting year,National,E92000001,England,2-year-olds,15-hour entitlement,Private and voluntary providers,15258,102905
2022,Reporting year,National,E92000001,England,2-year-olds,15-hour entitlement,Early years childcare providers,14920,100997
2022,Reporting year,National,E92000001,England,2-year-olds,15-hour entitlement,Sure start children's centre,222,1634
2022,Reporting year,National,E92000001,England,2-year-olds,15-hour entitlement,Other private or voluntary providers,116,274
2022,Reporting year,National,E92000001,England,2-year-olds,15-hour entitlement,Independent schools,118,648
2022,Reporting year,National,E92000001,England,2-year-olds,15-hour entitlement,Local authority day nurseries,193,2853
2022,Reporting year,National,E92000001,England,2-year-olds,15-hour entitlement,Other,74,805
2022,Reporting year,National,E92000001,England,2-year-olds,15-hour entitlement,State-funded governor-run,397,2343
2022,Reporting year,National,E92000001,England,2-year-olds,15-hour entitlement,Maintained nursery schools,314,6986
2022,Reporting year,National,E92000001,England,2-year-olds,15-hour entitlement,State-funded primary schools,1531,12400
2022,Reporting year,National,E92000001,England,2-year-olds,15-hour entitlement,State-funded secondary schools,15,170
2022,Reporting year,National,E92000001,England,2-year-olds,15-hour entitlement,Special schools,37,65
2022,Reporting year,National,E92000001,England,2-year-olds,15-hour entitlement,Childminders,4137,6235
2022,Reporting year,National,E92000001,England,3 and 4-year-olds,15-hour entitlement,All providers,47121,1212234
2022,Reporting year,National,E92000001,England,3 and 4-year-olds,15-hour entitlement,All providers excluding childminders,37041,1191472
2022,Reporting year,National,E92000001,England,3 and 4-year-olds,15-hour entitlement,Private and voluntary providers,18226,452775
2022,Reporting year,National,E92000001,England,3 and 4-year-olds,15-hour entitlement,Early years childcare providers,17714,445432
2022,Reporting year,National,E92000001,England,3 and 4-year-olds,15-hour entitlement,Sure start children's centre,255,6179
2022,Reporting year,National,E92000001,England,3 and 4-year-olds,15-hour entitlement,Other private or voluntary providers,257,1164
2022,Reporting year,National,E92000001,England,3 and 4-year-olds,15-hour entitlement,Independent schools,805,24877
2022,Reporting year,National,E92000001,England,3 and 4-year-olds,15-hour entitlement,Local authority day nurseries,214,6058
2022,Reporting year,National,E92000001,England,3 and 4-year-olds,15-hour entitlement,Other,85,2135
2022,Reporting year,National,E92000001,England,3 and 4-year-olds,15-hour entitlement,State-funded governor-run,902,20189
2022,Reporting year,National,E92000001,England,3 and 4-year-olds,15-hour entitlement,Maintained nursery schools,385,28696
2022,Reporting year,National,E92000001,England,3 and 4-year-olds,15-hour entitlement,State-funded primary schools,15742,644981
2022,Reporting year,National,E92000001,England,3 and 4-year-olds,15-hour entitlement,State-funded secondary schools,149,8034
2022,Reporting year,National,E92000001,England,3 and 4-year-olds,15-hour entitlement,Special schools,533,3727
2022,Reporting year,National,E92000001,England,3 and 4-year-olds,15-hour entitlement,Childminders,10080,20762
2022,Reporting year,National,E92000001,England,3 and 4-year-olds,30-hour entitlement,All providers,35804,348126
2022,Reporting year,National,E92000001,England,3 and 4-year-olds,30-hour entitlement,All providers excluding childminders,24991,327354
2022,Reporting year,National,E92000001,England,3 and 4-year-olds,30-hour entitlement,Private and voluntary providers,17053,232134
2022,Reporting year,National,E92000001,England,3 and 4-year-olds,30-hour entitlement,Early years childcare providers,16526,228388
2022,Reporting year,National,E92000001,England,3 and 4-year-olds,30-hour entitlement,Sure start children's centre,235,2838
2022,Reporting year,National,E92000001,England,3 and 4-year-olds,30-hour entitlement,Other private or voluntary providers,292,908
2022,Reporting year,National,E92000001,England,3 and 4-year-olds,30-hour entitlement,Independent schools,417,5527
2022,Reporting year,National,E92000001,England,3 and 4-year-olds,30-hour entitlement,Local authority day nurseries,178,1990
2022,Reporting year,National,E92000001,England,3 and 4-year-olds,30-hour entitlement,Other,77,1080
2022,Reporting year,National,E92000001,England,3 and 4-year-olds,30-hour entitlement,State-funded governor-run,838,8856
2022,Reporting year,National,E92000001,England,3 and 4-year-olds,30-hour entitlement,Maintained nursery schools,373,9131
2022,Reporting year,National,E92000001,England,3 and 4-year-olds,30-hour entitlement,State-funded primary schools,5998,68015
2022,Reporting year,National,E92000001,England,3 and 4-year-olds,30-hour entitlement,State-funded secondary schools,47,603
2022,Reporting year,National,E92000001,England,3 and 4-year-olds,30-hour entitlement,Special schools,10,18
2022,Reporting year,National,E92000001,England,3 and 4-year-olds,30-hour entitlement,Childminders,10813,20772
2021,Reporting year,National,E92000001,England,2-year-olds,15-hour entitlement,All providers,21856,124543
2021,Reporting year,National,E92000001,England,2-year-olds,15-hour entitlement,All providers excluding childminders,17653,118300
2021,Reporting year,National,E92000001,England,2-year-olds,15-hour entitlement,Private and voluntary providers,15056,94455
2021,Reporting year,National,E92000001,England,2-year-olds,15-hour entitlement,Early years childcare providers,14187,90540
2021,Reporting year,National,E92000001,England,2-year-olds,15-hour entitlement,Sure start children's centre,249,1528
2021,Reporting year,National,E92000001,England,2-year-olds,15-hour entitlement,Other private or voluntary providers,620,2387
2021,Reporting year,National,E92000001,England,2-year-olds,15-hour entitlement,Independent schools,118,595
2021,Reporting year,National,E92000001,England,2-year-olds,15-hour entitlement,Local authority day nurseries,167,2643
2021,Reporting year,National,E92000001,England,2-year-olds,15-hour entitlement,Other,186,1556
2021,Reporting year,National,E92000001,England,2-year-olds,15-hour entitlement,State-funded governor-run,384,2140
2021,Reporting year,National,E92000001,England,2-year-olds,15-hour entitlement,Maintained nursery schools,306,6071
2021,Reporting year,National,E92000001,England,2-year-olds,15-hour entitlement,State-funded primary schools,1384,10678
2021,Reporting year,National,E92000001,England,2-year-olds,15-hour entitlement,State-funded secondary schools,13,101
2021,Reporting year,National,E92000001,England,2-year-olds,15-hour entitlement,Special schools,39,61
2021,Reporting year,National,E92000001,England,2-year-olds,15-hour entitlement,Childminders,4203,6243
2021,Reporting year,National,E92000001,England,3 and 4-year-olds,15-hour entitlement,All providers,48334,1211991
2021,Reporting year,National,E92000001,England,3 and 4-year-olds,15-hour entitlement,All providers excluding childminders,37239,1189098
2021,Reporting year,National,E92000001,England,3 and 4-year-olds,15-hour entitlement,Private and voluntary providers,18371,447796
2021,Reporting year,National,E92000001,England,3 and 4-year-olds,15-hour entitlement,Early years childcare providers,17026,421819
2021,Reporting year,National,E92000001,England,3 and 4-year-olds,15-hour entitlement,Sure start children's centre,302,6497
2021,Reporting year,National,E92000001,England,3 and 4-year-olds,15-hour entitlement,Other private or voluntary providers,1043,19480
2021,Reporting year,National,E92000001,England,3 and 4-year-olds,15-hour entitlement,Independent schools,807,24775
2021,Reporting year,National,E92000001,England,3 and 4-year-olds,15-hour entitlement,Local authority day nurseries,171,4720
2021,Reporting year,National,E92000001,England,3 and 4-year-olds,15-hour entitlement,Other,266,4874
2021,Reporting year,National,E92000001,England,3 and 4-year-olds,15-hour entitlement,State-funded governor-run,835,18552
2021,Reporting year,National,E92000001,England,3 and 4-year-olds,15-hour entitlement,Maintained nursery schools,388,29372
2021,Reporting year,National,E92000001,England,3 and 4-year-olds,15-hour entitlement,State-funded primary schools,15735,647273
2021,Reporting year,National,E92000001,England,3 and 4-year-olds,15-hour entitlement,State-funded secondary schools,149,7873
2021,Reporting year,National,E92000001,England,3 and 4-year-olds,15-hour entitlement,Special schools,517,3863
2021,Reporting year,National,E92000001,England,3 and 4-year-olds,15-hour entitlement,Childminders,11095,22893
2021,Reporting year,National,E92000001,England,3 and 4-year-olds,30-hour entitlement,All providers,35870,328662
2021,Reporting year,National,E92000001,England,3 and 4-year-olds,30-hour entitlement,All providers excluding childminders,24420,307049
2021,Reporting year,National,E92000001,England,3 and 4-year-olds,30-hour entitlement,Private and voluntary providers,16859,221101
2021,Reporting year,National,E92000001,England,3 and 4-year-olds,30-hour entitlement,Early years childcare providers,15622,208981
2021,Reporting year,National,E92000001,England,3 and 4-year-olds,30-hour entitlement,Sure start children's centre,262,2574
2021,Reporting year,National,E92000001,England,3 and 4-year-olds,30-hour entitlement,Other private or voluntary providers,975,9546
2021,Reporting year,National,E92000001,England,3 and 4-year-olds,30-hour entitlement,Independent schools,393,5128
2021,Reporting year,National,E92000001,England,3 and 4-year-olds,30-hour entitlement,Local authority day nurseries,137,1431
2021,Reporting year,National,E92000001,England,3 and 4-year-olds,30-hour entitlement,Other,252,2147
2021,Reporting year,National,E92000001,England,3 and 4-year-olds,30-hour entitlement,State-funded governor-run,758,7646
2021,Reporting year,National,E92000001,England,3 and 4-year-olds,30-hour entitlement,Maintained nursery schools,376,8741
2021,Reporting year,National,E92000001,England,3 and 4-year-olds,30-hour entitlement,State-funded primary schools,5587,60294
2021,Reporting year,National,E92000001,England,3 and 4-year-olds,30-hour entitlement,State-funded secondary schools,45,539
2021,Reporting year,National,E92000001,England,3 and 4-year-olds,30-hour entitlement,Special schools,13,22
2021,Reporting year,National,E92000001,England,3 and 4-year-olds,30-hour entitlement,Childminders,11450,21613
2020,Reporting year,National,E92000001,England,2-year-olds,15-hour entitlement,All providers,22475,143439
2020,Reporting year,National,E92000001,England,2-year-olds,15-hour entitlement,All providers excluding childminders,18139,137139
2020,Reporting year,National,E92000001,England,2-year-olds,15-hour entitlement,Private and voluntary providers,15346,107588
2020,Reporting year,National,E92000001,England,2-year-olds,15-hour entitlement,Early years childcare providers,14437,102591
2020,Reporting year,National,E92000001,England,2-year-olds,15-hour entitlement,Sure start children's centre,254,1846
2020,Reporting year,National,E92000001,England,2-year-olds,15-hour entitlement,Other private or voluntary providers,655,3151
2020,Reporting year,National,E92000001,England,2-year-olds,15-hour entitlement,Independent schools,118,771
2020,Reporting year,National,E92000001,England,2-year-olds,15-hour entitlement,Local authority day nurseries,258,4112
2020,Reporting year,National,E92000001,England,2-year-olds,15-hour entitlement,Other,468,3531
2020,Reporting year,National,E92000001,England,2-year-olds,15-hour entitlement,State-funded governor-run,215,1191
2020,Reporting year,National,E92000001,England,2-year-olds,15-hour entitlement,Maintained nursery schools,305,7383
2020,Reporting year,National,E92000001,England,2-year-olds,15-hour entitlement,State-funded primary schools,1359,12304
2020,Reporting year,National,E92000001,England,2-year-olds,15-hour entitlement,State-funded secondary schools,12,153
2020,Reporting year,National,E92000001,England,2-year-olds,15-hour entitlement,Special schools,58,106
2020,Reporting year,National,E92000001,England,2-year-olds,15-hour entitlement,Childminders,4336,6300
2020,Reporting year,National,E92000001,England,3 and 4-year-olds,15-hour entitlement,All providers,48511,1271544
2020,Reporting year,National,E92000001,England,3 and 4-year-olds,15-hour entitlement,All providers excluding childminders,37550,1249864
2020,Reporting year,National,E92000001,England,3 and 4-year-olds,15-hour entitlement,Private and voluntary providers,18466,472096
2020,Reporting year,National,E92000001,England,3 and 4-year-olds,15-hour entitlement,Early years childcare providers,17161,444800
2020,Reporting year,National,E92000001,England,3 and 4-year-olds,15-hour entitlement,Sure start children's centre,305,6709
2020,Reporting year,National,E92000001,England,3 and 4-year-olds,15-hour entitlement,Other private or voluntary providers,1000,20587
2020,Reporting year,National,E92000001,England,3 and 4-year-olds,15-hour entitlement,Independent schools,807,25533
2020,Reporting year,National,E92000001,England,3 and 4-year-olds,15-hour entitlement,Local authority day nurseries,288,8408
2020,Reporting year,National,E92000001,England,3 and 4-year-olds,15-hour entitlement,Other,819,19353
2020,Reporting year,National,E92000001,England,3 and 4-year-olds,15-hour entitlement,State-funded governor-run,382,7911
2020,Reporting year,National,E92000001,England,3 and 4-year-olds,15-hour entitlement,Maintained nursery schools,389,32334
2020,Reporting year,National,E92000001,England,3 and 4-year-olds,15-hour entitlement,State-funded primary schools,15724,671536
2020,Reporting year,National,E92000001,England,3 and 4-year-olds,15-hour entitlement,State-funded secondary schools,151,8560
2020,Reporting year,National,E92000001,England,3 and 4-year-olds,15-hour entitlement,Special schools,524,4133
2020,Reporting year,National,E92000001,England,3 and 4-year-olds,15-hour entitlement,Childminders,10961,21680
2020,Reporting year,National,E92000001,England,3 and 4-year-olds,30-hour entitlement,All providers,36872,345704
2020,Reporting year,National,E92000001,England,3 and 4-year-olds,30-hour entitlement,All providers excluding childminders,24589,322359
2020,Reporting year,National,E92000001,England,3 and 4-year-olds,30-hour entitlement,Private and voluntary providers,17072,231304
2020,Reporting year,National,E92000001,England,3 and 4-year-olds,30-hour entitlement,Early years childcare providers,15824,218483
2020,Reporting year,National,E92000001,England,3 and 4-year-olds,30-hour entitlement,Sure start children's centre,269,2734
2020,Reporting year,National,E92000001,England,3 and 4-year-olds,30-hour entitlement,Other private or voluntary providers,979,10087
2020,Reporting year,National,E92000001,England,3 and 4-year-olds,30-hour entitlement,Independent schools,387,5011
2020,Reporting year,National,E92000001,England,3 and 4-year-olds,30-hour entitlement,Local authority day nurseries,247,3073
2020,Reporting year,National,E92000001,England,3 and 4-year-olds,30-hour entitlement,Other,730,7419
2020,Reporting year,National,E92000001,England,3 and 4-year-olds,30-hour entitlement,State-funded governor-run,352,3324
2020,Reporting year,National,E92000001,England,3 and 4-year-olds,30-hour entitlement,Maintained nursery schools,374,9895
2020,Reporting year,National,E92000001,England,3 and 4-year-olds,30-hour entitlement,State-funded primary schools,5364,61731
2020,Reporting year,National,E92000001,England,3 and 4-year-olds,30-hour entitlement,State-funded secondary schools,50,577
2020,Reporting year,National,E92000001,England,3 and 4-year-olds,30-hour entitlement,Special schools,13,25
2020,Reporting year,National,E92000001,England,3 and 4-year-olds,30-hour entitlement,Childminders,12283,23345
2019,Reporting year,National,E92000001,England,2-year-olds,15-hour entitlement,All providers,22637,148751
2019,Reporting year,National,E92000001,England,2-year-olds,15-hour entitlement,All providers excluding childminders,18260,142370
2019,Reporting year,National,E92000001,England,2-year-olds,15-hour entitlement,Private and voluntary providers,15708,112786
2019,Reporting year,National,E92000001,England,2-year-olds,15-hour entitlement,Day nurseries,9259,76685
2019,Reporting year,National,E92000001,England,2-year-olds,15-hour entitlement,Playgroups and pre-schools,5468,29018
2019,Reporting year,National,E92000001,England,2-year-olds,15-hour entitlement,Nurseries,426,2956
2019,Reporting year,National,E92000001,England,2-year-olds,15-hour entitlement,Family/combined/integrated centres,2,15
2019,Reporting year,National,E92000001,England,2-year-olds,15-hour entitlement,Sure start children's centre - main centre site,37,697
2019,Reporting year,National,E92000001,England,2-year-olds,15-hour entitlement,Sure start children's centre - linked provider,225,1243
2019,Reporting year,National,E92000001,England,2-year-olds,15-hour entitlement,Other private or voluntary providers,291,2172
2019,Reporting year,National,E92000001,England,2-year-olds,15-hour entitlement,Independent schools,126,820
2019,Reporting year,National,E92000001,England,2-year-olds,15-hour entitlement,Local authority day nurseries,347,5204
2019,Reporting year,National,E92000001,England,2-year-olds,15-hour entitlement,Other,417,3323
2019,Reporting year,National,E92000001,England,2-year-olds,15-hour entitlement,Maintained nursery schools,299,7498
2019,Reporting year,National,E92000001,England,2-year-olds,15-hour entitlement,State-funded primary schools,1282,12414
2019,Reporting year,National,E92000001,England,2-year-olds,15-hour entitlement,State-funded secondary schools,17,196
2019,Reporting year,National,E92000001,England,2-year-olds,15-hour entitlement,Special schools,64,129
2019,Reporting year,National,E92000001,England,2-year-olds,15-hour entitlement,Childminders,4377,6381
2019,Reporting year,National,E92000001,England,3 and 4-year-olds,15-hour entitlement,All providers,48111,1277137
2019,Reporting year,National,E92000001,England,3 and 4-year-olds,15-hour entitlement,All providers excluding childminders,37658,1256790
2019,Reporting year,National,E92000001,England,3 and 4-year-olds,15-hour entitlement,Private and voluntary providers,18883,480090
2019,Reporting year,National,E92000001,England,3 and 4-year-olds,15-hour entitlement,Day nurseries,10759,303424
2019,Reporting year,National,E92000001,England,3 and 4-year-olds,15-hour entitlement,Playgroups and pre-schools,6709,148169
2019,Reporting year,National,E92000001,England,3 and 4-year-olds,15-hour entitlement,Nurseries,609,15467
2019,Reporting year,National,E92000001,England,3 and 4-year-olds,15-hour entitlement,Family/combined/integrated centres,2,43
2019,Reporting year,National,E92000001,England,3 and 4-year-olds,15-hour entitlement,Sure start children's centre - main centre site,35,1237
2019,Reporting year,National,E92000001,England,3 and 4-year-olds,15-hour entitlement,Sure start children's centre - linked provider,288,5963
2019,Reporting year,National,E92000001,England,3 and 4-year-olds,15-hour entitlement,Other private or voluntary providers,481,5787
2019,Reporting year,National,E92000001,England,3 and 4-year-olds,15-hour entitlement,Independent schools,829,26700
2019,Reporting year,National,E92000001,England,3 and 4-year-olds,15-hour entitlement,Local authority day nurseries,407,10953
2019,Reporting year,National,E92000001,England,3 and 4-year-olds,15-hour entitlement,Other,779,16893
2019,Reporting year,National,E92000001,England,3 and 4-year-olds,15-hour entitlement,Maintained nursery schools,391,32603
2019,Reporting year,National,E92000001,England,3 and 4-year-olds,15-hour entitlement,State-funded primary schools,15688,676384
2019,Reporting year,National,E92000001,England,3 and 4-year-olds,15-hour entitlement,State-funded secondary schools,158,9151
2019,Reporting year,National,E92000001,England,3 and 4-year-olds,15-hour entitlement,Special schools,523,4016
2019,Reporting year,National,E92000001,England,3 and 4-year-olds,15-hour entitlement,Childminders,10453,20347
2019,Reporting year,National,E92000001,England,3 and 4-year-olds,30-hour entitlement,All providers,35841,328127
2019,Reporting year,National,E92000001,England,3 and 4-year-olds,30-hour entitlement,All providers excluding childminders,23864,305459
2019,Reporting year,National,E92000001,England,3 and 4-year-olds,30-hour entitlement,Private and voluntary providers,17107,224725
2019,Reporting year,National,E92000001,England,3 and 4-year-olds,30-hour entitlement,Day nurseries,10241,168267
2019,Reporting year,National,E92000001,England,3 and 4-year-olds,30-hour entitlement,Playgroups and pre-schools,5587,44850
2019,Reporting year,National,E92000001,England,3 and 4-year-olds,30-hour entitlement,Nurseries,498,6111
2019,Reporting year,National,E92000001,England,3 and 4-year-olds,30-hour entitlement,Family/combined/integrated centres,2,25
2019,Reporting year,National,E92000001,England,3 and 4-year-olds,30-hour entitlement,Sure start children's centre - main centre site,34,467
2019,Reporting year,National,E92000001,England,3 and 4-year-olds,30-hour entitlement,Sure start children's centre - linked provider,240,2081
2019,Reporting year,National,E92000001,England,3 and 4-year-olds,30-hour entitlement,Other private or voluntary providers,505,2924
2019,Reporting year,National,E92000001,England,3 and 4-year-olds,30-hour entitlement,Independent schools,380,4611
2019,Reporting year,National,E92000001,England,3 and 4-year-olds,30-hour entitlement,Local authority day nurseries,361,4013
2019,Reporting year,National,E92000001,England,3 and 4-year-olds,30-hour entitlement,Other,687,6750
2019,Reporting year,National,E92000001,England,3 and 4-year-olds,30-hour entitlement,Maintained nursery schools,375,9639
2019,Reporting year,National,E92000001,England,3 and 4-year-olds,30-hour entitlement,State-funded primary schools,4899,55150
2019,Reporting year,National,E92000001,England,3 and 4-year-olds,30-hour entitlement,State-funded secondary schools,45,544
2019,Reporting year,National,E92000001,England,3 and 4-year-olds,30-hour entitlement,Special schools,10,27
2019,Reporting year,National,E92000001,England,3 and 4-year-olds,30-hour entitlement,Childminders,11977,22668
2018,Reporting year,National,E92000001,England,2-year-olds,15-hour entitlement,All providers,22727,154962
2018,Reporting year,National,E92000001,England,2-year-olds,15-hour entitlement,All providers excluding childminders,18497,148781
2018,Reporting year,National,E92000001,England,2-year-olds,15-hour entitlement,Private and voluntary providers,15730,116717
2018,Reporting year,National,E92000001,England,2-year-olds,15-hour entitlement,Day nurseries,9134,78483
2018,Reporting year,National,E92000001,England,2-year-olds,15-hour entitlement,Playgroups and pre-schools,5606,30515
2018,Reporting year,National,E92000001,England,2-year-olds,15-hour entitlement,Nurseries,381,2660
2018,Reporting year,National,E92000001,England,2-year-olds,15-hour entitlement,Family/combined/integrated centres,7,134
2018,Reporting year,National,E92000001,England,2-year-olds,15-hour entitlement,Sure start children's centre - main centre site,41,727
2018,Reporting year,National,E92000001,England,2-year-olds,15-hour entitlement,Sure start children's centre - linked provider,298,2103
2018,Reporting year,National,E92000001,England,2-year-olds,15-hour entitlement,Other private or voluntary providers,263,2095
2018,Reporting year,National,E92000001,England,2-year-olds,15-hour entitlement,Independent schools,125,804
2018,Reporting year,National,E92000001,England,2-year-olds,15-hour entitlement,Local authority day nurseries,341,5643
2018,Reporting year,National,E92000001,England,2-year-olds,15-hour entitlement,Other,700,5458
2018,Reporting year,National,E92000001,England,2-year-olds,15-hour entitlement,Maintained nursery schools,292,7505
2018,Reporting year,National,E92000001,England,2-year-olds,15-hour entitlement,State-funded primary schools,1222,12295
2018,Reporting year,National,E92000001,England,2-year-olds,15-hour entitlement,State-funded secondary schools,15,239
2018,Reporting year,National,E92000001,England,2-year-olds,15-hour entitlement,Special schools,72,120
2018,Reporting year,National,E92000001,England,2-year-olds,15-hour entitlement,Childminders,4230,6181
2018,Reporting year,National,E92000001,England,3 and 4-year-olds,15-hour entitlement,All providers,47674,1284632
2018,Reporting year,National,E92000001,England,3 and 4-year-olds,15-hour entitlement,All providers excluding childminders,37941,1266444
2018,Reporting year,National,E92000001,England,3 and 4-year-olds,15-hour entitlement,Private and voluntary providers,18900,474158
2018,Reporting year,National,E92000001,England,3 and 4-year-olds,15-hour entitlement,Day nurseries,10587,294808
2018,Reporting year,National,E92000001,England,3 and 4-year-olds,15-hour entitlement,Playgroups and pre-schools,6914,150058
2018,Reporting year,National,E92000001,England,3 and 4-year-olds,15-hour entitlement,Nurseries,545,13752
2018,Reporting year,National,E92000001,England,3 and 4-year-olds,15-hour entitlement,Family/combined/integrated centres,8,118
2018,Reporting year,National,E92000001,England,3 and 4-year-olds,15-hour entitlement,Sure start children's centre - main centre site,38,1453
2018,Reporting year,National,E92000001,England,3 and 4-year-olds,15-hour entitlement,Sure start children's centre - linked provider,347,8288
2018,Reporting year,National,E92000001,England,3 and 4-year-olds,15-hour entitlement,Other private or voluntary providers,461,5681
2018,Reporting year,National,E92000001,England,3 and 4-year-olds,15-hour entitlement,Independent schools,810,26142
2018,Reporting year,National,E92000001,England,3 and 4-year-olds,15-hour entitlement,Local authority day nurseries,381,10246
2018,Reporting year,National,E92000001,England,3 and 4-year-olds,15-hour entitlement,Other,1128,24032
2018,Reporting year,National,E92000001,England,3 and 4-year-olds,15-hour entitlement,Maintained nursery schools,397,33473
2018,Reporting year,National,E92000001,England,3 and 4-year-olds,15-hour entitlement,State-funded primary schools,15660,684697
2018,Reporting year,National,E92000001,England,3 and 4-year-olds,15-hour entitlement,State-funded secondary schools,159,9584
2018,Reporting year,National,E92000001,England,3 and 4-year-olds,15-hour entitlement,Special schools,506,4112
2018,Reporting year,National,E92000001,England,3 and 4-year-olds,15-hour entitlement,Childminders,9733,18188
2018,Reporting year,National,E92000001,England,3 and 4-year-olds,30-hour entitlement,All providers,34251,296924
2018,Reporting year,National,E92000001,England,3 and 4-year-olds,30-hour entitlement,All providers excluding childminders,23027,276438
2018,Reporting year,National,E92000001,England,3 and 4-year-olds,30-hour entitlement,Private and voluntary providers,16740,207039
2018,Reporting year,National,E92000001,England,3 and 4-year-olds,30-hour entitlement,Day nurseries,9949,153399
2018,Reporting year,National,E92000001,England,3 and 4-year-olds,30-hour entitlement,Playgroups and pre-schools,5546,42006
2018,Reporting year,National,E92000001,England,3 and 4-year-olds,30-hour entitlement,Nurseries,418,5058
2018,Reporting year,National,E92000001,England,3 and 4-year-olds,30-hour entitlement,Family/combined/integrated centres,8,98
2018,Reporting year,National,E92000001,England,3 and 4-year-olds,30-hour entitlement,Sure start children's centre - main centre site,35,532
2018,Reporting year,National,E92000001,England,3 and 4-year-olds,30-hour entitlement,Sure start children's centre - linked provider,295,3176
2018,Reporting year,National,E92000001,England,3 and 4-year-olds,30-hour entitlement,Other private or voluntary providers,489,2770
2018,Reporting year,National,E92000001,England,3 and 4-year-olds,30-hour entitlement,Independent schools,336,3847
2018,Reporting year,National,E92000001,England,3 and 4-year-olds,30-hour entitlement,Local authority day nurseries,310,3291
2018,Reporting year,National,E92000001,England,3 and 4-year-olds,30-hour entitlement,Other,962,8082
2018,Reporting year,National,E92000001,England,3 and 4-year-olds,30-hour entitlement,Maintained nursery schools,375,8882
2018,Reporting year,National,E92000001,England,3 and 4-year-olds,30-hour entitlement,State-funded primary schools,4252,44803
2018,Reporting year,National,E92000001,England,3 and 4-year-olds,30-hour entitlement,State-funded secondary schools,39,470
2018,Reporting year,National,E92000001,England,3 and 4-year-olds,30-hour entitlement,Special schools,13,24
2018,Reporting year,National,E92000001,England,3 and 4-year-olds,30-hour entitlement,Childminders,11224,20486
