time_period,time_identifier,geographic_level,country_code,country_name,entitlement_type,age,early_years_pupil_premium,number_of_children_pp,percentage_of_children_pp
2022,Reporting year,National,E92000001,England,15-hour entitlement,3-year-olds,Total,79417,100
2022,Reporting year,National,E92000001,England,15-hour entitlement,3-year-olds,Economic criteria,71870,90
2022,Reporting year,National,E92000001,England,15-hour entitlement,3-year-olds,Other criteria,2518,3
2022,Reporting year,National,E92000001,England,15-hour entitlement,3-year-olds,Both criteria,1140,1
2022,Reporting year,National,E92000001,England,15-hour entitlement,3-year-olds,Unknown criteria,3889,5
2022,Reporting year,National,E92000001,England,15-hour entitlement,4-year-olds,Total,37050,100
2022,Reporting year,National,E92000001,England,15-hour entitlement,4-year-olds,Economic criteria,33451,90
2022,Reporting year,National,E92000001,England,15-hour entitlement,4-year-olds,Other criteria,1156,3
2022,Reporting year,National,E92000001,England,15-hour entitlement,4-year-olds,Both criteria,635,2
2022,Reporting year,National,E92000001,England,15-hour entitlement,4-year-olds,Unknown criteria,1808,5
2022,Reporting year,National,E92000001,England,15-hour entitlement,3 and 4-year-olds,Total,116467,100
2022,Reporting year,National,E92000001,England,15-hour entitlement,3 and 4-year-olds,Economic criteria,105321,90
2022,Reporting year,National,E92000001,England,15-hour entitlement,3 and 4-year-olds,Other criteria,3674,3
2022,Reporting year,National,E92000001,England,15-hour entitlement,3 and 4-year-olds,Both criteria,1775,2
2022,Reporting year,National,E92000001,England,15-hour entitlement,3 and 4-year-olds,Unknown criteria,5697,5
2021,Reporting year,National,E92000001,England,15-hour entitlement,3-year-olds,Total,74488,100
2021,Reporting year,National,E92000001,England,15-hour entitlement,3-year-olds,Economic criteria,64919,87
2021,Reporting year,National,E92000001,England,15-hour entitlement,3-year-olds,Other criteria,2446,3
2021,Reporting year,National,E92000001,England,15-hour entitlement,3-year-olds,Both criteria,1124,2
2021,Reporting year,National,E92000001,England,15-hour entitlement,3-year-olds,Unknown criteria,5999,8
2021,Reporting year,National,E92000001,England,15-hour entitlement,4-year-olds,Total,33353,100
2021,Reporting year,National,E92000001,England,15-hour entitlement,4-year-olds,Economic criteria,29709,89
2021,Reporting year,National,E92000001,England,15-hour entitlement,4-year-olds,Other criteria,1105,3
2021,Reporting year,National,E92000001,England,15-hour entitlement,4-year-olds,Both criteria,615,2
2021,Reporting year,National,E92000001,England,15-hour entitlement,4-year-olds,Unknown criteria,1924,6
2021,Reporting year,National,E92000001,England,15-hour entitlement,3 and 4-year-olds,Total,107841,100
2021,Reporting year,National,E92000001,England,15-hour entitlement,3 and 4-year-olds,Economic criteria,94628,88
2021,Reporting year,National,E92000001,England,15-hour entitlement,3 and 4-year-olds,Other criteria,3551,3
2021,Reporting year,National,E92000001,England,15-hour entitlement,3 and 4-year-olds,Both criteria,1739,2
2021,Reporting year,National,E92000001,England,15-hour entitlement,3 and 4-year-olds,Unknown criteria,7923,7
2020,Reporting year,National,E92000001,England,15-hour entitlement,3-year-olds,Total,69450,100
2020,Reporting year,National,E92000001,England,15-hour entitlement,3-year-olds,Economic criteria,58473,84
2020,Reporting year,National,E92000001,England,15-hour entitlement,3-year-olds,Other criteria,2583,4
2020,Reporting year,National,E92000001,England,15-hour entitlement,3-year-olds,Both criteria,989,1
2020,Reporting year,National,E92000001,England,15-hour entitlement,3-year-olds,Unknown criteria,7405,11
2020,Reporting year,National,E92000001,England,15-hour entitlement,4-year-olds,Total,32107,100
2020,Reporting year,National,E92000001,England,15-hour entitlement,4-year-olds,Economic criteria,28240,88
2020,Reporting year,National,E92000001,England,15-hour entitlement,4-year-olds,Other criteria,1142,4
2020,Reporting year,National,E92000001,England,15-hour entitlement,4-year-olds,Both criteria,555,2
2020,Reporting year,National,E92000001,England,15-hour entitlement,4-year-olds,Unknown criteria,2170,7
2020,Reporting year,National,E92000001,England,15-hour entitlement,3 and 4-year-olds,Total,101557,100
2020,Reporting year,National,E92000001,England,15-hour entitlement,3 and 4-year-olds,Economic criteria,86713,85
2020,Reporting year,National,E92000001,England,15-hour entitlement,3 and 4-year-olds,Other criteria,3725,4
2020,Reporting year,National,E92000001,England,15-hour entitlement,3 and 4-year-olds,Both criteria,1544,2
2020,Reporting year,National,E92000001,England,15-hour entitlement,3 and 4-year-olds,Unknown criteria,9575,9
2019,Reporting year,National,E92000001,England,15-hour entitlement,3-year-olds,Total,68317,100
2019,Reporting year,National,E92000001,England,15-hour entitlement,3-year-olds,Economic criteria,58516,86
2019,Reporting year,National,E92000001,England,15-hour entitlement,3-year-olds,Other criteria,2407,4
2019,Reporting year,National,E92000001,England,15-hour entitlement,3-year-olds,Both criteria,902,1
2019,Reporting year,National,E92000001,England,15-hour entitlement,3-year-olds,Unknown criteria,6492,10
2019,Reporting year,National,E92000001,England,15-hour entitlement,4-year-olds,Total,30862,100
2019,Reporting year,National,E92000001,England,15-hour entitlement,4-year-olds,Economic criteria,27219,88
2019,Reporting year,National,E92000001,England,15-hour entitlement,4-year-olds,Other criteria,1165,4
2019,Reporting year,National,E92000001,England,15-hour entitlement,4-year-olds,Both criteria,490,2
2019,Reporting year,National,E92000001,England,15-hour entitlement,4-year-olds,Unknown criteria,1988,6
2019,Reporting year,National,E92000001,England,15-hour entitlement,3 and 4-year-olds,Total,99179,100
2019,Reporting year,National,E92000001,England,15-hour entitlement,3 and 4-year-olds,Economic criteria,85735,86
2019,Reporting year,National,E92000001,England,15-hour entitlement,3 and 4-year-olds,Other criteria,3572,4
2019,Reporting year,National,E92000001,England,15-hour entitlement,3 and 4-year-olds,Both criteria,1392,1
2019,Reporting year,National,E92000001,England,15-hour entitlement,3 and 4-year-olds,Unknown criteria,8480,9
2018,Reporting year,National,E92000001,England,15-hour entitlement,3-year-olds,Total,65703,100
2018,Reporting year,National,E92000001,England,15-hour entitlement,3-year-olds,Economic criteria,60172,92
2018,Reporting year,National,E92000001,England,15-hour entitlement,3-year-olds,Other criteria,2246,3
2018,Reporting year,National,E92000001,England,15-hour entitlement,3-year-olds,Both criteria,913,1
2018,Reporting year,National,E92000001,England,15-hour entitlement,3-year-olds,Unknown criteria,2372,4
2018,Reporting year,National,E92000001,England,15-hour entitlement,4-year-olds,Total,28343,100
2018,Reporting year,National,E92000001,England,15-hour entitlement,4-year-olds,Economic criteria,25653,91
2018,Reporting year,National,E92000001,England,15-hour entitlement,4-year-olds,Other criteria,1127,4
2018,Reporting year,National,E92000001,England,15-hour entitlement,4-year-olds,Both criteria,549,2
2018,Reporting year,National,E92000001,England,15-hour entitlement,4-year-olds,Unknown criteria,1014,4
2018,Reporting year,National,E92000001,England,15-hour entitlement,3 and 4-year-olds,Total,94046,100
2018,Reporting year,National,E92000001,England,15-hour entitlement,3 and 4-year-olds,Economic criteria,85825,91
2018,Reporting year,National,E92000001,England,15-hour entitlement,3 and 4-year-olds,Other criteria,3373,4
2018,Reporting year,National,E92000001,England,15-hour entitlement,3 and 4-year-olds,Both criteria,1462,2
2018,Reporting year,National,E92000001,England,15-hour entitlement,3 and 4-year-olds,Unknown criteria,3386,4
