time_period,time_identifier,geographic_level,country_code,country_name,highest_qualification,provider_type,number_of_staff,percentage_of_staff
2022,Reporting year,National,E92000001,England,Total staff,"Private, voluntary, and independent providers",249263,z
2022,Reporting year,National,E92000001,England,Total staff,Private and voluntary providers,211813,z
2022,Reporting year,National,E92000001,England,Total staff,Early years childcare providers,208467,z
2022,Reporting year,National,E92000001,England,Total staff,Sure start children's centres,2399,z
2022,Reporting year,National,E92000001,England,Total staff,Other private or voluntary providers,947,z
2022,Reporting year,National,E92000001,England,Total staff,Independent schools,8875,z
2022,Reporting year,National,E92000001,England,Total staff,Local authority day nurseries,2601,z
2022,Reporting year,National,E92000001,England,Total staff,Other,956,z
2022,Reporting year,National,E92000001,England,Total staff,State-funded governor-run,5045,z
2022,Reporting year,National,E92000001,England,Total staff,Childminders,19973,z
2022,Reporting year,National,E92000001,England,Relevant EY level 2,"Private, voluntary, and independent providers",26402,11
2022,Reporting year,National,E92000001,England,Relevant EY level 2,Private and voluntary providers,22668,11
2022,Reporting year,National,E92000001,England,Relevant EY level 2,Early years childcare providers,22304,11
2022,Reporting year,National,E92000001,England,Relevant EY level 2,Sure start children's centres,234,10
2022,Reporting year,National,E92000001,England,Relevant EY level 2,Other private or voluntary providers,130,14
2022,Reporting year,National,E92000001,England,Relevant EY level 2,Independent schools,554,6
2022,Reporting year,National,E92000001,England,Relevant EY level 2,Local authority day nurseries,244,9
2022,Reporting year,National,E92000001,England,Relevant EY level 2,Other,90,9
2022,Reporting year,National,E92000001,England,Relevant EY level 2,State-funded governor-run,501,10
2022,Reporting year,National,E92000001,England,Relevant EY level 2,Childminders,2345,12
2022,Reporting year,National,E92000001,England,Relevant EY level 3,"Private, voluntary, and independent providers",153186,61
2022,Reporting year,National,E92000001,England,Relevant EY level 3,Private and voluntary providers,134181,63
2022,Reporting year,National,E92000001,England,Relevant EY level 3,Early years childcare providers,132113,63
2022,Reporting year,National,E92000001,England,Relevant EY level 3,Sure start children's centres,1598,67
2022,Reporting year,National,E92000001,England,Relevant EY level 3,Other private or voluntary providers,470,50
2022,Reporting year,National,E92000001,England,Relevant EY level 3,Independent schools,4088,46
2022,Reporting year,National,E92000001,England,Relevant EY level 3,Local authority day nurseries,1856,71
2022,Reporting year,National,E92000001,England,Relevant EY level 3,Other,669,70
2022,Reporting year,National,E92000001,England,Relevant EY level 3,State-funded governor-run,2583,51
2022,Reporting year,National,E92000001,England,Relevant EY level 3,Childminders,9809,49
2022,Reporting year,National,E92000001,England,Graduate status,"Private, voluntary, and independent providers",21891,9
2022,Reporting year,National,E92000001,England,Graduate status,Private and voluntary providers,15676,7
2022,Reporting year,National,E92000001,England,Graduate status,Early years childcare providers,15356,7
2022,Reporting year,National,E92000001,England,Graduate status,Sure start children's centres,191,8
2022,Reporting year,National,E92000001,England,Graduate status,Other private or voluntary providers,129,14
2022,Reporting year,National,E92000001,England,Graduate status,Independent schools,2680,30
2022,Reporting year,National,E92000001,England,Graduate status,Local authority day nurseries,262,10
2022,Reporting year,National,E92000001,England,Graduate status,Other,81,8
2022,Reporting year,National,E92000001,England,Graduate status,State-funded governor-run,874,17
2022,Reporting year,National,E92000001,England,Graduate status,Childminders,2318,12
2021,Reporting year,National,E92000001,England,Total staff,"Private, voluntary, and independent providers",243710,z
2021,Reporting year,National,E92000001,England,Total staff,Private and voluntary providers,205026,z
2021,Reporting year,National,E92000001,England,Total staff,Early years childcare providers,194145,z
2021,Reporting year,National,E92000001,England,Total staff,Sure start children's centres,2341,z
2021,Reporting year,National,E92000001,England,Total staff,Other private or voluntary providers,8540,z
2021,Reporting year,National,E92000001,England,Total staff,Independent schools,8871,z
2021,Reporting year,National,E92000001,England,Total staff,Local authority day nurseries,2277,z
2021,Reporting year,National,E92000001,England,Total staff,Other,1966,z
2021,Reporting year,National,E92000001,England,Total staff,State-funded governor-run,4663,z
2021,Reporting year,National,E92000001,England,Total staff,Childminders,20907,z
2021,Reporting year,National,E92000001,England,Relevant EY level 2,"Private, voluntary, and independent providers",25118,10
2021,Reporting year,National,E92000001,England,Relevant EY level 2,Private and voluntary providers,21302,10
2021,Reporting year,National,E92000001,England,Relevant EY level 2,Early years childcare providers,20391,11
2021,Reporting year,National,E92000001,England,Relevant EY level 2,Sure start children's centres,252,11
2021,Reporting year,National,E92000001,England,Relevant EY level 2,Other private or voluntary providers,659,8
2021,Reporting year,National,E92000001,England,Relevant EY level 2,Independent schools,561,6
2021,Reporting year,National,E92000001,England,Relevant EY level 2,Local authority day nurseries,212,9
2021,Reporting year,National,E92000001,England,Relevant EY level 2,Other,197,10
2021,Reporting year,National,E92000001,England,Relevant EY level 2,State-funded governor-run,474,10
2021,Reporting year,National,E92000001,England,Relevant EY level 2,Childminders,2372,11
2021,Reporting year,National,E92000001,England,Relevant EY level 3,"Private, voluntary, and independent providers",153442,63
2021,Reporting year,National,E92000001,England,Relevant EY level 3,Private and voluntary providers,134062,65
2021,Reporting year,National,E92000001,England,Relevant EY level 3,Early years childcare providers,127637,66
2021,Reporting year,National,E92000001,England,Relevant EY level 3,Sure start children's centres,1695,72
2021,Reporting year,National,E92000001,England,Relevant EY level 3,Other private or voluntary providers,4730,55
2021,Reporting year,National,E92000001,England,Relevant EY level 3,Independent schools,3942,44
2021,Reporting year,National,E92000001,England,Relevant EY level 3,Local authority day nurseries,1673,73
2021,Reporting year,National,E92000001,England,Relevant EY level 3,Other,1077,55
2021,Reporting year,National,E92000001,England,Relevant EY level 3,State-funded governor-run,2572,55
2021,Reporting year,National,E92000001,England,Relevant EY level 3,Childminders,10116,48
2021,Reporting year,National,E92000001,England,Graduate status,"Private, voluntary, and independent providers",21877,9
2021,Reporting year,National,E92000001,England,Graduate status,Private and voluntary providers,15476,8
2021,Reporting year,National,E92000001,England,Graduate status,Early years childcare providers,14540,7
2021,Reporting year,National,E92000001,England,Graduate status,Sure start children's centres,199,9
2021,Reporting year,National,E92000001,England,Graduate status,Other private or voluntary providers,737,9
2021,Reporting year,National,E92000001,England,Graduate status,Independent schools,2692,30
2021,Reporting year,National,E92000001,England,Graduate status,Local authority day nurseries,225,10
2021,Reporting year,National,E92000001,England,Graduate status,Other,202,10
2021,Reporting year,National,E92000001,England,Graduate status,State-funded governor-run,887,19
2021,Reporting year,National,E92000001,England,Graduate status,Childminders,2395,11
2020,Reporting year,National,E92000001,England,Total staff,"Private, voluntary, and independent providers",256379,z
2020,Reporting year,National,E92000001,England,Total staff,Private and voluntary providers,213223,z
2020,Reporting year,National,E92000001,England,Total staff,Early years childcare providers,201530,z
2020,Reporting year,National,E92000001,England,Total staff,Sure start children's centres,2487,z
2020,Reporting year,National,E92000001,England,Total staff,Other private or voluntary providers,9206,z
2020,Reporting year,National,E92000001,England,Total staff,Independent schools,8764,z
2020,Reporting year,National,E92000001,England,Total staff,Local authority day nurseries,3495,z
2020,Reporting year,National,E92000001,England,Total staff,Other,6448,z
2020,Reporting year,National,E92000001,England,Total staff,State-funded governor-run,2363,z
2020,Reporting year,National,E92000001,England,Total staff,Childminders,22086,z
2020,Reporting year,National,E92000001,England,Relevant EY level 2,"Private, voluntary, and independent providers",27713,11
2020,Reporting year,National,E92000001,England,Relevant EY level 2,Private and voluntary providers,23373,11
2020,Reporting year,National,E92000001,England,Relevant EY level 2,Early years childcare providers,22347,11
2020,Reporting year,National,E92000001,England,Relevant EY level 2,Sure start children's centres,266,11
2020,Reporting year,National,E92000001,England,Relevant EY level 2,Other private or voluntary providers,760,8
2020,Reporting year,National,E92000001,England,Relevant EY level 2,Independent schools,579,7
2020,Reporting year,National,E92000001,England,Relevant EY level 2,Local authority day nurseries,319,9
2020,Reporting year,National,E92000001,England,Relevant EY level 2,Other,843,13
2020,Reporting year,National,E92000001,England,Relevant EY level 2,State-funded governor-run,230,10
2020,Reporting year,National,E92000001,England,Relevant EY level 2,Childminders,2369,11
2020,Reporting year,National,E92000001,England,Relevant EY level 3,"Private, voluntary, and independent providers",160749,63
2020,Reporting year,National,E92000001,England,Relevant EY level 3,Private and voluntary providers,138528,65
2020,Reporting year,National,E92000001,England,Relevant EY level 3,Early years childcare providers,131298,65
2020,Reporting year,National,E92000001,England,Relevant EY level 3,Sure start children's centres,1764,71
2020,Reporting year,National,E92000001,England,Relevant EY level 3,Other private or voluntary providers,5466,59
2020,Reporting year,National,E92000001,England,Relevant EY level 3,Independent schools,4003,46
2020,Reporting year,National,E92000001,England,Relevant EY level 3,Local authority day nurseries,2478,71
2020,Reporting year,National,E92000001,England,Relevant EY level 3,Other,3755,58
2020,Reporting year,National,E92000001,England,Relevant EY level 3,State-funded governor-run,1404,59
2020,Reporting year,National,E92000001,England,Relevant EY level 3,Childminders,10581,48
2020,Reporting year,National,E92000001,England,Graduate status,"Private, voluntary, and independent providers",23075,9
2020,Reporting year,National,E92000001,England,Graduate status,Private and voluntary providers,16160,8
2020,Reporting year,National,E92000001,England,Graduate status,Early years childcare providers,15129,8
2020,Reporting year,National,E92000001,England,Graduate status,Sure start children's centres,171,7
2020,Reporting year,National,E92000001,England,Graduate status,Other private or voluntary providers,860,9
2020,Reporting year,National,E92000001,England,Graduate status,Independent schools,2720,31
2020,Reporting year,National,E92000001,England,Graduate status,Local authority day nurseries,353,10
2020,Reporting year,National,E92000001,England,Graduate status,Other,912,14
2020,Reporting year,National,E92000001,England,Graduate status,State-funded governor-run,472,20
2020,Reporting year,National,E92000001,England,Graduate status,Childminders,2458,11
2019,Reporting year,National,E92000001,England,Total staff,"Private, voluntary, and independent providers",261919,z
2019,Reporting year,National,E92000001,England,Total staff,Private and voluntary providers,219840,z
2019,Reporting year,National,E92000001,England,Total staff,Day nurseries,158342,z
2019,Reporting year,National,E92000001,England,Total staff,Playgroups and pre-schools,48774,z
2019,Reporting year,National,E92000001,England,Total staff,Nurseries,6884,z
2019,Reporting year,National,E92000001,England,Total staff,Family/combined/integrated centres,28,z
2019,Reporting year,National,E92000001,England,Total staff,Sure start children's centres - main centre site,524,z
2019,Reporting year,National,E92000001,England,Total staff,Sure start children's centres - linked provider,1998,z
2019,Reporting year,National,E92000001,England,Total staff,Other private or voluntary providers,3290,z
2019,Reporting year,National,E92000001,England,Total staff,Independent schools,9606,z
2019,Reporting year,National,E92000001,England,Total staff,Local authority day nurseries,4567,z
2019,Reporting year,National,E92000001,England,Total staff,Other,5544,z
2019,Reporting year,National,E92000001,England,Total staff,Childminders,22362,z
2019,Reporting year,National,E92000001,England,Relevant EY level 2,"Private, voluntary, and independent providers",29234,11
2019,Reporting year,National,E92000001,England,Relevant EY level 2,Private and voluntary providers,25183,11
2019,Reporting year,National,E92000001,England,Relevant EY level 2,Day nurseries,18342,12
2019,Reporting year,National,E92000001,England,Relevant EY level 2,Playgroups and pre-schools,5481,11
2019,Reporting year,National,E92000001,England,Relevant EY level 2,Nurseries,748,11
2019,Reporting year,National,E92000001,England,Relevant EY level 2,Family/combined/integrated centres,5,18
2019,Reporting year,National,E92000001,England,Relevant EY level 2,Sure start children's centres - main centre site,34,6
2019,Reporting year,National,E92000001,England,Relevant EY level 2,Sure start children's centres - linked provider,218,11
2019,Reporting year,National,E92000001,England,Relevant EY level 2,Other private or voluntary providers,355,11
2019,Reporting year,National,E92000001,England,Relevant EY level 2,Independent schools,679,7
2019,Reporting year,National,E92000001,England,Relevant EY level 2,Local authority day nurseries,460,10
2019,Reporting year,National,E92000001,England,Relevant EY level 2,Other,539,10
2019,Reporting year,National,E92000001,England,Relevant EY level 2,Childminders,2373,11
2019,Reporting year,National,E92000001,England,Relevant EY level 3,"Private, voluntary, and independent providers",163795,63
2019,Reporting year,National,E92000001,England,Relevant EY level 3,Private and voluntary providers,142664,65
2019,Reporting year,National,E92000001,England,Relevant EY level 3,Day nurseries,102345,65
2019,Reporting year,National,E92000001,England,Relevant EY level 3,Playgroups and pre-schools,32060,66
2019,Reporting year,National,E92000001,England,Relevant EY level 3,Nurseries,4363,63
2019,Reporting year,National,E92000001,England,Relevant EY level 3,Family/combined/integrated centres,19,68
2019,Reporting year,National,E92000001,England,Relevant EY level 3,Sure start children's centres - main centre site,392,75
2019,Reporting year,National,E92000001,England,Relevant EY level 3,Sure start children's centres - linked provider,1396,70
2019,Reporting year,National,E92000001,England,Relevant EY level 3,Other private or voluntary providers,2089,63
2019,Reporting year,National,E92000001,England,Relevant EY level 3,Independent schools,4304,45
2019,Reporting year,National,E92000001,England,Relevant EY level 3,Local authority day nurseries,3064,67
2019,Reporting year,National,E92000001,England,Relevant EY level 3,Other,3319,60
2019,Reporting year,National,E92000001,England,Relevant EY level 3,Childminders,10444,47
2019,Reporting year,National,E92000001,England,Graduate status,"Private, voluntary, and independent providers",22523,9
2019,Reporting year,National,E92000001,England,Graduate status,Private and voluntary providers,16095,7
2019,Reporting year,National,E92000001,England,Graduate status,Day nurseries,10954,7
2019,Reporting year,National,E92000001,England,Graduate status,Playgroups and pre-schools,3901,8
2019,Reporting year,National,E92000001,England,Graduate status,Nurseries,752,11
2019,Reporting year,National,E92000001,England,Graduate status,Family/combined/integrated centres,1,4
2019,Reporting year,National,E92000001,England,Graduate status,Sure start children's centres - main centre site,37,7
2019,Reporting year,National,E92000001,England,Graduate status,Sure start children's centres - linked provider,157,8
2019,Reporting year,National,E92000001,England,Graduate status,Other private or voluntary providers,293,9
2019,Reporting year,National,E92000001,England,Graduate status,Independent schools,2683,28
2019,Reporting year,National,E92000001,England,Graduate status,Local authority day nurseries,533,12
2019,Reporting year,National,E92000001,England,Graduate status,Other,896,16
2019,Reporting year,National,E92000001,England,Graduate status,Childminders,2316,10
2018,Reporting year,National,E92000001,England,Total staff,"Private, voluntary, and independent providers",254361,z
2018,Reporting year,National,E92000001,England,Total staff,Private and voluntary providers,211221,z
2018,Reporting year,National,E92000001,England,Total staff,Day nurseries,149751,z
2018,Reporting year,National,E92000001,England,Total staff,Playgroups and pre-schools,48227,z
2018,Reporting year,National,E92000001,England,Total staff,Nurseries,6192,z
2018,Reporting year,National,E92000001,England,Total staff,Family/combined/integrated centres,108,z
2018,Reporting year,National,E92000001,England,Total staff,Sure start children's centres - main centre site,604,z
2018,Reporting year,National,E92000001,England,Total staff,Sure start children's centres - linked provider,3031,z
2018,Reporting year,National,E92000001,England,Total staff,Other private or voluntary providers,3308,z
2018,Reporting year,National,E92000001,England,Total staff,Independent schools,9287,z
2018,Reporting year,National,E92000001,England,Total staff,Local authority day nurseries,4095,z
2018,Reporting year,National,E92000001,England,Total staff,Other,8996,z
2018,Reporting year,National,E92000001,England,Total staff,Childminders,20762,z
2018,Reporting year,National,E92000001,England,Relevant EY level 2,"Private, voluntary, and independent providers",31016,12
2018,Reporting year,National,E92000001,England,Relevant EY level 2,Private and voluntary providers,26239,12
2018,Reporting year,National,E92000001,England,Relevant EY level 2,Day nurseries,18677,12
2018,Reporting year,National,E92000001,England,Relevant EY level 2,Playgroups and pre-schools,5985,12
2018,Reporting year,National,E92000001,England,Relevant EY level 2,Nurseries,707,11
2018,Reporting year,National,E92000001,England,Relevant EY level 2,Family/combined/integrated centres,6,6
2018,Reporting year,National,E92000001,England,Relevant EY level 2,Sure start children's centres - main centre site,52,9
2018,Reporting year,National,E92000001,England,Relevant EY level 2,Sure start children's centres - linked provider,333,11
2018,Reporting year,National,E92000001,England,Relevant EY level 2,Other private or voluntary providers,479,14
2018,Reporting year,National,E92000001,England,Relevant EY level 2,Independent schools,719,8
2018,Reporting year,National,E92000001,England,Relevant EY level 2,Local authority day nurseries,485,12
2018,Reporting year,National,E92000001,England,Relevant EY level 2,Other,1229,14
2018,Reporting year,National,E92000001,England,Relevant EY level 2,Childminders,2344,11
2018,Reporting year,National,E92000001,England,Relevant EY level 3,"Private, voluntary, and independent providers",160959,63
2018,Reporting year,National,E92000001,England,Relevant EY level 3,Private and voluntary providers,139192,66
2018,Reporting year,National,E92000001,England,Relevant EY level 3,Day nurseries,98543,66
2018,Reporting year,National,E92000001,England,Relevant EY level 3,Playgroups and pre-schools,32276,67
2018,Reporting year,National,E92000001,England,Relevant EY level 3,Nurseries,3919,63
2018,Reporting year,National,E92000001,England,Relevant EY level 3,Family/combined/integrated centres,85,79
2018,Reporting year,National,E92000001,England,Relevant EY level 3,Sure start children's centres - main centre site,430,71
2018,Reporting year,National,E92000001,England,Relevant EY level 3,Sure start children's centres - linked provider,1899,63
2018,Reporting year,National,E92000001,England,Relevant EY level 3,Other private or voluntary providers,2040,62
2018,Reporting year,National,E92000001,England,Relevant EY level 3,Independent schools,4081,44
2018,Reporting year,National,E92000001,England,Relevant EY level 3,Local authority day nurseries,2796,68
2018,Reporting year,National,E92000001,England,Relevant EY level 3,Other,5397,60
2018,Reporting year,National,E92000001,England,Relevant EY level 3,Childminders,9493,46
2018,Reporting year,National,E92000001,England,Graduate status,"Private, voluntary, and independent providers",22249,9
2018,Reporting year,National,E92000001,England,Graduate status,Private and voluntary providers,15636,7
2018,Reporting year,National,E92000001,England,Graduate status,Day nurseries,10496,7
2018,Reporting year,National,E92000001,England,Graduate status,Playgroups and pre-schools,3966,8
2018,Reporting year,National,E92000001,England,Graduate status,Nurseries,654,11
2018,Reporting year,National,E92000001,England,Graduate status,Family/combined/integrated centres,9,8
2018,Reporting year,National,E92000001,England,Graduate status,Sure start children's centres - main centre site,43,7
2018,Reporting year,National,E92000001,England,Graduate status,Sure start children's centres - linked provider,207,7
2018,Reporting year,National,E92000001,England,Graduate status,Other private or voluntary providers,261,8
2018,Reporting year,National,E92000001,England,Graduate status,Independent schools,2762,30
2018,Reporting year,National,E92000001,England,Graduate status,Local authority day nurseries,438,11
2018,Reporting year,National,E92000001,England,Graduate status,Other,1294,14
2018,Reporting year,National,E92000001,England,Graduate status,Childminders,2119,10
