﻿time_period,time_identifier,geographic_level,country_code,country_name,age,entitlement_type,type_of_provider,number_of_providers
2022,Reporting year,National,E92000001,England,2-year-olds,15-hour entitlement,All providers,22074
2022,Reporting year,National,E92000001,England,2-year-olds,15-hour entitlement,Childminders,4137
2022,Reporting year,National,E92000001,England,2-year-olds,15-hour entitlement,"Private, voluntary, and independent providers (excluding childminders)",16040
2022,Reporting year,National,E92000001,England,2-year-olds,15-hour entitlement,State-funded schools,1897
2022,Reporting year,National,E92000001,England,3 and 4-year-olds,15-hour entitlement,All providers,47121
2022,Reporting year,National,E92000001,England,3 and 4-year-olds,15-hour entitlement,Childminders,10080
2022,Reporting year,National,E92000001,England,3 and 4-year-olds,15-hour entitlement,"Private, voluntary, and independent providers (excluding childminders)",20232
2022,Reporting year,National,E92000001,England,3 and 4-year-olds,15-hour entitlement,State-funded schools,16809
2022,Reporting year,National,E92000001,England,3 and 4-year-olds,30-hour entitlement,All providers,35804
2022,Reporting year,National,E92000001,England,3 and 4-year-olds,30-hour entitlement,Childminders,10813
2022,Reporting year,National,E92000001,England,3 and 4-year-olds,30-hour entitlement,"Private, voluntary, and independent providers (excluding childminders)",18563
2022,Reporting year,National,E92000001,England,3 and 4-year-olds,30-hour entitlement,State-funded schools,6428
2021,Reporting year,National,E92000001,England,2-year-olds,15-hour entitlement,All providers,21856
2021,Reporting year,National,E92000001,England,2-year-olds,15-hour entitlement,Childminders,4203
2021,Reporting year,National,E92000001,England,2-year-olds,15-hour entitlement,"Private, voluntary, and independent providers (excluding childminders)",15911
2021,Reporting year,National,E92000001,England,2-year-olds,15-hour entitlement,State-funded schools,1742
2021,Reporting year,National,E92000001,England,3 and 4-year-olds,15-hour entitlement,All providers,48334
2021,Reporting year,National,E92000001,England,3 and 4-year-olds,15-hour entitlement,Childminders,11095
2021,Reporting year,National,E92000001,England,3 and 4-year-olds,15-hour entitlement,"Private, voluntary, and independent providers (excluding childminders)",20450
2021,Reporting year,National,E92000001,England,3 and 4-year-olds,15-hour entitlement,State-funded schools,16789
2021,Reporting year,National,E92000001,England,3 and 4-year-olds,30-hour entitlement,All providers,35870
2021,Reporting year,National,E92000001,England,3 and 4-year-olds,30-hour entitlement,Childminders,11450
2021,Reporting year,National,E92000001,England,3 and 4-year-olds,30-hour entitlement,"Private, voluntary, and independent providers (excluding childminders)",18399
2021,Reporting year,National,E92000001,England,3 and 4-year-olds,30-hour entitlement,State-funded schools,6021
2020,Reporting year,National,E92000001,England,2-year-olds,15-hour entitlement,All providers,22475
2020,Reporting year,National,E92000001,England,2-year-olds,15-hour entitlement,Childminders,4336
2020,Reporting year,National,E92000001,England,2-year-olds,15-hour entitlement,"Private, voluntary, and independent providers (excluding childminders)",16405
2020,Reporting year,National,E92000001,England,2-year-olds,15-hour entitlement,State-funded schools,1734
2020,Reporting year,National,E92000001,England,3 and 4-year-olds,15-hour entitlement,All providers,48511
2020,Reporting year,National,E92000001,England,3 and 4-year-olds,15-hour entitlement,Childminders,10961
2020,Reporting year,National,E92000001,England,3 and 4-year-olds,15-hour entitlement,"Private, voluntary, and independent providers (excluding childminders)",20762
2020,Reporting year,National,E92000001,England,3 and 4-year-olds,15-hour entitlement,State-funded schools,16788
2020,Reporting year,National,E92000001,England,3 and 4-year-olds,30-hour entitlement,All providers,36872
2020,Reporting year,National,E92000001,England,3 and 4-year-olds,30-hour entitlement,Childminders,12283
2020,Reporting year,National,E92000001,England,3 and 4-year-olds,30-hour entitlement,"Private, voluntary, and independent providers (excluding childminders)",18788
2020,Reporting year,National,E92000001,England,3 and 4-year-olds,30-hour entitlement,State-funded schools,5801
