﻿time_period,time_identifier,geographic_level,country_code,country_name,age_entitlement,provider_type,measure_type,measure,annual_change
2022,Reporting year,National,E92000001,England,2-year-olds,All providers,Number registered,135410,10867
2022,Reporting year,National,E92000001,England,3 and 4-year-olds,All providers,Number registered,1212234,243
2021,Reporting year,National,E92000001,England,2-year-olds,All providers,Number registered,124543,-18896
2021,Reporting year,National,E92000001,England,3 and 4-year-olds,All providers,Number registered,1211991,-59553
2020,Reporting year,National,E92000001,England,2-year-olds,All providers,Number registered,143439,-5312
2020,Reporting year,National,E92000001,England,3 and 4-year-olds,All providers,Number registered,1271544,-5593
2019,Reporting year,National,E92000001,England,2-year-olds,All providers,Number registered,148751,-6211
2019,Reporting year,National,E92000001,England,3 and 4-year-olds,All providers,Number registered,1277137,-7495
2018,Reporting year,National,E92000001,England,2-year-olds,All providers,Number registered,154962,x
2018,Reporting year,National,E92000001,England,3 and 4-year-olds,All providers,Number registered,1284632,x
2022,Reporting year,National,E92000001,England,2-year-olds,All providers,Estimated eligible population,188318,-13244
2022,Reporting year,National,E92000001,England,3 and 4-year-olds,All providers,Eligible population,1314016,-37094
2021,Reporting year,National,E92000001,England,2-year-olds,All providers,Estimated eligible population,201562,-5830
2021,Reporting year,National,E92000001,England,3 and 4-year-olds,All providers,Eligible population,1351110,-17140
2020,Reporting year,National,E92000001,England,2-year-olds,All providers,Estimated eligible population,207392,-11924
2020,Reporting year,National,E92000001,England,3 and 4-year-olds,All providers,Eligible population,1368250,156
2019,Reporting year,National,E92000001,England,2-year-olds,All providers,Estimated eligible population,219316,3437
2019,Reporting year,National,E92000001,England,3 and 4-year-olds,All providers,Eligible population,1368094,613
2018,Reporting year,National,E92000001,England,2-year-olds,All providers,Estimated eligible population,215879,x
2018,Reporting year,National,E92000001,England,3 and 4-year-olds,All providers,Eligible population,1367481,x
2022,Reporting year,National,E92000001,England,2-year-olds,All providers,Estimated percentage of eligible population,72,10
2022,Reporting year,National,E92000001,England,3 and 4-year-olds,All providers,Percentage of eligible population,92,2
2021,Reporting year,National,E92000001,England,2-year-olds,All providers,Estimated percentage of eligible population,62,-7
2021,Reporting year,National,E92000001,England,3 and 4-year-olds,All providers,Percentage of eligible population,90,-3
2020,Reporting year,National,E92000001,England,2-year-olds,All providers,Estimated percentage of eligible population,69,1
2020,Reporting year,National,E92000001,England,3 and 4-year-olds,All providers,Percentage of eligible population,93,0
2019,Reporting year,National,E92000001,England,2-year-olds,All providers,Estimated percentage of eligible population,68,-4
2019,Reporting year,National,E92000001,England,3 and 4-year-olds,All providers,Percentage of eligible population,93,-1
2018,Reporting year,National,E92000001,England,2-year-olds,All providers,Estimated percentage of eligible population,72,x
2018,Reporting year,National,E92000001,England,3 and 4-year-olds,All providers,Percentage of eligible population,94,x
