﻿time_period,time_identifier,geographic_level,country_code,country_name,age,entitlement_type,ofsted_inspection,percentage_of_children
2022,Reporting year,National,E92000001,England,2-year-olds,15-hour entitlement,Outstanding,21
2022,Reporting year,National,E92000001,England,2-year-olds,15-hour entitlement,Good,75
2022,Reporting year,National,E92000001,England,2-year-olds,15-hour entitlement,Requires improvement,3
2022,Reporting year,National,E92000001,England,2-year-olds,15-hour entitlement,Inadequate,1
2022,Reporting year,National,E92000001,England,3 and 4-year-olds,15-hour entitlement,Outstanding,23
2022,Reporting year,National,E92000001,England,3 and 4-year-olds,15-hour entitlement,Good,70
2022,Reporting year,National,E92000001,England,3 and 4-year-olds,15-hour entitlement,Requires improvement,6
2022,Reporting year,National,E92000001,England,3 and 4-year-olds,15-hour entitlement,Inadequate,2
2022,Reporting year,National,E92000001,England,3 and 4-year-olds,30-hour entitlement,Outstanding,25
2022,Reporting year,National,E92000001,England,3 and 4-year-olds,30-hour entitlement,Good,71
2022,Reporting year,National,E92000001,England,3 and 4-year-olds,30-hour entitlement,Requires improvement,3
2022,Reporting year,National,E92000001,England,3 and 4-year-olds,30-hour entitlement,Inadequate,1
2021,Reporting year,National,E92000001,England,2-year-olds,15-hour entitlement,Outstanding,22
2021,Reporting year,National,E92000001,England,2-year-olds,15-hour entitlement,Good,75
2021,Reporting year,National,E92000001,England,2-year-olds,15-hour entitlement,Requires Improvement,2
2021,Reporting year,National,E92000001,England,2-year-olds,15-hour entitlement,Inadequate,1
2021,Reporting year,National,E92000001,England,3 and 4-year-olds,15-hour entitlement,Outstanding,24
2021,Reporting year,National,E92000001,England,3 and 4-year-olds,15-hour entitlement,Good,69
2021,Reporting year,National,E92000001,England,3 and 4-year-olds,15-hour entitlement,Requires Improvement,6
2021,Reporting year,National,E92000001,England,3 and 4-year-olds,15-hour entitlement,Inadequate,2
2021,Reporting year,National,E92000001,England,3 and 4-year-olds,30-hour entitlement,Outstanding,27
2021,Reporting year,National,E92000001,England,3 and 4-year-olds,30-hour entitlement,Good,69
2021,Reporting year,National,E92000001,England,3 and 4-year-olds,30-hour entitlement,Requires Improvement,3
2021,Reporting year,National,E92000001,England,3 and 4-year-olds,30-hour entitlement,Inadequate,1
2020,Reporting year,National,E92000001,England,2-year-olds,15-hour entitlement,Outstanding,23
2020,Reporting year,National,E92000001,England,2-year-olds,15-hour entitlement,Good,74
2020,Reporting year,National,E92000001,England,2-year-olds,15-hour entitlement,Requires Improvement,3
2020,Reporting year,National,E92000001,England,2-year-olds,15-hour entitlement,Inadequate,1
2020,Reporting year,National,E92000001,England,3 and 4-year-olds,15-hour entitlement,Outstanding,24
2020,Reporting year,National,E92000001,England,3 and 4-year-olds,15-hour entitlement,Good,68
2020,Reporting year,National,E92000001,England,3 and 4-year-olds,15-hour entitlement,Requires Improvement,6
2020,Reporting year,National,E92000001,England,3 and 4-year-olds,15-hour entitlement,Inadequate,2
2020,Reporting year,National,E92000001,England,3 and 4-year-olds,30-hour entitlement,Outstanding,27
2020,Reporting year,National,E92000001,England,3 and 4-year-olds,30-hour entitlement,Good,69
2020,Reporting year,National,E92000001,England,3 and 4-year-olds,30-hour entitlement,Requires Improvement,3
2020,Reporting year,National,E92000001,England,3 and 4-year-olds,30-hour entitlement,Inadequate,1
2019,Reporting year,National,E92000001,England,2-year-olds,15-hour entitlement,Outstanding,24
2019,Reporting year,National,E92000001,England,2-year-olds,15-hour entitlement,Good,71
2019,Reporting year,National,E92000001,England,2-year-olds,15-hour entitlement,Requires Improvement,3
2019,Reporting year,National,E92000001,England,2-year-olds,15-hour entitlement,Inadequate,1
2019,Reporting year,National,E92000001,England,3 and 4-year-olds,15-hour entitlement,Outstanding,26
2019,Reporting year,National,E92000001,England,3 and 4-year-olds,15-hour entitlement,Good,66
2019,Reporting year,National,E92000001,England,3 and 4-year-olds,15-hour entitlement,Requires Improvement,7
2019,Reporting year,National,E92000001,England,3 and 4-year-olds,15-hour entitlement,Inadequate,2
2019,Reporting year,National,E92000001,England,3 and 4-year-olds,30-hour entitlement,Outstanding,29
2019,Reporting year,National,E92000001,England,3 and 4-year-olds,30-hour entitlement,Good,66
2019,Reporting year,National,E92000001,England,3 and 4-year-olds,30-hour entitlement,Requires Improvement,3
2019,Reporting year,National,E92000001,England,3 and 4-year-olds,30-hour entitlement,Inadequate,1
2018,Reporting year,National,E92000001,England,2-year-olds,15-hour entitlement,Outstanding,23
2018,Reporting year,National,E92000001,England,2-year-olds,15-hour entitlement,Good,72
2018,Reporting year,National,E92000001,England,2-year-olds,15-hour entitlement,Requires Improvement,4
2018,Reporting year,National,E92000001,England,2-year-olds,15-hour entitlement,Inadequate,1
2018,Reporting year,National,E92000001,England,3 and 4-year-olds,15-hour entitlement,Outstanding,26
2018,Reporting year,National,E92000001,England,3 and 4-year-olds,15-hour entitlement,Good,67
2018,Reporting year,National,E92000001,England,3 and 4-year-olds,15-hour entitlement,Requires Improvement,6
2018,Reporting year,National,E92000001,England,3 and 4-year-olds,15-hour entitlement,Inadequate,1
2018,Reporting year,National,E92000001,England,3 and 4-year-olds,30-hour entitlement,Outstanding,29
2018,Reporting year,National,E92000001,England,3 and 4-year-olds,30-hour entitlement,Good,67
2018,Reporting year,National,E92000001,England,3 and 4-year-olds,30-hour entitlement,Requires Improvement,3
2018,Reporting year,National,E92000001,England,3 and 4-year-olds,30-hour entitlement,Inadequate,1
