﻿time_period,time_identifier,geographic_level,country_code,country_name,age_entitlement,provider_type,number_of_children
2022,Reporting year,National,E92000001,England,"2-year-olds, 15-hour entitlement",Childminders,6235
2022,Reporting year,National,E92000001,England,"2-year-olds, 15-hour entitlement","Private, voluntary, and independent providers (excluding childminders)",109554
2022,Reporting year,National,E92000001,England,"2-year-olds, 15-hour entitlement",State-funded schools,19618
2022,Reporting year,National,E92000001,England,"3 and 4-year-olds, 15-hour entitlement",Childminders,20762
2022,Reporting year,National,E92000001,England,"3 and 4-year-olds, 15-hour entitlement","Private, voluntary, and independent providers (excluding childminders)",506034
2022,Reporting year,National,E92000001,England,"3 and 4-year-olds, reception",State-funded schools,402694
2022,Reporting year,National,E92000001,England,"3 and 4-year-olds, 15-hour entitlement",State-funded schools,282716
2022,Reporting year,National,E92000001,England,"3 and 4-year-olds, 30-hour entitlement",Childminders,20772
2022,Reporting year,National,E92000001,England,"3 and 4-year-olds, 30-hour entitlement","Private, voluntary, and independent providers (excluding childminders)",249587
2022,Reporting year,National,E92000001,England,"3 and 4-year-olds, 30-hour entitlement",State-funded schools,77767
