time_period,time_identifier,version,geographic_level,country_code,country_name,school_characteristic,subject,qualification_type,grade,number_achieving
202122,Academic year,Provisional,National,E92000001,England,Alternative Provision,Any classical study,GCSE,Total exam entries,8
202122,Academic year,Provisional,National,E92000001,England,Alternative Provision,Any classical study,GCSE,9,0
202122,Academic year,Provisional,National,E92000001,England,Alternative Provision,Any classical study,GCSE,8,1
202122,Academic year,Provisional,National,E92000001,England,Alternative Provision,Any classical study,GCSE,7,0
202122,Academic year,Provisional,National,E92000001,England,Alternative Provision,Any classical study,GCSE,6,0
202122,Academic year,Provisional,National,E92000001,England,Alternative Provision,Any classical study,GCSE,5,1
202122,Academic year,Provisional,National,E92000001,England,Alternative Provision,Any classical study,GCSE,4,2
202122,Academic year,Provisional,National,E92000001,England,Alternative Provision,Any classical study,GCSE,3,1
202122,Academic year,Provisional,National,E92000001,England,Alternative Provision,Any classical study,GCSE,2,1
202122,Academic year,Provisional,National,E92000001,England,Alternative Provision,Any classical study,GCSE,1,1
202122,Academic year,Provisional,National,E92000001,England,Alternative Provision,Any classical study,GCSE,U,1
202122,Academic year,Provisional,National,E92000001,England,Alternative Provision,Any classical study,GCSE,X,0
202122,Academic year,Provisional,National,E92000001,England,Alternative Provision,Any design & technology,GCSE,Total exam entries,159
202122,Academic year,Provisional,National,E92000001,England,Alternative Provision,Any design & technology,GCSE,9,0
202122,Academic year,Provisional,National,E92000001,England,Alternative Provision,Any design & technology,GCSE,8,0
202122,Academic year,Provisional,National,E92000001,England,Alternative Provision,Any design & technology,GCSE,7,2
202122,Academic year,Provisional,National,E92000001,England,Alternative Provision,Any design & technology,GCSE,6,7
202122,Academic year,Provisional,National,E92000001,England,Alternative Provision,Any design & technology,GCSE,5,11
202122,Academic year,Provisional,National,E92000001,England,Alternative Provision,Any design & technology,GCSE,4,23
202122,Academic year,Provisional,National,E92000001,England,Alternative Provision,Any design & technology,GCSE,3,44
202122,Academic year,Provisional,National,E92000001,England,Alternative Provision,Any design & technology,GCSE,2,36
202122,Academic year,Provisional,National,E92000001,England,Alternative Provision,Any design & technology,GCSE,1,20
202122,Academic year,Provisional,National,E92000001,England,Alternative Provision,Any design & technology,GCSE,U,10
202122,Academic year,Provisional,National,E92000001,England,Alternative Provision,Any design & technology,GCSE,X,6
202122,Academic year,Provisional,National,E92000001,England,Alternative Provision,Any English,GCSE,Total exam entries,4663
202122,Academic year,Provisional,National,E92000001,England,Alternative Provision,Any English,GCSE,9,7
202122,Academic year,Provisional,National,E92000001,England,Alternative Provision,Any English,GCSE,8,27
202122,Academic year,Provisional,National,E92000001,England,Alternative Provision,Any English,GCSE,7,46
202122,Academic year,Provisional,National,E92000001,England,Alternative Provision,Any English,GCSE,6,109
202122,Academic year,Provisional,National,E92000001,England,Alternative Provision,Any English,GCSE,5,257
202122,Academic year,Provisional,National,E92000001,England,Alternative Provision,Any English,GCSE,4,436
202122,Academic year,Provisional,National,E92000001,England,Alternative Provision,Any English,GCSE,3,1085
202122,Academic year,Provisional,National,E92000001,England,Alternative Provision,Any English,GCSE,2,1060
202122,Academic year,Provisional,National,E92000001,England,Alternative Provision,Any English,GCSE,1,745
202122,Academic year,Provisional,National,E92000001,England,Alternative Provision,Any English,GCSE,U,388
202122,Academic year,Provisional,National,E92000001,England,Alternative Provision,Any English,GCSE,X,503
202122,Academic year,Provisional,National,E92000001,England,Alternative Provision,Any mathematics,GCSE,Total exam entries,4006
202122,Academic year,Provisional,National,E92000001,England,Alternative Provision,Any mathematics,GCSE,9,9
202122,Academic year,Provisional,National,E92000001,England,Alternative Provision,Any mathematics,GCSE,8,13
202122,Academic year,Provisional,National,E92000001,England,Alternative Provision,Any mathematics,GCSE,7,19
202122,Academic year,Provisional,National,E92000001,England,Alternative Provision,Any mathematics,GCSE,6,49
202122,Academic year,Provisional,National,E92000001,England,Alternative Provision,Any mathematics,GCSE,5,194
202122,Academic year,Provisional,National,E92000001,England,Alternative Provision,Any mathematics,GCSE,4,415
202122,Academic year,Provisional,National,E92000001,England,Alternative Provision,Any mathematics,GCSE,3,580
202122,Academic year,Provisional,National,E92000001,England,Alternative Provision,Any mathematics,GCSE,2,864
202122,Academic year,Provisional,National,E92000001,England,Alternative Provision,Any mathematics,GCSE,1,984
202122,Academic year,Provisional,National,E92000001,England,Alternative Provision,Any mathematics,GCSE,U,442
202122,Academic year,Provisional,National,E92000001,England,Alternative Provision,Any mathematics,GCSE,X,437
202122,Academic year,Provisional,National,E92000001,England,Alternative Provision,Any modern language,GCSE,Total exam entries,74
202122,Academic year,Provisional,National,E92000001,England,Alternative Provision,Any modern language,GCSE,9,16
202122,Academic year,Provisional,National,E92000001,England,Alternative Provision,Any modern language,GCSE,8,12
202122,Academic year,Provisional,National,E92000001,England,Alternative Provision,Any modern language,GCSE,7,7
202122,Academic year,Provisional,National,E92000001,England,Alternative Provision,Any modern language,GCSE,6,4
202122,Academic year,Provisional,National,E92000001,England,Alternative Provision,Any modern language,GCSE,5,20
202122,Academic year,Provisional,National,E92000001,England,Alternative Provision,Any modern language,GCSE,4,3
202122,Academic year,Provisional,National,E92000001,England,Alternative Provision,Any modern language,GCSE,3,8
202122,Academic year,Provisional,National,E92000001,England,Alternative Provision,Any modern language,GCSE,2,0
202122,Academic year,Provisional,National,E92000001,England,Alternative Provision,Any modern language,GCSE,1,2
202122,Academic year,Provisional,National,E92000001,England,Alternative Provision,Any modern language,GCSE,U,0
202122,Academic year,Provisional,National,E92000001,England,Alternative Provision,Any modern language,GCSE,X,2
202122,Academic year,Provisional,National,E92000001,England,Alternative Provision,Any science,GCSE,Total exam entries,2484
202122,Academic year,Provisional,National,E92000001,England,Alternative Provision,Any science,GCSE,9,11
202122,Academic year,Provisional,National,E92000001,England,Alternative Provision,Any science,GCSE,8,19
202122,Academic year,Provisional,National,E92000001,England,Alternative Provision,Any science,GCSE,7,18
202122,Academic year,Provisional,National,E92000001,England,Alternative Provision,Any science,GCSE,6,30
202122,Academic year,Provisional,National,E92000001,England,Alternative Provision,Any science,GCSE,5,102
202122,Academic year,Provisional,National,E92000001,England,Alternative Provision,Any science,GCSE,4,105
202122,Academic year,Provisional,National,E92000001,England,Alternative Provision,Any science,GCSE,3,238
202122,Academic year,Provisional,National,E92000001,England,Alternative Provision,Any science,GCSE,2,384
202122,Academic year,Provisional,National,E92000001,England,Alternative Provision,Any science,GCSE,1,274
202122,Academic year,Provisional,National,E92000001,England,Alternative Provision,Any science,GCSE,99,4
202122,Academic year,Provisional,National,E92000001,England,Alternative Provision,Any science,GCSE,98,0
202122,Academic year,Provisional,National,E92000001,England,Alternative Provision,Any science,GCSE,88,1
202122,Academic year,Provisional,National,E92000001,England,Alternative Provision,Any science,GCSE,87,5
202122,Academic year,Provisional,National,E92000001,England,Alternative Provision,Any science,GCSE,77,5
202122,Academic year,Provisional,National,E92000001,England,Alternative Provision,Any science,GCSE,76,5
202122,Academic year,Provisional,National,E92000001,England,Alternative Provision,Any science,GCSE,66,13
202122,Academic year,Provisional,National,E92000001,England,Alternative Provision,Any science,GCSE,65,8
202122,Academic year,Provisional,National,E92000001,England,Alternative Provision,Any science,GCSE,55,48
202122,Academic year,Provisional,National,E92000001,England,Alternative Provision,Any science,GCSE,54,53
202122,Academic year,Provisional,National,E92000001,England,Alternative Provision,Any science,GCSE,44,76
202122,Academic year,Provisional,National,E92000001,England,Alternative Provision,Any science,GCSE,43,86
202122,Academic year,Provisional,National,E92000001,England,Alternative Provision,Any science,GCSE,33,105
202122,Academic year,Provisional,National,E92000001,England,Alternative Provision,Any science,GCSE,32,115
202122,Academic year,Provisional,National,E92000001,England,Alternative Provision,Any science,GCSE,22,131
202122,Academic year,Provisional,National,E92000001,England,Alternative Provision,Any science,GCSE,21,115
202122,Academic year,Provisional,National,E92000001,England,Alternative Provision,Any science,GCSE,11,101
202122,Academic year,Provisional,National,E92000001,England,Alternative Provision,Any science,GCSE,U,200
202122,Academic year,Provisional,National,E92000001,England,Alternative Provision,Any science,GCSE,X,232
202122,Academic year,Provisional,National,E92000001,England,Alternative Provision,Any subject,GCSE,Total exam entries,4306
202122,Academic year,Provisional,National,E92000001,England,Alternative Provision,Any subject,GCSE,9,0
202122,Academic year,Provisional,National,E92000001,England,Alternative Provision,Any subject,GCSE,8,0
202122,Academic year,Provisional,National,E92000001,England,Alternative Provision,Any subject,GCSE,7,0
202122,Academic year,Provisional,National,E92000001,England,Alternative Provision,Any subject,GCSE,6,0
202122,Academic year,Provisional,National,E92000001,England,Alternative Provision,Any subject,GCSE,5,0
202122,Academic year,Provisional,National,E92000001,England,Alternative Provision,Any subject,GCSE,4,0
202122,Academic year,Provisional,National,E92000001,England,Alternative Provision,Any subject,GCSE,3,0
202122,Academic year,Provisional,National,E92000001,England,Alternative Provision,Any subject,GCSE,2,0
202122,Academic year,Provisional,National,E92000001,England,Alternative Provision,Any subject,GCSE,1,0
202122,Academic year,Provisional,National,E92000001,England,Alternative Provision,Any subject,GCSE,U,0
202122,Academic year,Provisional,National,E92000001,England,Alternative Provision,Any subject,GCSE,X,0
202122,Academic year,Provisional,National,E92000001,England,Alternative Provision,Art and Design,GCSE,Total exam entries,1192
202122,Academic year,Provisional,National,E92000001,England,Alternative Provision,Art and Design,GCSE,9,4
202122,Academic year,Provisional,National,E92000001,England,Alternative Provision,Art and Design,GCSE,8,23
202122,Academic year,Provisional,National,E92000001,England,Alternative Provision,Art and Design,GCSE,7,29
202122,Academic year,Provisional,National,E92000001,England,Alternative Provision,Art and Design,GCSE,6,124
202122,Academic year,Provisional,National,E92000001,England,Alternative Provision,Art and Design,GCSE,5,157
202122,Academic year,Provisional,National,E92000001,England,Alternative Provision,Art and Design,GCSE,4,176
202122,Academic year,Provisional,National,E92000001,England,Alternative Provision,Art and Design,GCSE,3,250
202122,Academic year,Provisional,National,E92000001,England,Alternative Provision,Art and Design,GCSE,2,221
202122,Academic year,Provisional,National,E92000001,England,Alternative Provision,Art and Design,GCSE,1,125
202122,Academic year,Provisional,National,E92000001,England,Alternative Provision,Art and Design,GCSE,U,29
202122,Academic year,Provisional,National,E92000001,England,Alternative Provision,Art and Design,GCSE,X,54
202122,Academic year,Provisional,National,E92000001,England,Alternative Provision,Biology,GCSE,Total exam entries,1089
202122,Academic year,Provisional,National,E92000001,England,Alternative Provision,Biology,GCSE,9,3
202122,Academic year,Provisional,National,E92000001,England,Alternative Provision,Biology,GCSE,8,3
202122,Academic year,Provisional,National,E92000001,England,Alternative Provision,Biology,GCSE,7,9
202122,Academic year,Provisional,National,E92000001,England,Alternative Provision,Biology,GCSE,6,13
202122,Academic year,Provisional,National,E92000001,England,Alternative Provision,Biology,GCSE,5,59
202122,Academic year,Provisional,National,E92000001,England,Alternative Provision,Biology,GCSE,4,76
202122,Academic year,Provisional,National,E92000001,England,Alternative Provision,Biology,GCSE,3,200
202122,Academic year,Provisional,National,E92000001,England,Alternative Provision,Biology,GCSE,2,331
202122,Academic year,Provisional,National,E92000001,England,Alternative Provision,Biology,GCSE,1,217
202122,Academic year,Provisional,National,E92000001,England,Alternative Provision,Biology,GCSE,U,49
202122,Academic year,Provisional,National,E92000001,England,Alternative Provision,Biology,GCSE,X,129
202122,Academic year,Provisional,National,E92000001,England,Alternative Provision,Business,GCSE,Total exam entries,111
202122,Academic year,Provisional,National,E92000001,England,Alternative Provision,Business,GCSE,9,1
202122,Academic year,Provisional,National,E92000001,England,Alternative Provision,Business,GCSE,8,1
202122,Academic year,Provisional,National,E92000001,England,Alternative Provision,Business,GCSE,7,2
202122,Academic year,Provisional,National,E92000001,England,Alternative Provision,Business,GCSE,6,10
202122,Academic year,Provisional,National,E92000001,England,Alternative Provision,Business,GCSE,5,5
202122,Academic year,Provisional,National,E92000001,England,Alternative Provision,Business,GCSE,4,11
202122,Academic year,Provisional,National,E92000001,England,Alternative Provision,Business,GCSE,3,17
202122,Academic year,Provisional,National,E92000001,England,Alternative Provision,Business,GCSE,2,21
202122,Academic year,Provisional,National,E92000001,England,Alternative Provision,Business,GCSE,1,21
202122,Academic year,Provisional,National,E92000001,England,Alternative Provision,Business,GCSE,U,12
202122,Academic year,Provisional,National,E92000001,England,Alternative Provision,Business,GCSE,X,10
202122,Academic year,Provisional,National,E92000001,England,Alternative Provision,Chemistry,GCSE,Total exam entries,146
202122,Academic year,Provisional,National,E92000001,England,Alternative Provision,Chemistry,GCSE,9,4
202122,Academic year,Provisional,National,E92000001,England,Alternative Provision,Chemistry,GCSE,8,8
202122,Academic year,Provisional,National,E92000001,England,Alternative Provision,Chemistry,GCSE,7,4
202122,Academic year,Provisional,National,E92000001,England,Alternative Provision,Chemistry,GCSE,6,4
202122,Academic year,Provisional,National,E92000001,England,Alternative Provision,Chemistry,GCSE,5,18
202122,Academic year,Provisional,National,E92000001,England,Alternative Provision,Chemistry,GCSE,4,14
202122,Academic year,Provisional,National,E92000001,England,Alternative Provision,Chemistry,GCSE,3,11
202122,Academic year,Provisional,National,E92000001,England,Alternative Provision,Chemistry,GCSE,2,35
202122,Academic year,Provisional,National,E92000001,England,Alternative Provision,Chemistry,GCSE,1,25
202122,Academic year,Provisional,National,E92000001,England,Alternative Provision,Chemistry,GCSE,U,15
202122,Academic year,Provisional,National,E92000001,England,Alternative Provision,Chemistry,GCSE,X,8
202122,Academic year,Provisional,National,E92000001,England,Alternative Provision,Classical Civilisation,GCSE,Total exam entries,7
202122,Academic year,Provisional,National,E92000001,England,Alternative Provision,Classical Civilisation,GCSE,9,0
202122,Academic year,Provisional,National,E92000001,England,Alternative Provision,Classical Civilisation,GCSE,8,0
202122,Academic year,Provisional,National,E92000001,England,Alternative Provision,Classical Civilisation,GCSE,7,0
202122,Academic year,Provisional,National,E92000001,England,Alternative Provision,Classical Civilisation,GCSE,6,0
202122,Academic year,Provisional,National,E92000001,England,Alternative Provision,Classical Civilisation,GCSE,5,1
202122,Academic year,Provisional,National,E92000001,England,Alternative Provision,Classical Civilisation,GCSE,4,2
202122,Academic year,Provisional,National,E92000001,England,Alternative Provision,Classical Civilisation,GCSE,3,1
202122,Academic year,Provisional,National,E92000001,England,Alternative Provision,Classical Civilisation,GCSE,2,1
202122,Academic year,Provisional,National,E92000001,England,Alternative Provision,Classical Civilisation,GCSE,1,1
202122,Academic year,Provisional,National,E92000001,England,Alternative Provision,Classical Civilisation,GCSE,U,1
202122,Academic year,Provisional,National,E92000001,England,Alternative Provision,Classical Civilisation,GCSE,X,0
202122,Academic year,Provisional,National,E92000001,England,Alternative Provision,Combined Science,GCSE,Total exam entries,1079
202122,Academic year,Provisional,National,E92000001,England,Alternative Provision,Combined Science,GCSE,9,0
202122,Academic year,Provisional,National,E92000001,England,Alternative Provision,Combined Science,GCSE,8,0
202122,Academic year,Provisional,National,E92000001,England,Alternative Provision,Combined Science,GCSE,7,0
202122,Academic year,Provisional,National,E92000001,England,Alternative Provision,Combined Science,GCSE,6,0
202122,Academic year,Provisional,National,E92000001,England,Alternative Provision,Combined Science,GCSE,5,0
202122,Academic year,Provisional,National,E92000001,England,Alternative Provision,Combined Science,GCSE,4,0
202122,Academic year,Provisional,National,E92000001,England,Alternative Provision,Combined Science,GCSE,3,0
202122,Academic year,Provisional,National,E92000001,England,Alternative Provision,Combined Science,GCSE,2,0
202122,Academic year,Provisional,National,E92000001,England,Alternative Provision,Combined Science,GCSE,1,0
202122,Academic year,Provisional,National,E92000001,England,Alternative Provision,Combined Science,GCSE,99,4
202122,Academic year,Provisional,National,E92000001,England,Alternative Provision,Combined Science,GCSE,98,0
202122,Academic year,Provisional,National,E92000001,England,Alternative Provision,Combined Science,GCSE,88,1
202122,Academic year,Provisional,National,E92000001,England,Alternative Provision,Combined Science,GCSE,87,5
202122,Academic year,Provisional,National,E92000001,England,Alternative Provision,Combined Science,GCSE,77,5
202122,Academic year,Provisional,National,E92000001,England,Alternative Provision,Combined Science,GCSE,76,5
202122,Academic year,Provisional,National,E92000001,England,Alternative Provision,Combined Science,GCSE,66,13
202122,Academic year,Provisional,National,E92000001,England,Alternative Provision,Combined Science,GCSE,65,8
202122,Academic year,Provisional,National,E92000001,England,Alternative Provision,Combined Science,GCSE,55,48
202122,Academic year,Provisional,National,E92000001,England,Alternative Provision,Combined Science,GCSE,54,53
202122,Academic year,Provisional,National,E92000001,England,Alternative Provision,Combined Science,GCSE,44,76
202122,Academic year,Provisional,National,E92000001,England,Alternative Provision,Combined Science,GCSE,43,86
202122,Academic year,Provisional,National,E92000001,England,Alternative Provision,Combined Science,GCSE,33,105
202122,Academic year,Provisional,National,E92000001,England,Alternative Provision,Combined Science,GCSE,32,115
202122,Academic year,Provisional,National,E92000001,England,Alternative Provision,Combined Science,GCSE,22,131
202122,Academic year,Provisional,National,E92000001,England,Alternative Provision,Combined Science,GCSE,21,115
202122,Academic year,Provisional,National,E92000001,England,Alternative Provision,Combined Science,GCSE,11,101
202122,Academic year,Provisional,National,E92000001,England,Alternative Provision,Combined Science,GCSE,U,126
202122,Academic year,Provisional,National,E92000001,England,Alternative Provision,Combined Science,GCSE,X,82
202122,Academic year,Provisional,National,E92000001,England,Alternative Provision,Computer Science,GCSE,Total exam entries,41
202122,Academic year,Provisional,National,E92000001,England,Alternative Provision,Computer Science,GCSE,9,0
202122,Academic year,Provisional,National,E92000001,England,Alternative Provision,Computer Science,GCSE,8,2
202122,Academic year,Provisional,National,E92000001,England,Alternative Provision,Computer Science,GCSE,7,3
202122,Academic year,Provisional,National,E92000001,England,Alternative Provision,Computer Science,GCSE,6,4
202122,Academic year,Provisional,National,E92000001,England,Alternative Provision,Computer Science,GCSE,5,2
202122,Academic year,Provisional,National,E92000001,England,Alternative Provision,Computer Science,GCSE,4,5
202122,Academic year,Provisional,National,E92000001,England,Alternative Provision,Computer Science,GCSE,3,3
202122,Academic year,Provisional,National,E92000001,England,Alternative Provision,Computer Science,GCSE,2,5
202122,Academic year,Provisional,National,E92000001,England,Alternative Provision,Computer Science,GCSE,1,12
202122,Academic year,Provisional,National,E92000001,England,Alternative Provision,Computer Science,GCSE,U,4
202122,Academic year,Provisional,National,E92000001,England,Alternative Provision,Computer Science,GCSE,X,1
202122,Academic year,Provisional,National,E92000001,England,Alternative Provision,Design & Technology,GCSE,Total exam entries,61
202122,Academic year,Provisional,National,E92000001,England,Alternative Provision,Design & Technology,GCSE,9,0
202122,Academic year,Provisional,National,E92000001,England,Alternative Provision,Design & Technology,GCSE,8,0
202122,Academic year,Provisional,National,E92000001,England,Alternative Provision,Design & Technology,GCSE,7,1
202122,Academic year,Provisional,National,E92000001,England,Alternative Provision,Design & Technology,GCSE,6,4
202122,Academic year,Provisional,National,E92000001,England,Alternative Provision,Design & Technology,GCSE,5,4
202122,Academic year,Provisional,National,E92000001,England,Alternative Provision,Design & Technology,GCSE,4,7
202122,Academic year,Provisional,National,E92000001,England,Alternative Provision,Design & Technology,GCSE,3,11
202122,Academic year,Provisional,National,E92000001,England,Alternative Provision,Design & Technology,GCSE,2,13
202122,Academic year,Provisional,National,E92000001,England,Alternative Provision,Design & Technology,GCSE,1,10
202122,Academic year,Provisional,National,E92000001,England,Alternative Provision,Design & Technology,GCSE,U,5
202122,Academic year,Provisional,National,E92000001,England,Alternative Provision,Design & Technology,GCSE,X,6
202122,Academic year,Provisional,National,E92000001,England,Alternative Provision,Drama,GCSE,Total exam entries,16
202122,Academic year,Provisional,National,E92000001,England,Alternative Provision,Drama,GCSE,9,1
202122,Academic year,Provisional,National,E92000001,England,Alternative Provision,Drama,GCSE,8,0
202122,Academic year,Provisional,National,E92000001,England,Alternative Provision,Drama,GCSE,7,0
202122,Academic year,Provisional,National,E92000001,England,Alternative Provision,Drama,GCSE,6,0
202122,Academic year,Provisional,National,E92000001,England,Alternative Provision,Drama,GCSE,5,0
202122,Academic year,Provisional,National,E92000001,England,Alternative Provision,Drama,GCSE,4,3
202122,Academic year,Provisional,National,E92000001,England,Alternative Provision,Drama,GCSE,3,4
202122,Academic year,Provisional,National,E92000001,England,Alternative Provision,Drama,GCSE,2,2
202122,Academic year,Provisional,National,E92000001,England,Alternative Provision,Drama,GCSE,1,2
202122,Academic year,Provisional,National,E92000001,England,Alternative Provision,Drama,GCSE,U,4
202122,Academic year,Provisional,National,E92000001,England,Alternative Provision,Drama,GCSE,X,0
202122,Academic year,Provisional,National,E92000001,England,Alternative Provision,Economics,GCSE,Total exam entries,3
202122,Academic year,Provisional,National,E92000001,England,Alternative Provision,Economics,GCSE,9,1
202122,Academic year,Provisional,National,E92000001,England,Alternative Provision,Economics,GCSE,8,0
202122,Academic year,Provisional,National,E92000001,England,Alternative Provision,Economics,GCSE,7,0
202122,Academic year,Provisional,National,E92000001,England,Alternative Provision,Economics,GCSE,6,0
202122,Academic year,Provisional,National,E92000001,England,Alternative Provision,Economics,GCSE,5,0
202122,Academic year,Provisional,National,E92000001,England,Alternative Provision,Economics,GCSE,4,1
202122,Academic year,Provisional,National,E92000001,England,Alternative Provision,Economics,GCSE,3,1
202122,Academic year,Provisional,National,E92000001,England,Alternative Provision,Economics,GCSE,2,0
202122,Academic year,Provisional,National,E92000001,England,Alternative Provision,Economics,GCSE,1,0
202122,Academic year,Provisional,National,E92000001,England,Alternative Provision,Economics,GCSE,U,0
202122,Academic year,Provisional,National,E92000001,England,Alternative Provision,Economics,GCSE,X,0
202122,Academic year,Provisional,National,E92000001,England,Alternative Provision,Engineering,GCSE,Total exam entries,5
202122,Academic year,Provisional,National,E92000001,England,Alternative Provision,Engineering,GCSE,9,0
202122,Academic year,Provisional,National,E92000001,England,Alternative Provision,Engineering,GCSE,8,0
202122,Academic year,Provisional,National,E92000001,England,Alternative Provision,Engineering,GCSE,7,0
202122,Academic year,Provisional,National,E92000001,England,Alternative Provision,Engineering,GCSE,6,0
202122,Academic year,Provisional,National,E92000001,England,Alternative Provision,Engineering,GCSE,5,0
202122,Academic year,Provisional,National,E92000001,England,Alternative Provision,Engineering,GCSE,4,0
202122,Academic year,Provisional,National,E92000001,England,Alternative Provision,Engineering,GCSE,3,2
202122,Academic year,Provisional,National,E92000001,England,Alternative Provision,Engineering,GCSE,2,3
202122,Academic year,Provisional,National,E92000001,England,Alternative Provision,Engineering,GCSE,1,0
202122,Academic year,Provisional,National,E92000001,England,Alternative Provision,Engineering,GCSE,U,0
202122,Academic year,Provisional,National,E92000001,England,Alternative Provision,Engineering,GCSE,X,0
202122,Academic year,Provisional,National,E92000001,England,Alternative Provision,English & mathematics,GCSE,Total exam entries,3504
202122,Academic year,Provisional,National,E92000001,England,Alternative Provision,English & mathematics,GCSE,9,0
202122,Academic year,Provisional,National,E92000001,England,Alternative Provision,English & mathematics,GCSE,8,0
202122,Academic year,Provisional,National,E92000001,England,Alternative Provision,English & mathematics,GCSE,7,0
202122,Academic year,Provisional,National,E92000001,England,Alternative Provision,English & mathematics,GCSE,6,0
202122,Academic year,Provisional,National,E92000001,England,Alternative Provision,English & mathematics,GCSE,5,0
202122,Academic year,Provisional,National,E92000001,England,Alternative Provision,English & mathematics,GCSE,4,0
202122,Academic year,Provisional,National,E92000001,England,Alternative Provision,English & mathematics,GCSE,3,0
202122,Academic year,Provisional,National,E92000001,England,Alternative Provision,English & mathematics,GCSE,2,0
202122,Academic year,Provisional,National,E92000001,England,Alternative Provision,English & mathematics,GCSE,1,0
202122,Academic year,Provisional,National,E92000001,England,Alternative Provision,English & mathematics,GCSE,U,0
202122,Academic year,Provisional,National,E92000001,England,Alternative Provision,English & mathematics,GCSE,X,0
202122,Academic year,Provisional,National,E92000001,England,Alternative Provision,English Language,GCSE,Total exam entries,3619
202122,Academic year,Provisional,National,E92000001,England,Alternative Provision,English Language,GCSE,9,4
202122,Academic year,Provisional,National,E92000001,England,Alternative Provision,English Language,GCSE,8,20
202122,Academic year,Provisional,National,E92000001,England,Alternative Provision,English Language,GCSE,7,33
202122,Academic year,Provisional,National,E92000001,England,Alternative Provision,English Language,GCSE,6,74
202122,Academic year,Provisional,National,E92000001,England,Alternative Provision,English Language,GCSE,5,191
202122,Academic year,Provisional,National,E92000001,England,Alternative Provision,English Language,GCSE,4,326
202122,Academic year,Provisional,National,E92000001,England,Alternative Provision,English Language,GCSE,3,904
202122,Academic year,Provisional,National,E92000001,England,Alternative Provision,English Language,GCSE,2,849
202122,Academic year,Provisional,National,E92000001,England,Alternative Provision,English Language,GCSE,1,564
202122,Academic year,Provisional,National,E92000001,England,Alternative Provision,English Language,GCSE,U,262
202122,Academic year,Provisional,National,E92000001,England,Alternative Provision,English Language,GCSE,X,392
202122,Academic year,Provisional,National,E92000001,England,Alternative Provision,English Literature,GCSE,Total exam entries,1044
202122,Academic year,Provisional,National,E92000001,England,Alternative Provision,English Literature,GCSE,9,3
202122,Academic year,Provisional,National,E92000001,England,Alternative Provision,English Literature,GCSE,8,7
202122,Academic year,Provisional,National,E92000001,England,Alternative Provision,English Literature,GCSE,7,13
202122,Academic year,Provisional,National,E92000001,England,Alternative Provision,English Literature,GCSE,6,35
202122,Academic year,Provisional,National,E92000001,England,Alternative Provision,English Literature,GCSE,5,66
202122,Academic year,Provisional,National,E92000001,England,Alternative Provision,English Literature,GCSE,4,110
202122,Academic year,Provisional,National,E92000001,England,Alternative Provision,English Literature,GCSE,3,181
202122,Academic year,Provisional,National,E92000001,England,Alternative Provision,English Literature,GCSE,2,211
202122,Academic year,Provisional,National,E92000001,England,Alternative Provision,English Literature,GCSE,1,181
202122,Academic year,Provisional,National,E92000001,England,Alternative Provision,English Literature,GCSE,U,126
202122,Academic year,Provisional,National,E92000001,England,Alternative Provision,English Literature,GCSE,X,111
202122,Academic year,Provisional,National,E92000001,England,Alternative Provision,"English, mathematics & science",GCSE,Total exam entries,2014
202122,Academic year,Provisional,National,E92000001,England,Alternative Provision,"English, mathematics & science",GCSE,9,0
202122,Academic year,Provisional,National,E92000001,England,Alternative Provision,"English, mathematics & science",GCSE,8,0
202122,Academic year,Provisional,National,E92000001,England,Alternative Provision,"English, mathematics & science",GCSE,7,0
202122,Academic year,Provisional,National,E92000001,England,Alternative Provision,"English, mathematics & science",GCSE,6,0
202122,Academic year,Provisional,National,E92000001,England,Alternative Provision,"English, mathematics & science",GCSE,5,0
202122,Academic year,Provisional,National,E92000001,England,Alternative Provision,"English, mathematics & science",GCSE,4,0
202122,Academic year,Provisional,National,E92000001,England,Alternative Provision,"English, mathematics & science",GCSE,3,0
202122,Academic year,Provisional,National,E92000001,England,Alternative Provision,"English, mathematics & science",GCSE,2,0
202122,Academic year,Provisional,National,E92000001,England,Alternative Provision,"English, mathematics & science",GCSE,1,0
202122,Academic year,Provisional,National,E92000001,England,Alternative Provision,"English, mathematics & science",GCSE,U,0
202122,Academic year,Provisional,National,E92000001,England,Alternative Provision,"English, mathematics & science",GCSE,X,0
202122,Academic year,Provisional,National,E92000001,England,Alternative Provision,Film Studies,GCSE,Total exam entries,21
202122,Academic year,Provisional,National,E92000001,England,Alternative Provision,Film Studies,GCSE,9,0
202122,Academic year,Provisional,National,E92000001,England,Alternative Provision,Film Studies,GCSE,8,0
202122,Academic year,Provisional,National,E92000001,England,Alternative Provision,Film Studies,GCSE,7,1
202122,Academic year,Provisional,National,E92000001,England,Alternative Provision,Film Studies,GCSE,6,4
202122,Academic year,Provisional,National,E92000001,England,Alternative Provision,Film Studies,GCSE,5,3
202122,Academic year,Provisional,National,E92000001,England,Alternative Provision,Film Studies,GCSE,4,2
202122,Academic year,Provisional,National,E92000001,England,Alternative Provision,Film Studies,GCSE,3,2
202122,Academic year,Provisional,National,E92000001,England,Alternative Provision,Film Studies,GCSE,2,5
202122,Academic year,Provisional,National,E92000001,England,Alternative Provision,Film Studies,GCSE,1,1
202122,Academic year,Provisional,National,E92000001,England,Alternative Provision,Film Studies,GCSE,U,1
202122,Academic year,Provisional,National,E92000001,England,Alternative Provision,Film Studies,GCSE,X,2
202122,Academic year,Provisional,National,E92000001,England,Alternative Provision,Food Preparation & Nutrition,GCSE,Total exam entries,98
202122,Academic year,Provisional,National,E92000001,England,Alternative Provision,Food Preparation & Nutrition,GCSE,9,0
202122,Academic year,Provisional,National,E92000001,England,Alternative Provision,Food Preparation & Nutrition,GCSE,8,0
202122,Academic year,Provisional,National,E92000001,England,Alternative Provision,Food Preparation & Nutrition,GCSE,7,1
202122,Academic year,Provisional,National,E92000001,England,Alternative Provision,Food Preparation & Nutrition,GCSE,6,3
202122,Academic year,Provisional,National,E92000001,England,Alternative Provision,Food Preparation & Nutrition,GCSE,5,7
202122,Academic year,Provisional,National,E92000001,England,Alternative Provision,Food Preparation & Nutrition,GCSE,4,16
202122,Academic year,Provisional,National,E92000001,England,Alternative Provision,Food Preparation & Nutrition,GCSE,3,33
202122,Academic year,Provisional,National,E92000001,England,Alternative Provision,Food Preparation & Nutrition,GCSE,2,23
202122,Academic year,Provisional,National,E92000001,England,Alternative Provision,Food Preparation & Nutrition,GCSE,1,10
202122,Academic year,Provisional,National,E92000001,England,Alternative Provision,Food Preparation & Nutrition,GCSE,U,5
202122,Academic year,Provisional,National,E92000001,England,Alternative Provision,Food Preparation & Nutrition,GCSE,X,0
202122,Academic year,Provisional,National,E92000001,England,Alternative Provision,French,GCSE,Total exam entries,12
202122,Academic year,Provisional,National,E92000001,England,Alternative Provision,French,GCSE,9,3
202122,Academic year,Provisional,National,E92000001,England,Alternative Provision,French,GCSE,8,1
202122,Academic year,Provisional,National,E92000001,England,Alternative Provision,French,GCSE,7,0
202122,Academic year,Provisional,National,E92000001,England,Alternative Provision,French,GCSE,6,2
202122,Academic year,Provisional,National,E92000001,England,Alternative Provision,French,GCSE,5,3
202122,Academic year,Provisional,National,E92000001,England,Alternative Provision,French,GCSE,4,2
202122,Academic year,Provisional,National,E92000001,England,Alternative Provision,French,GCSE,3,1
202122,Academic year,Provisional,National,E92000001,England,Alternative Provision,French,GCSE,2,0
202122,Academic year,Provisional,National,E92000001,England,Alternative Provision,French,GCSE,1,0
202122,Academic year,Provisional,National,E92000001,England,Alternative Provision,French,GCSE,U,0
202122,Academic year,Provisional,National,E92000001,England,Alternative Provision,French,GCSE,X,0
202122,Academic year,Provisional,National,E92000001,England,Alternative Provision,Geography,GCSE,Total exam entries,204
202122,Academic year,Provisional,National,E92000001,England,Alternative Provision,Geography,GCSE,9,0
202122,Academic year,Provisional,National,E92000001,England,Alternative Provision,Geography,GCSE,8,3
202122,Academic year,Provisional,National,E92000001,England,Alternative Provision,Geography,GCSE,7,2
202122,Academic year,Provisional,National,E92000001,England,Alternative Provision,Geography,GCSE,6,8
202122,Academic year,Provisional,National,E92000001,England,Alternative Provision,Geography,GCSE,5,11
202122,Academic year,Provisional,National,E92000001,England,Alternative Provision,Geography,GCSE,4,20
202122,Academic year,Provisional,National,E92000001,England,Alternative Provision,Geography,GCSE,3,44
202122,Academic year,Provisional,National,E92000001,England,Alternative Provision,Geography,GCSE,2,43
202122,Academic year,Provisional,National,E92000001,England,Alternative Provision,Geography,GCSE,1,42
202122,Academic year,Provisional,National,E92000001,England,Alternative Provision,Geography,GCSE,U,19
202122,Academic year,Provisional,National,E92000001,England,Alternative Provision,Geography,GCSE,X,12
202122,Academic year,Provisional,National,E92000001,England,Alternative Provision,History,GCSE,Total exam entries,203
202122,Academic year,Provisional,National,E92000001,England,Alternative Provision,History,GCSE,9,0
202122,Academic year,Provisional,National,E92000001,England,Alternative Provision,History,GCSE,8,5
202122,Academic year,Provisional,National,E92000001,England,Alternative Provision,History,GCSE,7,1
202122,Academic year,Provisional,National,E92000001,England,Alternative Provision,History,GCSE,6,8
202122,Academic year,Provisional,National,E92000001,England,Alternative Provision,History,GCSE,5,17
202122,Academic year,Provisional,National,E92000001,England,Alternative Provision,History,GCSE,4,18
202122,Academic year,Provisional,National,E92000001,England,Alternative Provision,History,GCSE,3,34
202122,Academic year,Provisional,National,E92000001,England,Alternative Provision,History,GCSE,2,44
202122,Academic year,Provisional,National,E92000001,England,Alternative Provision,History,GCSE,1,35
202122,Academic year,Provisional,National,E92000001,England,Alternative Provision,History,GCSE,U,16
202122,Academic year,Provisional,National,E92000001,England,Alternative Provision,History,GCSE,X,25
202122,Academic year,Provisional,National,E92000001,England,Alternative Provision,Latin,GCSE,Total exam entries,1
202122,Academic year,Provisional,National,E92000001,England,Alternative Provision,Latin,GCSE,9,0
202122,Academic year,Provisional,National,E92000001,England,Alternative Provision,Latin,GCSE,8,1
202122,Academic year,Provisional,National,E92000001,England,Alternative Provision,Latin,GCSE,7,0
202122,Academic year,Provisional,National,E92000001,England,Alternative Provision,Latin,GCSE,6,0
202122,Academic year,Provisional,National,E92000001,England,Alternative Provision,Latin,GCSE,5,0
202122,Academic year,Provisional,National,E92000001,England,Alternative Provision,Latin,GCSE,4,0
202122,Academic year,Provisional,National,E92000001,England,Alternative Provision,Latin,GCSE,3,0
202122,Academic year,Provisional,National,E92000001,England,Alternative Provision,Latin,GCSE,2,0
202122,Academic year,Provisional,National,E92000001,England,Alternative Provision,Latin,GCSE,1,0
202122,Academic year,Provisional,National,E92000001,England,Alternative Provision,Latin,GCSE,U,0
202122,Academic year,Provisional,National,E92000001,England,Alternative Provision,Latin,GCSE,X,0
202122,Academic year,Provisional,National,E92000001,England,Alternative Provision,Mathematics,GCSE,Total exam entries,4006
202122,Academic year,Provisional,National,E92000001,England,Alternative Provision,Mathematics,GCSE,9,9
202122,Academic year,Provisional,National,E92000001,England,Alternative Provision,Mathematics,GCSE,8,13
202122,Academic year,Provisional,National,E92000001,England,Alternative Provision,Mathematics,GCSE,7,19
202122,Academic year,Provisional,National,E92000001,England,Alternative Provision,Mathematics,GCSE,6,49
202122,Academic year,Provisional,National,E92000001,England,Alternative Provision,Mathematics,GCSE,5,194
202122,Academic year,Provisional,National,E92000001,England,Alternative Provision,Mathematics,GCSE,4,415
202122,Academic year,Provisional,National,E92000001,England,Alternative Provision,Mathematics,GCSE,3,580
202122,Academic year,Provisional,National,E92000001,England,Alternative Provision,Mathematics,GCSE,2,864
202122,Academic year,Provisional,National,E92000001,England,Alternative Provision,Mathematics,GCSE,1,984
202122,Academic year,Provisional,National,E92000001,England,Alternative Provision,Mathematics,GCSE,U,442
202122,Academic year,Provisional,National,E92000001,England,Alternative Provision,Mathematics,GCSE,X,437
202122,Academic year,Provisional,National,E92000001,England,Alternative Provision,Mathematics & science,GCSE,Total exam entries,2163
202122,Academic year,Provisional,National,E92000001,England,Alternative Provision,Mathematics & science,GCSE,9,0
202122,Academic year,Provisional,National,E92000001,England,Alternative Provision,Mathematics & science,GCSE,8,0
202122,Academic year,Provisional,National,E92000001,England,Alternative Provision,Mathematics & science,GCSE,7,0
202122,Academic year,Provisional,National,E92000001,England,Alternative Provision,Mathematics & science,GCSE,6,0
202122,Academic year,Provisional,National,E92000001,England,Alternative Provision,Mathematics & science,GCSE,5,0
202122,Academic year,Provisional,National,E92000001,England,Alternative Provision,Mathematics & science,GCSE,4,0
202122,Academic year,Provisional,National,E92000001,England,Alternative Provision,Mathematics & science,GCSE,3,0
202122,Academic year,Provisional,National,E92000001,England,Alternative Provision,Mathematics & science,GCSE,2,0
202122,Academic year,Provisional,National,E92000001,England,Alternative Provision,Mathematics & science,GCSE,1,0
202122,Academic year,Provisional,National,E92000001,England,Alternative Provision,Mathematics & science,GCSE,U,0
202122,Academic year,Provisional,National,E92000001,England,Alternative Provision,Mathematics & science,GCSE,X,0
202122,Academic year,Provisional,National,E92000001,England,Alternative Provision,Media/Film/TV,GCSE,Total exam entries,38
202122,Academic year,Provisional,National,E92000001,England,Alternative Provision,Media/Film/TV,GCSE,9,0
202122,Academic year,Provisional,National,E92000001,England,Alternative Provision,Media/Film/TV,GCSE,8,0
202122,Academic year,Provisional,National,E92000001,England,Alternative Provision,Media/Film/TV,GCSE,7,0
202122,Academic year,Provisional,National,E92000001,England,Alternative Provision,Media/Film/TV,GCSE,6,3
202122,Academic year,Provisional,National,E92000001,England,Alternative Provision,Media/Film/TV,GCSE,5,4
202122,Academic year,Provisional,National,E92000001,England,Alternative Provision,Media/Film/TV,GCSE,4,3
202122,Academic year,Provisional,National,E92000001,England,Alternative Provision,Media/Film/TV,GCSE,3,14
202122,Academic year,Provisional,National,E92000001,England,Alternative Provision,Media/Film/TV,GCSE,2,6
202122,Academic year,Provisional,National,E92000001,England,Alternative Provision,Media/Film/TV,GCSE,1,5
202122,Academic year,Provisional,National,E92000001,England,Alternative Provision,Media/Film/TV,GCSE,U,2
202122,Academic year,Provisional,National,E92000001,England,Alternative Provision,Media/Film/TV,GCSE,X,1
202122,Academic year,Provisional,National,E92000001,England,Alternative Provision,Music,GCSE,Total exam entries,10
202122,Academic year,Provisional,National,E92000001,England,Alternative Provision,Music,GCSE,9,0
202122,Academic year,Provisional,National,E92000001,England,Alternative Provision,Music,GCSE,8,0
202122,Academic year,Provisional,National,E92000001,England,Alternative Provision,Music,GCSE,7,0
202122,Academic year,Provisional,National,E92000001,England,Alternative Provision,Music,GCSE,6,1
202122,Academic year,Provisional,National,E92000001,England,Alternative Provision,Music,GCSE,5,2
202122,Academic year,Provisional,National,E92000001,England,Alternative Provision,Music,GCSE,4,1
202122,Academic year,Provisional,National,E92000001,England,Alternative Provision,Music,GCSE,3,1
202122,Academic year,Provisional,National,E92000001,England,Alternative Provision,Music,GCSE,2,0
202122,Academic year,Provisional,National,E92000001,England,Alternative Provision,Music,GCSE,1,3
202122,Academic year,Provisional,National,E92000001,England,Alternative Provision,Music,GCSE,U,0
202122,Academic year,Provisional,National,E92000001,England,Alternative Provision,Music,GCSE,X,2
202122,Academic year,Provisional,National,E92000001,England,Alternative Provision,Other Modern Languages,GCSE,Total exam entries,37
202122,Academic year,Provisional,National,E92000001,England,Alternative Provision,Other Modern Languages,GCSE,9,9
202122,Academic year,Provisional,National,E92000001,England,Alternative Provision,Other Modern Languages,GCSE,8,7
202122,Academic year,Provisional,National,E92000001,England,Alternative Provision,Other Modern Languages,GCSE,7,4
202122,Academic year,Provisional,National,E92000001,England,Alternative Provision,Other Modern Languages,GCSE,6,1
202122,Academic year,Provisional,National,E92000001,England,Alternative Provision,Other Modern Languages,GCSE,5,12
202122,Academic year,Provisional,National,E92000001,England,Alternative Provision,Other Modern Languages,GCSE,4,0
202122,Academic year,Provisional,National,E92000001,England,Alternative Provision,Other Modern Languages,GCSE,3,2
202122,Academic year,Provisional,National,E92000001,England,Alternative Provision,Other Modern Languages,GCSE,2,0
202122,Academic year,Provisional,National,E92000001,England,Alternative Provision,Other Modern Languages,GCSE,1,1
202122,Academic year,Provisional,National,E92000001,England,Alternative Provision,Other Modern Languages,GCSE,U,0
202122,Academic year,Provisional,National,E92000001,England,Alternative Provision,Other Modern Languages,GCSE,X,1
202122,Academic year,Provisional,National,E92000001,England,Alternative Provision,Other Sciences,GCSE,Total exam entries,1
202122,Academic year,Provisional,National,E92000001,England,Alternative Provision,Other Sciences,GCSE,9,1
202122,Academic year,Provisional,National,E92000001,England,Alternative Provision,Other Sciences,GCSE,8,0
202122,Academic year,Provisional,National,E92000001,England,Alternative Provision,Other Sciences,GCSE,7,0
202122,Academic year,Provisional,National,E92000001,England,Alternative Provision,Other Sciences,GCSE,6,0
202122,Academic year,Provisional,National,E92000001,England,Alternative Provision,Other Sciences,GCSE,5,0
202122,Academic year,Provisional,National,E92000001,England,Alternative Provision,Other Sciences,GCSE,4,0
202122,Academic year,Provisional,National,E92000001,England,Alternative Provision,Other Sciences,GCSE,3,0
202122,Academic year,Provisional,National,E92000001,England,Alternative Provision,Other Sciences,GCSE,2,0
202122,Academic year,Provisional,National,E92000001,England,Alternative Provision,Other Sciences,GCSE,1,0
202122,Academic year,Provisional,National,E92000001,England,Alternative Provision,Other Sciences,GCSE,U,0
202122,Academic year,Provisional,National,E92000001,England,Alternative Provision,Other Sciences,GCSE,X,0
202122,Academic year,Provisional,National,E92000001,England,Alternative Provision,Physical Education,GCSE,Total exam entries,53
202122,Academic year,Provisional,National,E92000001,England,Alternative Provision,Physical Education,GCSE,9,0
202122,Academic year,Provisional,National,E92000001,England,Alternative Provision,Physical Education,GCSE,8,0
202122,Academic year,Provisional,National,E92000001,England,Alternative Provision,Physical Education,GCSE,7,0
202122,Academic year,Provisional,National,E92000001,England,Alternative Provision,Physical Education,GCSE,6,2
202122,Academic year,Provisional,National,E92000001,England,Alternative Provision,Physical Education,GCSE,5,3
202122,Academic year,Provisional,National,E92000001,England,Alternative Provision,Physical Education,GCSE,4,5
202122,Academic year,Provisional,National,E92000001,England,Alternative Provision,Physical Education,GCSE,3,7
202122,Academic year,Provisional,National,E92000001,England,Alternative Provision,Physical Education,GCSE,2,26
202122,Academic year,Provisional,National,E92000001,England,Alternative Provision,Physical Education,GCSE,1,8
202122,Academic year,Provisional,National,E92000001,England,Alternative Provision,Physical Education,GCSE,U,1
202122,Academic year,Provisional,National,E92000001,England,Alternative Provision,Physical Education,GCSE,X,1
202122,Academic year,Provisional,National,E92000001,England,Alternative Provision,Physics,GCSE,Total exam entries,128
202122,Academic year,Provisional,National,E92000001,England,Alternative Provision,Physics,GCSE,9,3
202122,Academic year,Provisional,National,E92000001,England,Alternative Provision,Physics,GCSE,8,6
202122,Academic year,Provisional,National,E92000001,England,Alternative Provision,Physics,GCSE,7,2
202122,Academic year,Provisional,National,E92000001,England,Alternative Provision,Physics,GCSE,6,9
202122,Academic year,Provisional,National,E92000001,England,Alternative Provision,Physics,GCSE,5,23
202122,Academic year,Provisional,National,E92000001,England,Alternative Provision,Physics,GCSE,4,10
202122,Academic year,Provisional,National,E92000001,England,Alternative Provision,Physics,GCSE,3,24
202122,Academic year,Provisional,National,E92000001,England,Alternative Provision,Physics,GCSE,2,13
202122,Academic year,Provisional,National,E92000001,England,Alternative Provision,Physics,GCSE,1,20
202122,Academic year,Provisional,National,E92000001,England,Alternative Provision,Physics,GCSE,U,6
202122,Academic year,Provisional,National,E92000001,England,Alternative Provision,Physics,GCSE,X,12
202122,Academic year,Provisional,National,E92000001,England,Alternative Provision,Religious Studies,GCSE,Total exam entries,171
202122,Academic year,Provisional,National,E92000001,England,Alternative Provision,Religious Studies,GCSE,9,3
202122,Academic year,Provisional,National,E92000001,England,Alternative Provision,Religious Studies,GCSE,8,3
202122,Academic year,Provisional,National,E92000001,England,Alternative Provision,Religious Studies,GCSE,7,10
202122,Academic year,Provisional,National,E92000001,England,Alternative Provision,Religious Studies,GCSE,6,15
202122,Academic year,Provisional,National,E92000001,England,Alternative Provision,Religious Studies,GCSE,5,20
202122,Academic year,Provisional,National,E92000001,England,Alternative Provision,Religious Studies,GCSE,4,23
202122,Academic year,Provisional,National,E92000001,England,Alternative Provision,Religious Studies,GCSE,3,26
202122,Academic year,Provisional,National,E92000001,England,Alternative Provision,Religious Studies,GCSE,2,27
202122,Academic year,Provisional,National,E92000001,England,Alternative Provision,Religious Studies,GCSE,1,23
202122,Academic year,Provisional,National,E92000001,England,Alternative Provision,Religious Studies,GCSE,U,7
202122,Academic year,Provisional,National,E92000001,England,Alternative Provision,Religious Studies,GCSE,X,14
202122,Academic year,Provisional,National,E92000001,England,Alternative Provision,Social Studies,GCSE,Total exam entries,521
202122,Academic year,Provisional,National,E92000001,England,Alternative Provision,Social Studies,GCSE,9,4
202122,Academic year,Provisional,National,E92000001,England,Alternative Provision,Social Studies,GCSE,8,2
202122,Academic year,Provisional,National,E92000001,England,Alternative Provision,Social Studies,GCSE,7,15
202122,Academic year,Provisional,National,E92000001,England,Alternative Provision,Social Studies,GCSE,6,22
202122,Academic year,Provisional,National,E92000001,England,Alternative Provision,Social Studies,GCSE,5,38
202122,Academic year,Provisional,National,E92000001,England,Alternative Provision,Social Studies,GCSE,4,42
202122,Academic year,Provisional,National,E92000001,England,Alternative Provision,Social Studies,GCSE,3,69
202122,Academic year,Provisional,National,E92000001,England,Alternative Provision,Social Studies,GCSE,2,85
202122,Academic year,Provisional,National,E92000001,England,Alternative Provision,Social Studies,GCSE,1,97
202122,Academic year,Provisional,National,E92000001,England,Alternative Provision,Social Studies,GCSE,U,53
202122,Academic year,Provisional,National,E92000001,England,Alternative Provision,Social Studies,GCSE,X,94
202122,Academic year,Provisional,National,E92000001,England,Alternative Provision,Spanish,GCSE,Total exam entries,25
202122,Academic year,Provisional,National,E92000001,England,Alternative Provision,Spanish,GCSE,9,4
202122,Academic year,Provisional,National,E92000001,England,Alternative Provision,Spanish,GCSE,8,4
202122,Academic year,Provisional,National,E92000001,England,Alternative Provision,Spanish,GCSE,7,3
202122,Academic year,Provisional,National,E92000001,England,Alternative Provision,Spanish,GCSE,6,1
202122,Academic year,Provisional,National,E92000001,England,Alternative Provision,Spanish,GCSE,5,5
202122,Academic year,Provisional,National,E92000001,England,Alternative Provision,Spanish,GCSE,4,1
202122,Academic year,Provisional,National,E92000001,England,Alternative Provision,Spanish,GCSE,3,5
202122,Academic year,Provisional,National,E92000001,England,Alternative Provision,Spanish,GCSE,2,0
202122,Academic year,Provisional,National,E92000001,England,Alternative Provision,Spanish,GCSE,1,1
202122,Academic year,Provisional,National,E92000001,England,Alternative Provision,Spanish,GCSE,U,0
202122,Academic year,Provisional,National,E92000001,England,Alternative Provision,Spanish,GCSE,X,1
202122,Academic year,Provisional,National,E92000001,England,Alternative Provision,Statistics,GCSE,Total exam entries,171
202122,Academic year,Provisional,National,E92000001,England,Alternative Provision,Statistics,GCSE,9,0
202122,Academic year,Provisional,National,E92000001,England,Alternative Provision,Statistics,GCSE,8,2
202122,Academic year,Provisional,National,E92000001,England,Alternative Provision,Statistics,GCSE,7,0
202122,Academic year,Provisional,National,E92000001,England,Alternative Provision,Statistics,GCSE,6,4
202122,Academic year,Provisional,National,E92000001,England,Alternative Provision,Statistics,GCSE,5,11
202122,Academic year,Provisional,National,E92000001,England,Alternative Provision,Statistics,GCSE,4,20
202122,Academic year,Provisional,National,E92000001,England,Alternative Provision,Statistics,GCSE,3,31
202122,Academic year,Provisional,National,E92000001,England,Alternative Provision,Statistics,GCSE,2,29
202122,Academic year,Provisional,National,E92000001,England,Alternative Provision,Statistics,GCSE,1,32
202122,Academic year,Provisional,National,E92000001,England,Alternative Provision,Statistics,GCSE,U,16
202122,Academic year,Provisional,National,E92000001,England,Alternative Provision,Statistics,GCSE,X,26
