﻿time_period,time_identifier,geographic_level,country_code,country_name,region_code,region_name,old_la_code,new_la_code,la_name,version,school_characteristic,breakdown,characteristic_gender,characteristic_admission_type,characteristic_religious_denomination,t_schools,t_pupils,t_att8,avg_att8,t_entbasics,pt_entbasics,t_l2basics_95,pt_l2basics_95,t_l2basics_94,pt_l2basics_94,t_ebacc_e_ptq_ee,pt_ebacc_e_ptq_ee,t_ebacc_95,pt_ebacc_95,t_ebacc_94,pt_ebacc_94,t_ebaccaps,avg_ebaccaps,t_inp8calc,t_p8score,avg_p8score,p8score_CI_low,p8score_CI_upp,t_p8eng,avg_p8eng,p8eng_CI_low,p8eng_CI_upp,t_p8mat,avg_p8mat,p8mat_CI_low,p8mat_CI_upp,t_p8ebac,avg_p8ebac,p8ebac_CI_low,p8ebac_CI_upp,t_p8open,avg_p8open,p8open_CI_low,p8open_CI_upp,t_entry_1,pt_entry_1,t_anypass,pt_anypass,t_ebaceng_e,pt_ebaceng_e,t_ebacmat_e,pt_ebacmat_e,t_ebac2sci_e,pt_ebac2sci_e,t_ebachum_e,pt_ebachum_e,t_ebaclan_e,pt_ebaclan_e,t_ebaceng_95,pt_ebaceng_95,t_ebacmat_95,pt_ebacmat_95,t_ebac2sci_95,pt_ebac2sci_95,t_ebachum_95,pt_ebachum_95,t_ebaclan_95,pt_ebaclan_95,t_ebaceng_94,pt_ebaceng_94,t_ebacmat_94,pt_ebacmat_94,t_ebac2sci_94,pt_ebac2sci_94,t_ebachum_94,pt_ebachum_94,t_ebaclan_94,pt_ebaclan_94,t_ebptseng_ll,avg_ebptseng_ll,t_ebptsmat,avg_ebptsmat,t_ebptssci,avg_ebptssci,t_ebptshum,avg_ebptshum,t_ebptslan,avg_ebptslan,t_att8_eng,avg_att8_eng,t_att8_mat,avg_att8_mat,t_att8_ebac,avg_att8_ebac,t_att8_open,avg_att8_open,t_att8_open_g,avg_att8_open_g,t_att8_open_ng,avg_att8_open_ng,t_ebac_fill,avg_ebac_fill,t_open_fill,avg_open_fill
202122,Academic year,National,E92000001,England,,,,,,Provisional,Alternative Provision,Total,Total,Total,Total,414,7010,41812.88,6,3046,43.5,130,1.9,341,4.9,17,0.2,5,0.1,5,0.1,2629.3,0.38,5795,-18456.619,-3.18,-3.22,-3.15,-19911.21,-3.44,-3.47,-3.4,-14447.37,-2.49,-2.53,-2.46,-18370.412,-3.17,-3.21,-3.13,-20246.323,-3.49,-3.53,-3.46,3967,56.6,3526,50.3,845,12.1,3532,50.4,1041,14.9,353,5,72,1,167,2.4,239,3.4,110,10.6,47,13.3,55,76.4,273,3.9,588,8.4,240,23.1,75,21.2,58,80.6,2556,0.36,6815,0.97,2580.07,0.37,810,0.12,430,0.06,10272,1.5,13630,1.9,8663.13,1.2,9247.75,1.3,8005,1.1,1242.75,0.2,3036,0.4,2882,0.4
202122,Academic year,Regional,E92000001,England,E12000001,North East,,,,Provisional,Alternative Provision,Total,Total,Total,Total,23,462,3186.75,6.9,250,54.1,5,1.1,23,5,0,0,0,0,0,0,205.79,0.45,440,-1468.257,-3.34,-3.47,-3.21,-1506.4,-3.42,-3.56,-3.29,-1165.225,-2.65,-2.78,-2.52,-1497.157,-3.4,-3.53,-3.27,-1615.986,-3.67,-3.8,-3.54,293,63.4,272,58.9,91,19.7,267,57.8,88,19,16,3.5,0,0,15,3.2,10,2.2,5,5.7,1,6.3,0,0,26,5.6,41,8.9,13,14.8,2,12.5,0,0,287,0.62,513,1.11,204.5,0.44,26,0.06,0,0,935,2,1026,2.2,559,1.2,666.75,1.4,549,1.2,117.75,0.3,216,0.5,227,0.5
202122,Academic year,Regional,E92000001,England,E12000002,North West,,,,Provisional,Alternative Provision,Total,Total,Total,Total,62,1079,6165.5,5.7,523,48.5,17,1.6,47,4.4,1,0.1,1,0.1,1,0.1,372.59,0.35,990,-3299.487,-3.33,-3.42,-3.25,-3512.815,-3.55,-3.64,-3.46,-2582.015,-2.61,-2.7,-2.52,-3308.137,-3.34,-3.43,-3.25,-3626.77,-3.66,-3.75,-3.58,634,58.8,565,52.4,129,12,589,54.6,127,11.8,31,2.9,5,0.5,30,2.8,24,2.2,12,9.4,7,22.6,4,80,45,4.2,83,7.7,27,21.3,8,25.8,4,80,400,0.37,1079,1,325.5,0.3,84,0.08,21,0.02,1643,1.5,2158,2,1106.5,1,1258,1.2,1072.5,1,185.5,0.2,422,0.4,382,0.4
202122,Academic year,Regional,E92000001,England,E12000003,Yorkshire and The Humber,,,,Provisional,Alternative Provision,Total,Total,Total,Total,40,619,3223,5.2,329,53.2,9,1.5,15,2.4,0,0,0,0,0,0,175.94,0.28,540,-1696.314,-3.14,-3.26,-3.02,-1819.77,-3.37,-3.49,-3.25,-1316.345,-2.44,-2.56,-2.32,-1704.692,-3.16,-3.28,-3.04,-1858.992,-3.44,-3.56,-3.32,395,63.8,346,55.9,93,15,358,57.8,56,9,42,6.8,2,0.3,11,1.8,12,1.9,5,8.9,3,7.1,1,50,17,2.7,27,4.4,9,16.1,5,11.9,1,50,187,0.3,547,0.88,132,0.21,49,0.08,8,0.01,866,1.4,1094,1.8,526,0.8,737,1.2,596,1,141,0.2,221,0.4,242,0.4
202122,Academic year,Regional,E92000001,England,E12000004,East Midlands,,,,Provisional,Alternative Provision,Total,Total,Total,Total,25,473,2143.63,4.5,156,33,6,1.3,19,4,0,0,0,0,0,0,140.25,0.3,413,-1338.374,-3.24,-3.38,-3.1,-1430.83,-3.46,-3.6,-3.33,-1094.685,-2.65,-2.79,-2.51,-1328.182,-3.22,-3.35,-3.08,-1449.495,-3.51,-3.65,-3.37,194,41,173,36.6,61,12.9,171,36.2,56,11.8,32,6.8,1,0.2,9,1.9,10,2.1,4,7.1,3,9.4,1,100,19,4,26,5.5,9,16.1,6,18.8,1,100,185,0.39,331,0.7,122.57,0.26,71,0.15,9,0.02,594,1.3,662,1.4,384.13,0.8,503.5,1.1,438,0.9,65.5,0.1,154,0.3,153,0.3
202122,Academic year,Regional,E92000001,England,E12000005,West Midlands,,,,Provisional,Alternative Provision,Total,Total,Total,Total,49,738,3795.25,5.1,324,43.9,9,1.2,24,3.3,1,0.1,0,0,0,0,242.42,0.33,647,-1961.129,-3.03,-3.14,-2.92,-2161.655,-3.34,-3.45,-3.23,-1556.36,-2.41,-2.51,-2.3,-1900.748,-2.94,-3.05,-2.83,-2157.721,-3.33,-3.44,-3.23,432,58.5,369,50,60,8.1,378,51.2,141,19.1,53,7.2,2,0.3,11,1.5,14,1.9,8,5.7,7,13.2,0,0,17,2.3,44,6,19,13.5,9,17,1,50,178,0.24,587,0.8,287,0.39,110,0.15,4,0.01,922,1.2,1174,1.6,848,1.1,851.25,1.2,650,0.9,201.25,0.3,341,0.5,299,0.4
202122,Academic year,Regional,E92000001,England,E12000006,East of England,,,,Provisional,Alternative Provision,Total,Total,Total,Total,40,613,3731,6.1,270,44,11,1.8,35,5.7,0,0,0,0,0,0,256.56,0.42,510,-1522.774,-2.99,-3.11,-2.86,-1670.215,-3.27,-3.4,-3.15,-1199.165,-2.35,-2.47,-2.23,-1445.286,-2.83,-2.96,-2.71,-1717.75,-3.37,-3.49,-3.25,359,58.6,322,52.5,88,14.4,304,49.6,116,18.9,16,2.6,2,0.3,20,3.3,19,3.1,17,14.7,6,37.5,2,100,31,5.1,55,9,31,26.7,7,43.8,2,100,284,0.46,560,0.91,313.5,0.51,54,0.09,14,0.02,898,1.5,1120,1.8,995,1.6,718,1.2,613,1,105,0.2,332,0.5,207,0.3
202122,Academic year,Regional,E92000001,England,E13000001,Inner London,,,,Provisional,Alternative Provision,Total,Total,Total,Total,33,610,4436.75,7.3,259,42.5,21,3.4,49,8,4,0.7,1,0.2,1,0.2,265.02,0.43,428,-1441.371,-3.37,-3.5,-3.23,-1533.545,-3.58,-3.72,-3.45,-1071.035,-2.5,-2.64,-2.37,-1533.357,-3.58,-3.72,-3.45,-1534.729,-3.59,-3.72,-3.45,360,59,330,54.1,77,12.6,312,51.1,85,13.9,21,3.4,15,2.5,12,2,46,7.5,9,10.6,4,19,12,80,23,3.8,82,13.4,21,24.7,7,33.3,12,80,228,0.37,776,1.27,213,0.35,65,0.11,95,0.16,1028,1.7,1552,2.5,691,1.1,1165.75,1.9,975,1.6,190.75,0.3,206,0.3,348,0.6
202122,Academic year,Regional,E92000001,England,E13000002,Outer London,,,,Provisional,Alternative Provision,Total,Total,Total,Total,44,911,7042.75,7.7,293,32.2,36,4,78,8.6,7,0.8,3,0.3,3,0.3,491.69,0.54,580,-1922.437,-3.31,-3.43,-3.2,-2104.805,-3.63,-3.74,-3.51,-1536.11,-2.65,-2.76,-2.53,-1939.018,-3.34,-3.46,-3.23,-2041.931,-3.52,-3.64,-3.41,471,51.7,429,47.1,101,11.1,405,44.5,152,16.7,77,8.5,31,3.4,34,3.7,70,7.7,34,22.4,13,16.9,24,77.4,51,5.6,124,13.6,72,47.4,22,28.6,26,83.9,398,0.44,1073,1.18,534,0.59,217,0.24,194,0.21,1417,1.6,2146,2.4,1781.5,2,1698.25,1.9,1577.5,1.7,120.75,0.1,483,0.5,479,0.5
202122,Academic year,Regional,E92000001,England,E12000008,South East,,,,Provisional,Alternative Provision,Total,Total,Total,Total,51,812,4151.5,5.1,304,37.4,6,0.7,26,3.2,4,0.5,0,0,0,0,247.26,0.3,651,-1965.349,-3.02,-3.13,-2.91,-2181.48,-3.35,-3.46,-3.24,-1537.22,-2.36,-2.47,-2.25,-1911.48,-2.94,-3.04,-2.83,-2160.844,-3.32,-3.43,-3.21,412,50.7,356,43.8,61,7.5,366,45.1,110,13.5,23,2.8,10,1.2,11,1.4,17,2.1,12,10.9,2,8.7,8,80,21,2.6,56,6.9,27,24.5,6,26.1,8,80,178,0.22,667,0.82,258,0.32,57,0.07,65,0.08,952,1.2,1334,1.6,924,1.1,941.5,1.2,859,1.1,82.5,0.1,306,0.4,293,0.4
202122,Academic year,Regional,E92000001,England,E12000009,South West,,,,Provisional,Alternative Provision,Total,Total,Total,Total,47,693,3936.75,5.7,338,48.8,10,1.4,25,3.6,0,0,0,0,0,0,231.78,0.33,596,-1841.127,-3.09,-3.2,-2.98,-1989.695,-3.34,-3.45,-3.23,-1389.21,-2.33,-2.44,-2.22,-1802.355,-3.02,-3.14,-2.91,-2082.105,-3.49,-3.61,-3.38,417,60.2,364,52.5,84,12.1,382,55.1,110,15.9,42,6.1,4,0.6,14,2,17,2.5,4,3.6,1,2.4,3,75,23,3.3,50,7.2,12,10.9,3,7.1,3,75,231,0.33,682,0.98,190,0.27,77,0.11,20,0.03,1017,1.5,1364,2,848,1.2,707.75,1,675,1,32.75,0,355,0.5,252,0.4
202122,Academic year,Local authority,E92000001,England,E12000001,North East,929,E06000057,Northumberland,Provisional,Alternative Provision,Total,Total,Total,Total,1,57,254,4.5,23,40.4,0,0,0,0,0,0,0,0,0,0,18.34,0.32,52,-178.922,-3.44,-3.82,-3.06,-192.275,-3.7,-4.08,-3.31,-152.375,-2.93,-3.31,-2.55,-175.526,-3.38,-3.76,-2.99,-191.147,-3.68,-4.06,-3.29,27,47.4,23,40.4,9,15.8,23,40.4,10,17.5,0,0,0,0,2,3.5,0,0,0,0,0,0,0,0,2,3.5,1,1.8,0,0,0,0,0,0,28,0.49,37,0.65,22.5,0.39,0,0,0,0,74,1.3,74,1.3,45,0.8,61,1.1,44,0.8,17,0.3,18,0.3,17,0.3
202122,Academic year,Local authority,E92000001,England,E12000001,North East,805,E06000001,Hartlepool,Provisional,Alternative Provision,Total,Total,Total,Total,2,10,122,12.2,7,70,0,0,0,0,0,0,0,0,0,0,6.82,0.68,10,-24.829,-2.48,-3.36,-1.61,-23.64,-2.36,-3.24,-1.49,-16.045,-1.6,-2.48,-0.73,-27.592,-2.76,-3.63,-1.89,-28.711,-2.87,-3.74,-2,7,70,7,70,6,60,7,70,0,0,2,20,0,0,0,0,0,0,0,0,0,0,0,0,0,0,1,10,0,0,0,0,0,0,18,1.8,18,1.8,0,0,5,0.5,0,0,36,3.6,36,3.6,20,2,30,3,30,3,0,0,8,0.8,15,1.5
202122,Academic year,Local authority,E92000001,England,E12000001,North East,806,E06000002,Middlesbrough,Provisional,Alternative Provision,Total,Total,Total,Total,2,39,486.75,12.5,30,76.9,0,0,4,10.3,0,0,0,0,0,0,38.83,1,38,-106.202,-2.79,-3.24,-2.35,-108.775,-2.86,-3.31,-2.41,-63.005,-1.66,-2.11,-1.21,-111.842,-2.94,-3.39,-2.5,-127.657,-3.36,-3.81,-2.91,30,76.9,30,76.9,17,43.6,30,76.9,19,48.7,0,0,0,0,1,2.6,2,5.1,1,5.3,0,0,0,0,3,7.7,12,30.8,4,21.1,0,0,0,0,47,1.21,82,2.1,52,1.33,0,0,0,0,123,3.2,164,4.2,104,2.7,95.75,2.5,94,2.4,1.75,0,36,0.9,29,0.7
202122,Academic year,Local authority,E92000001,England,E12000001,North East,807,E06000003,Redcar and Cleveland,Provisional,Alternative Provision,Total,Total,Total,Total,2,34,307.5,9,25,73.5,2,5.9,3,8.8,0,0,0,0,0,0,15,0.44,33,-134.196,-4.07,-4.55,-3.59,-135.325,-4.1,-4.58,-3.62,-111.96,-3.39,-3.87,-2.91,-140.135,-4.25,-4.73,-3.77,-142.332,-4.31,-4.79,-3.83,29,85.3,27,79.4,7,20.6,27,79.4,1,2.9,9,26.5,0,0,3,8.8,2,5.9,0,0,1,11.1,0,0,3,8.8,4,11.8,0,0,1,11.1,0,0,23,0.68,48,1.41,3.5,0.1,12,0.35,0,0,82,2.4,96,2.8,58,1.7,71.5,2.1,44,1.3,27.5,0.8,26,0.8,28,0.8
202122,Academic year,Local authority,E92000001,England,E12000001,North East,808,E06000004,Stockton-on-Tees,Provisional,Alternative Provision,Total,Total,Total,Total,2,29,186,6.4,13,44.8,0,0,0,0,0,0,0,0,0,0,15.66,0.54,27,-84.485,-3.13,-3.66,-2.6,-85.965,-3.18,-3.72,-2.65,-72.535,-2.69,-3.22,-2.16,-81.443,-3.02,-3.55,-2.49,-94.515,-3.5,-4.03,-2.97,13,44.8,13,44.8,11,37.9,13,44.8,13,44.8,0,0,0,0,1,3.4,0,0,0,0,0,0,0,0,1,3.4,0,0,0,0,0,0,0,0,27,0.93,23,0.79,22,0.76,0,0,0,0,58,2,46,1.6,44,1.5,38,1.3,38,1.3,0,0,22,0.8,20,0.7
202122,Academic year,Local authority,E92000001,England,E12000001,North East,840,E06000047,County Durham,Provisional,Alternative Provision,Total,Total,Total,Total,3,104,663,6.4,49,47.1,1,1,7,6.7,0,0,0,0,0,0,46.46,0.45,101,-329.742,-3.26,-3.54,-2.99,-333.75,-3.3,-3.58,-3.03,-253.215,-2.51,-2.78,-2.23,-329.229,-3.26,-3.53,-2.98,-378.587,-3.75,-4.02,-3.47,58,55.8,53,51,16,15.4,53,51,14,13.5,1,1,0,0,4,3.8,3,2.9,3,21.4,0,0,0,0,9,8.7,9,8.7,5,35.7,0,0,0,0,63,0.61,117,1.13,49,0.47,1,0.01,0,0,207,2,234,2.3,131,1.3,91,0.9,91,0.9,0,0,38,0.4,26,0.3
202122,Academic year,Local authority,E92000001,England,E12000001,North East,841,E06000005,Darlington,Provisional,Alternative Provision,Total,Total,Total,Total,2,17,136,8,8,47.1,0,0,1,5.9,0,0,0,0,0,0,11.51,0.68,17,-53.059,-3.12,-3.79,-2.45,-55.33,-3.25,-3.92,-2.59,-42.65,-2.51,-3.18,-1.84,-51.077,-3,-3.67,-2.33,-60.455,-3.56,-4.23,-2.89,13,76.5,12,70.6,5,29.4,11,64.7,5,29.4,1,5.9,0,0,0,0,0,0,1,20,0,0,0,0,1,5.9,2,11.8,2,40,1,100,0,0,15,0.88,19,1.12,15.5,0.91,4,0.24,0,0,37,2.2,38,2.2,35,2.1,26,1.5,22,1.3,4,0.2,11,0.6,11,0.6
202122,Academic year,Local authority,E92000001,England,E12000001,North East,390,E08000037,Gateshead,Provisional,Alternative Provision,Total,Total,Total,Total,2,38,360.5,9.5,28,73.7,1,2.6,1,2.6,0,0,0,0,0,0,25.5,0.67,36,-107.972,-3,-3.46,-2.54,-116.29,-3.23,-3.69,-2.77,-83.49,-2.32,-2.78,-1.86,-111.387,-3.09,-3.55,-2.63,-115.328,-3.2,-3.66,-2.74,31,81.6,29,76.3,13,34.2,29,76.3,23,60.5,1,2.6,0,0,1,2.6,2,5.3,0,0,0,0,0,0,2,5.3,4,10.5,2,8.7,0,0,0,0,34,0.89,51,1.34,34,0.89,0,0,0,0,86,2.3,102,2.7,72,1.9,100.5,2.6,69,1.8,31.5,0.8,39,1,40,1.1
202122,Academic year,Local authority,E92000001,England,E12000001,North East,391,E08000021,Newcastle upon Tyne,Provisional,Alternative Provision,Total,Total,Total,Total,2,32,155,4.8,9,28.1,0,0,4,12.5,0,0,0,0,0,0,8.02,0.25,27,-95.045,-3.52,-4.05,-2.99,-95.83,-3.55,-4.08,-3.02,-79.995,-2.96,-3.49,-2.43,-94.849,-3.51,-4.04,-2.98,-104.76,-3.88,-4.41,-3.35,15,46.9,13,40.6,3,9.4,10,31.3,1,3.1,0,0,0,0,1,3.1,0,0,0,0,0,0,0,0,2,6.3,5,15.6,0,0,0,0,0,0,15,0.47,26,0.81,3.5,0.11,0,0,0,0,57,1.8,52,1.6,28,0.9,18,0.6,12,0.4,6,0.2,7,0.2,5,0.2
202122,Academic year,Local authority,E92000001,England,E12000001,North East,392,E08000022,North Tyneside,Provisional,Alternative Provision,Total,Total,Total,Total,2,78,431,5.5,48,61.5,1,1.3,2,2.6,0,0,0,0,0,0,15.15,0.19,76,-267.416,-3.52,-3.84,-3.2,-267.57,-3.52,-3.84,-3.2,-215.9,-2.84,-3.16,-2.52,-291.99,-3.84,-4.16,-3.53,-277.088,-3.65,-3.96,-3.33,59,75.6,55,70.5,3,3.8,53,67.9,0,0,0,0,0,0,2,2.6,1,1.3,0,0,0,0,0,0,3,3.8,2,2.6,0,0,0,0,0,0,14,0.18,77,0.99,0,0,0,0,0,0,149,1.9,154,2,0,0,128,1.6,98,1.3,30,0.4,0,0,31,0.4
202122,Academic year,Local authority,E92000001,England,E12000001,North East,393,E08000023,South Tyneside,Provisional,Alternative Provision,Total,Total,Total,Total,2,17,81,4.8,8,47.1,0,0,1,5.9,0,0,0,0,0,0,4.33,0.25,16,-57.21,-3.58,-4.27,-2.89,-60.26,-3.77,-4.46,-3.08,-47.205,-2.95,-3.64,-2.26,-54.043,-3.38,-4.07,-2.69,-65.006,-4.06,-4.75,-3.37,9,52.9,9,52.9,1,5.9,9,52.9,1,5.9,2,11.8,0,0,0,0,0,0,0,0,0,0,0,0,0,0,1,5.9,0,0,0,0,0,0,3,0.18,14,0.82,2.5,0.15,4,0.24,0,0,24,1.4,28,1.6,22,1.3,7,0.4,7,0.4,0,0,11,0.6,5,0.3
202122,Academic year,Local authority,E92000001,England,E12000001,North East,394,E08000024,Sunderland,Provisional,Alternative Provision,Total,Total,Total,Total,1,7,4,0.6,2,28.6,0,0,0,0,0,0,0,0,0,0,0.17,0.02,7,-29.179,-4.17,-5.21,-3.12,-31.39,-4.48,-5.53,-3.44,-26.85,-3.84,-4.88,-2.79,-28.044,-4.01,-5.05,-2.96,-30.4,-4.34,-5.39,-3.3,2,28.6,1,14.3,0,0,2,28.6,1,14.3,0,0,0,0,0,0,0,0,0,0,0,0,0,0,0,0,0,0,0,0,0,0,0,0,0,0,1,0.14,0,0,0,0,0,0,2,0.3,2,0.3,0,0,0,0,0,0,0,0,0,0,0,0
202122,Academic year,Local authority,E92000001,England,E12000002,North West,340,E08000011,Knowsley,Provisional,Alternative Provision,Total,Total,Total,Total,2,18,37,2.1,2,11.1,0,0,1,5.6,0,0,0,0,0,0,1.83,0.1,15,-52.176,-3.48,-4.19,-2.77,-54.075,-3.61,-4.32,-2.89,-47.51,-3.17,-3.88,-2.45,-52.409,-3.49,-4.21,-2.78,-53.778,-3.59,-4.3,-2.87,5,27.8,3,16.7,2,11.1,4,22.2,0,0,0,0,0,0,1,5.6,0,0,0,0,0,0,0,0,1,5.6,1,5.6,0,0,0,0,0,0,7,0.39,4,0.22,0,0,0,0,0,0,16,0.9,8,0.4,0,0,13,0.7,5,0.3,8,0.4,0,0,4,0.2
202122,Academic year,Local authority,E92000001,England,E12000002,North West,341,E08000012,Liverpool,Provisional,Alternative Provision,Total,Total,Total,Total,4,59,378.5,6.4,30,50.8,1,1.7,4,6.8,0,0,0,0,0,0,28,0.47,54,-160.312,-2.97,-3.34,-2.59,-175.845,-3.26,-3.63,-2.88,-121.865,-2.26,-2.63,-1.88,-146.366,-2.71,-3.09,-2.33,-189.568,-3.51,-3.89,-3.13,31,52.5,27,45.8,4,6.8,30,50.8,18,30.5,1,1.7,0,0,1,1.7,1,1.7,0,0,0,0,0,0,3,5.1,5,8.5,3,16.7,0,0,0,0,16,0.27,60,1.02,45.5,0.77,1,0.02,0,0,92,1.6,120,2,114,1.9,52.5,0.9,47,0.8,5.5,0.1,45,0.8,18,0.3
202122,Academic year,Local authority,E92000001,England,E12000002,North West,342,E08000013,St. Helens,Provisional,Alternative Provision,Total,Total,Total,Total,2,17,50,2.9,3,17.6,0,0,0,0,0,0,0,0,0,0,2.33,0.14,15,-56.824,-3.79,-4.5,-3.08,-64.14,-4.28,-4.99,-3.56,-44.025,-2.94,-3.65,-2.22,-55.942,-3.73,-4.44,-3.02,-61.354,-4.09,-4.8,-3.38,5,29.4,5,29.4,0,0,4,23.5,0,0,0,0,0,0,0,0,1,5.9,0,0,0,0,0,0,0,0,2,11.8,0,0,0,0,0,0,0,0,14,0.82,0,0,0,0,0,0,8,0.5,28,1.6,7,0.4,7,0.4,7,0.4,0,0,3,0.2,3,0.2
202122,Academic year,Local authority,E92000001,England,E12000002,North West,343,E08000014,Sefton,Provisional,Alternative Provision,Total,Total,Total,Total,2,37,136,3.7,22,59.5,0,0,0,0,0,0,0,0,0,0,8.34,0.23,35,-119.499,-3.41,-3.88,-2.95,-123.715,-3.53,-4,-3.07,-89.895,-2.57,-3.04,-2.1,-120.801,-3.45,-3.92,-2.98,-135.136,-3.86,-4.33,-3.39,23,62.2,22,59.5,2,5.4,23,62.2,2,5.4,1,2.7,0,0,1,2.7,0,0,0,0,0,0,0,0,1,2.7,0,0,0,0,0,0,0,0,6,0.16,33,0.89,4,0.11,3,0.08,0,0,49,1.3,66,1.8,11,0.3,10,0.3,10,0.3,0,0,5,0.1,2,0.1
202122,Academic year,Local authority,E92000001,England,E12000002,North West,344,E08000015,Wirral,Provisional,Alternative Provision,Total,Total,Total,Total,1,29,60,2.1,4,13.8,1,3.4,1,3.4,0,0,0,0,0,0,5,0.17,25,-103.958,-4.16,-4.71,-3.61,-114.33,-4.57,-5.13,-4.02,-95.54,-3.82,-4.37,-3.27,-99.539,-3.98,-4.53,-3.43,-107.058,-4.28,-4.83,-3.73,5,17.2,4,13.8,1,3.4,5,17.2,2,6.9,0,0,0,0,1,3.4,1,3.4,1,50,0,0,0,0,1,3.4,1,3.4,1,50,0,0,0,0,5,0.17,10,0.34,7.5,0.26,0,0,0,0,12,0.4,20,0.7,15,0.5,13,0.4,13,0.4,0,0,4,0.1,3,0.1
202122,Academic year,Local authority,E92000001,England,E12000002,North West,350,E08000001,Bolton,Provisional,Alternative Provision,Total,Total,Total,Total,3,37,111,3,21,56.8,0,0,0,0,0,0,0,0,0,0,6.36,0.17,34,-126.541,-3.72,-4.2,-3.25,-132.075,-3.88,-4.36,-3.41,-97.455,-2.87,-3.34,-2.39,-127.418,-3.75,-4.22,-3.27,-141.343,-4.16,-4.63,-3.68,22,59.5,18,48.6,4,10.8,21,56.8,0,0,0,0,0,0,0,0,0,0,0,0,0,0,0,0,0,0,1,2.7,0,0,0,0,0,0,6,0.16,32,0.86,0,0,0,0,0,0,41,1.1,64,1.7,5,0.1,1,0,1,0,0,0,1,0,1,0
202122,Academic year,Local authority,E92000001,England,E12000002,North West,351,E08000002,Bury,Provisional,Alternative Provision,Total,Total,Total,Total,2,53,275,5.2,34,64.2,1,1.9,2,3.8,0,0,0,0,0,0,11.5,0.22,50,-158.324,-3.17,-3.56,-2.78,-161.42,-3.23,-3.62,-2.84,-112.9,-2.26,-2.65,-1.87,-162.042,-3.24,-3.63,-2.85,-182.819,-3.66,-4.05,-3.27,39,73.6,37,69.8,5,9.4,35,66,0,0,0,0,0,0,0,0,1,1.9,0,0,0,0,0,0,1,1.9,4,7.5,0,0,0,0,0,0,10,0.19,59,1.11,0,0,0,0,0,0,91,1.7,118,2.2,34,0.6,32,0.6,32,0.6,0,0,17,0.3,13,0.2
202122,Academic year,Local authority,E92000001,England,E12000002,North West,352,E08000003,Manchester,Provisional,Alternative Provision,Total,Total,Total,Total,2,72,765.5,10.6,52,72.2,0,0,7,9.7,0,0,0,0,0,0,29.18,0.41,68,-193.99,-2.85,-3.19,-2.52,-197.75,-2.91,-3.24,-2.57,-156.99,-2.31,-2.64,-1.97,-226.447,-3.33,-3.66,-3,-183.658,-2.7,-3.04,-2.37,61,84.7,54,75,29,40.3,53,73.6,0,0,3,4.2,0,0,4,5.6,0,0,0,0,0,0,0,0,7,9.7,10,13.9,0,0,0,0,0,0,76,1.06,95,1.32,0,0,4,0.06,0,0,203,2.8,190,2.6,85,1.2,287.5,4,190,2.6,97.5,1.4,40,0.6,96,1.3
202122,Academic year,Local authority,E92000001,England,E12000002,North West,353,E08000004,Oldham,Provisional,Alternative Provision,Total,Total,Total,Total,2,25,55,2.2,5,20,0,0,0,0,0,0,0,0,0,0,2.84,0.11,25,-89.672,-3.59,-4.14,-3.03,-95.77,-3.83,-4.38,-3.28,-70.845,-2.83,-3.39,-2.28,-88.705,-3.55,-4.1,-3,-99.114,-3.96,-4.52,-3.41,8,32,8,32,0,0,7,28,0,0,0,0,0,0,0,0,0,0,0,0,0,0,0,0,0,0,2,8,0,0,0,0,0,0,0,0,17,0.68,0,0,0,0,0,0,21,0.8,34,1.4,0,0,0,0,0,0,0,0,0,0,0,0
202122,Academic year,Local authority,E92000001,England,E12000002,North West,354,E08000005,Rochdale,Provisional,Alternative Provision,Total,Total,Total,Total,2,51,103,2,1,2,0,0,0,0,0,0,0,0,0,0,6.34,0.12,47,-182.635,-3.89,-4.29,-3.48,-211.41,-4.5,-4.9,-4.1,-143.195,-3.05,-3.45,-2.64,-181.563,-3.86,-4.27,-3.46,-190.809,-4.06,-4.46,-3.66,30,58.8,24,47.1,0,0,30,58.8,0,0,0,0,0,0,0,0,0,0,0,0,0,0,0,0,0,0,1,2,0,0,0,0,0,0,0,0,38,0.75,0,0,0,0,0,0,3,0.1,76,1.5,0,0,24,0.5,24,0.5,0,0,0,0,10,0.2
202122,Academic year,Local authority,E92000001,England,E12000002,North West,355,E08000006,Salford,Provisional,Alternative Provision,Total,Total,Total,Total,3,46,300,6.5,30,65.2,0,0,0,0,0,0,0,0,0,0,12.5,0.27,43,-143.724,-3.34,-3.76,-2.92,-157.94,-3.67,-4.09,-3.25,-101.45,-2.36,-2.78,-1.94,-160.565,-3.73,-4.16,-3.31,-145.547,-3.38,-3.81,-2.96,37,80.4,28,60.9,4,8.7,33,71.7,1,2.2,0,0,0,0,0,0,0,0,0,0,0,0,0,0,1,2.2,4,8.7,0,0,0,0,0,0,7,0.15,61,1.33,3.5,0.08,0,0,0,0,67,1.5,122,2.7,10,0.2,101,2.2,89,1.9,12,0.3,3,0.1,23,0.5
202122,Academic year,Local authority,E92000001,England,E12000002,North West,356,E08000007,Stockport,Provisional,Alternative Provision,Total,Total,Total,Total,4,47,212,4.5,24,51.1,0,0,2,4.3,0,0,0,0,0,0,10.67,0.23,43,-142.829,-3.32,-3.74,-2.9,-155.895,-3.63,-4.05,-3.2,-110.315,-2.57,-2.99,-2.14,-132.416,-3.08,-3.5,-2.66,-166.209,-3.87,-4.29,-3.44,31,66,26,55.3,0,0,31,66,3,6.4,0,0,0,0,0,0,2,4.3,2,66.7,0,0,0,0,0,0,4,8.5,2,66.7,0,0,0,0,0,0,44,0.94,10,0.21,0,0,0,0,55,1.2,88,1.9,62,1.3,7,0.1,7,0.1,0,0,24,0.5,2,0
202122,Academic year,Local authority,E92000001,England,E12000002,North West,357,E08000008,Tameside,Provisional,Alternative Provision,Total,Total,Total,Total,2,64,331.5,5.2,11,17.2,3,4.7,5,7.8,1,1.6,1,1.6,1,1.6,27.33,0.43,62,-219.855,-3.55,-3.9,-3.2,-241.125,-3.89,-4.24,-3.54,-189.75,-3.06,-3.41,-2.71,-212.967,-3.43,-3.79,-3.08,-232.658,-3.75,-4.1,-3.4,16,25,15,23.4,6,9.4,16,25,5,7.8,4,6.3,1,1.6,3,4.7,4,6.3,4,80,3,75,1,100,4,6.3,7,10.9,4,80,3,75,1,100,30,0.47,51,0.8,27,0.42,24,0.38,5,0.08,73,1.1,102,1.6,78,1.2,78.5,1.2,73,1.1,5.5,0.1,14,0.2,14,0.2
202122,Academic year,Local authority,E92000001,England,E12000002,North West,358,E08000009,Trafford,Provisional,Alternative Provision,Total,Total,Total,Total,2,15,79,5.3,9,60,0,0,0,0,0,0,0,0,0,0,6.01,0.4,15,-48.014,-3.2,-3.91,-2.49,-52.175,-3.48,-4.19,-2.77,-33.31,-2.22,-2.93,-1.51,-46.522,-3.1,-3.81,-2.39,-56.536,-3.77,-4.48,-3.06,11,73.3,9,60,1,6.7,9,60,9,60,0,0,0,0,0,0,0,0,0,0,0,0,0,0,0,0,2,13.3,0,0,0,0,0,0,0,0,18,1.2,9,0.6,0,0,0,0,20,1.3,36,2.4,18,1.2,5,0.3,5,0.3,0,0,12,0.8,1,0.1
202122,Academic year,Local authority,E92000001,England,E12000002,North West,359,E08000010,Wigan,Provisional,Alternative Provision,Total,Total,Total,Total,2,68,318,4.7,28,41.2,2,2.9,4,5.9,0,0,0,0,0,0,18.33,0.27,63,-233.968,-3.71,-4.06,-3.37,-232.065,-3.68,-4.03,-3.34,-186.895,-2.97,-3.31,-2.62,-248.933,-3.95,-4.3,-3.6,-251.644,-3.99,-4.34,-3.65,33,48.5,32,47.1,13,19.1,28,41.2,0,0,3,4.4,1,1.5,3,4.4,4,5.9,0,0,0,0,0,0,3,4.4,5,7.4,0,0,0,0,0,0,40,0.59,64,0.94,0,0,6,0.09,0,0,120,1.8,128,1.9,6,0.1,64,0.9,52,0.8,12,0.2,3,0,24,0.4
202122,Academic year,Local authority,E92000001,England,E12000002,North West,876,E06000006,Halton,Provisional,Alternative Provision,Total,Total,Total,Total,2,23,66,2.9,9,39.1,0,0,2,8.7,0,0,0,0,0,0,2.99,0.13,22,-86.222,-3.92,-4.51,-3.33,-91.605,-4.16,-4.75,-3.58,-71.37,-3.24,-3.83,-2.66,-83.804,-3.81,-4.4,-3.22,-94.952,-4.32,-4.9,-3.73,9,39.1,9,39.1,1,4.3,9,39.1,0,0,0,0,0,0,0,0,0,0,0,0,0,0,0,0,0,0,2,8.7,0,0,0,0,0,0,2,0.09,16,0.7,0,0,0,0,0,0,20,0.9,32,1.4,13,0.6,1,0,1,0,0,0,7,0.3,1,0
202122,Academic year,Local authority,E92000001,England,E12000002,North West,877,E06000007,Warrington,Provisional,Alternative Provision,Total,Total,Total,Total,2,7,27,3.9,4,57.1,0,0,0,0,0,0,0,0,0,0,2.5,0.36,6,-22.016,-3.67,-4.8,-2.54,-23.295,-3.88,-5.01,-2.76,-19.285,-3.21,-4.34,-2.09,-19.543,-3.26,-4.38,-2.13,-25.461,-4.24,-5.37,-3.12,4,57.1,3,42.9,0,0,4,57.1,3,42.9,1,14.3,0,0,0,0,0,0,0,0,0,0,0,0,0,0,0,0,0,0,0,0,0,0,0,0,4,0.57,5.5,0.79,0,0,0,0,8,1.1,8,1.1,11,1.6,0,0,0,0,0,0,6,0.9,0,0
202122,Academic year,Local authority,E92000001,England,E12000002,North West,888,E10000017,Lancashire,Provisional,Alternative Provision,Total,Total,Total,Total,8,192,1600,8.3,126,65.6,6,3.1,12,6.3,0,0,0,0,0,0,115.35,0.6,177,-576.719,-3.26,-3.47,-3.05,-595.97,-3.37,-3.57,-3.16,-432.175,-2.44,-2.65,-2.23,-565.152,-3.19,-3.4,-2.99,-671.736,-3.8,-4,-3.59,137,71.4,127,66.1,36,18.8,131,68.2,42,21.9,17,8.9,3,1.6,13,6.8,6,3.1,3,7.1,4,23.5,3,100,16,8.3,20,10.4,11,26.2,5,29.4,3,100,126,0.66,263,1.37,120.5,0.63,46,0.24,16,0.08,433,2.3,526,2.7,382.5,2,258.5,1.3,236.5,1.2,22,0.1,128,0.7,73,0.4
202122,Academic year,Local authority,E92000001,England,E12000002,North West,889,E06000008,Blackburn with Darwen,Provisional,Alternative Provision,Total,Total,Total,Total,3,36,345.25,9.6,26,72.2,0,0,2,5.6,0,0,0,0,0,0,27.01,0.75,30,-81.115,-2.7,-3.21,-2.2,-79.865,-2.66,-3.17,-2.16,-60.6,-2.02,-2.52,-1.52,-76.2,-2.54,-3.04,-2.04,-100.541,-3.35,-3.86,-2.85,30,83.3,27,75,6,16.7,30,83.3,18,50,0,0,0,0,2,5.6,0,0,0,0,0,0,0,0,4,11.1,3,8.3,3,16.7,0,0,0,0,26,0.72,50,1.39,43,1.19,0,0,0,0,97,2.7,100,2.8,94,2.6,54.25,1.5,49,1.4,5.25,0.1,39,1.1,19,0.5
202122,Academic year,Local authority,E92000001,England,E12000002,North West,890,E06000009,Blackpool,Provisional,Alternative Provision,Total,Total,Total,Total,2,68,306,4.5,21,30.9,2,2.9,3,4.4,0,0,0,0,0,0,8.83,0.13,59,-191.923,-3.25,-3.61,-2.89,-213.86,-3.62,-3.98,-3.27,-157.785,-2.67,-3.03,-2.31,-194.614,-3.3,-3.66,-2.94,-197.373,-3.35,-3.7,-2.99,27,39.7,24,35.3,1,1.5,23,33.8,0,0,0,0,0,0,1,1.5,2,2.9,0,0,0,0,0,0,1,1.5,4,5.9,0,0,0,0,0,0,5,0.07,48,0.71,0,0,0,0,0,0,66,1,96,1.4,40,0.6,104,1.5,104,1.5,0,0,16,0.2,29,0.4
202122,Academic year,Local authority,E92000001,England,E12000002,North West,895,E06000049,Cheshire East,Provisional,Alternative Provision,Total,Total,Total,Total,3,33,144,4.4,14,42.4,0,0,1,3,0,0,0,0,0,0,10,0.3,27,-72.799,-2.7,-3.23,-2.16,-85.725,-3.17,-3.71,-2.64,-55.78,-2.07,-2.6,-1.53,-66.586,-2.47,-3,-1.93,-81.76,-3.03,-3.56,-2.5,19,57.6,16,48.5,0,0,15,45.5,9,27.3,0,0,0,0,0,0,0,0,1,11.1,0,0,0,0,0,0,1,3,1,11.1,0,0,0,0,0,0,20,0.61,20,0.61,0,0,0,0,25,0.8,40,1.2,42,1.3,37,1.1,33,1,4,0.1,20,0.6,9,0.3
202122,Academic year,Local authority,E92000001,England,E12000002,North West,896,E06000050,Cheshire West and Chester,Provisional,Alternative Provision,Total,Total,Total,Total,3,33,149,4.5,19,57.6,0,0,0,0,0,0,0,0,0,0,8.84,0.27,31,-104.988,-3.39,-3.88,-2.89,-104.49,-3.37,-3.87,-2.87,-84.26,-2.72,-3.21,-2.22,-107.765,-3.48,-3.97,-2.98,-116.335,-3.75,-4.25,-3.26,20,60.6,18,54.5,7,21.2,20,60.6,2,6.1,0,0,0,0,0,0,0,0,0,0,0,0,0,0,1,3,0,0,0,0,0,0,0,0,21,0.64,27,0.82,2.5,0.08,0,0,0,0,57,1.7,54,1.6,14,0.4,24,0.7,24,0.7,0,0,7,0.2,9,0.3
202122,Academic year,Local authority,E92000001,England,E12000002,North West,909,E10000006,Cumbria,Provisional,Alternative Provision,Total,Total,Total,Total,4,49,316.75,6.5,28,57.1,1,2,1,2,0,0,0,0,0,0,20.51,0.42,44,-131.384,-2.99,-3.4,-2.57,-148.275,-3.37,-3.79,-2.95,-98.82,-2.25,-2.66,-1.83,-131.838,-3,-3.41,-2.58,-141.381,-3.21,-3.63,-2.8,31,63.3,29,59.2,7,14.3,28,57.1,13,26.5,1,2,0,0,0,0,2,4.1,1,7.7,0,0,0,0,1,2,4,8.2,2,15.4,0,0,0,0,17,0.35,51,1.04,27.5,0.56,0,0,0,0,66,1.3,102,2.1,65,1.3,83.75,1.7,70,1.4,13.75,0.3,28,0.6,28,0.6
202122,Academic year,Local authority,E92000001,England,E12000003,Yorkshire and The Humber,810,E06000010,"Kingston upon Hull, City of",Provisional,Alternative Provision,Total,Total,Total,Total,5,134,722.75,5.4,86,64.2,1,0.7,1,0.7,0,0,0,0,0,0,39.38,0.29,112,-373.351,-3.33,-3.59,-3.07,-406.895,-3.63,-3.89,-3.37,-324.755,-2.9,-3.16,-2.64,-379.835,-3.39,-3.65,-3.13,-376.924,-3.37,-3.63,-3.1,103,76.9,86,64.2,52,38.8,92,68.7,22,16.4,20,14.9,0,0,1,0.7,2,1.5,0,0,0,0,0,0,3,2.2,5,3.7,0,0,0,0,0,0,51,0.38,95,0.71,42,0.31,6,0.04,0,0,174,1.3,190,1.4,103,0.8,255.75,1.9,202,1.5,53.75,0.4,55,0.4,78,0.6
202122,Academic year,Local authority,E92000001,England,E12000003,Yorkshire and The Humber,811,E06000011,East Riding of Yorkshire,Provisional,Alternative Provision,Total,Total,Total,Total,2,43,177.25,4.1,15,34.9,0,0,0,0,0,0,0,0,0,0,10.5,0.24,39,-133.753,-3.43,-3.87,-2.99,-154.75,-3.97,-4.41,-3.53,-108.38,-2.78,-3.22,-2.34,-128.922,-3.31,-3.75,-2.86,-141.48,-3.63,-4.07,-3.19,24,55.8,20,46.5,1,2.3,20,46.5,6,14,6,14,0,0,0,0,0,0,0,0,0,0,0,0,0,0,0,0,0,0,0,0,0,0,0,0,33,0.77,12.5,0.29,5,0.12,0,0,28,0.7,66,1.5,37,0.9,46.25,1.1,41,1,5.25,0.1,19,0.4,17,0.4
202122,Academic year,Local authority,E92000001,England,E12000003,Yorkshire and The Humber,812,E06000012,North East Lincolnshire,Provisional,Alternative Provision,Total,Total,Total,Total,3,25,132.5,5.3,15,60,0,0,0,0,0,0,0,0,0,0,10.18,0.41,24,-68.879,-2.87,-3.43,-2.31,-75.255,-3.14,-3.7,-2.57,-50.51,-2.1,-2.67,-1.54,-65.657,-2.74,-3.3,-2.17,-80.125,-3.34,-3.9,-2.77,16,64,16,64,0,0,15,60,8,32,0,0,0,0,0,0,0,0,0,0,0,0,0,0,0,0,1,4,1,12.5,0,0,0,0,0,0,25,1,18,0.72,0,0,0,0,33,1.3,50,2,36,1.4,13.5,0.5,8,0.3,5.5,0.2,16,0.6,6,0.2
202122,Academic year,Local authority,E92000001,England,E12000003,Yorkshire and The Humber,813,E06000013,North Lincolnshire,Provisional,Alternative Provision,Total,Total,Total,Total,2,9,19,2.1,3,33.3,0,0,0,0,0,0,0,0,0,0,0.84,0.09,8,-24.361,-3.05,-4.02,-2.07,-26.34,-3.29,-4.27,-2.32,-21.37,-2.67,-3.65,-1.7,-23.555,-2.94,-3.92,-1.97,-25.853,-3.23,-4.21,-2.26,3,33.3,3,33.3,1,11.1,3,33.3,1,11.1,0,0,0,0,0,0,0,0,0,0,0,0,0,0,0,0,0,0,0,0,0,0,0,0,1,0.11,2,0.22,1,0.11,0,0,0,0,7,0.8,4,0.4,2,0.2,6,0.7,6,0.7,0,0,2,0.2,2,0.2
202122,Academic year,Local authority,E92000001,England,E12000003,Yorkshire and The Humber,815,E10000023,North Yorkshire,Provisional,Alternative Provision,Total,Total,Total,Total,6,30,130,4.3,10,33.3,0,0,0,0,0,0,0,0,0,0,10.33,0.34,25,-80.275,-3.21,-3.76,-2.66,-86.605,-3.46,-4.02,-2.91,-63.735,-2.55,-3.1,-2,-75.27,-3.01,-3.56,-2.46,-92.056,-3.68,-4.23,-3.13,16,53.3,13,43.3,4,13.3,12,40,7,23.3,0,0,1,3.3,0,0,0,0,0,0,0,0,1,100,0,0,1,3.3,1,14.3,0,0,1,100,8,0.27,21,0.7,12.5,0.42,0,0,8,0.27,34,1.1,42,1.4,40,1.3,14,0.5,14,0.5,0,0,14,0.5,5,0.2
202122,Academic year,Local authority,E92000001,England,E12000003,Yorkshire and The Humber,816,E06000014,York,Provisional,Alternative Provision,Total,Total,Total,Total,1,55,587.5,10.7,34,61.8,4,7.3,6,10.9,0,0,0,0,0,0,30.17,0.55,50,-138.279,-2.77,-3.16,-2.38,-150.57,-3.01,-3.4,-2.62,-93.785,-1.88,-2.27,-1.49,-148.466,-2.97,-3.36,-2.58,-149.584,-2.99,-3.38,-2.6,45,81.8,43,78.2,7,12.7,40,72.7,2,3.6,14,25.5,0,0,4,7.3,5,9.1,2,100,3,21.4,0,0,6,10.9,8,14.5,2,100,5,35.7,0,0,31,0.56,91,1.65,10.5,0.19,38,0.69,0,0,134,2.4,182,3.3,101,1.8,170.5,3.1,136,2.5,34.5,0.6,30,0.5,55,1
202122,Academic year,Local authority,E92000001,England,E12000003,Yorkshire and The Humber,370,E08000016,Barnsley,Provisional,Alternative Provision,Total,Total,Total,Total,2,18,80.25,4.5,9,50,0,0,0,0,0,0,0,0,0,0,3.51,0.2,14,-34.938,-2.5,-3.23,-1.76,-38.44,-2.75,-3.48,-2.01,-25.495,-1.82,-2.56,-1.08,-38.366,-2.74,-3.48,-2,-35.499,-2.54,-3.27,-1.8,9,50,7,38.9,3,16.7,9,50,0,0,0,0,0,0,0,0,0,0,0,0,0,0,0,0,0,0,0,0,0,0,0,0,0,0,9,0.5,12,0.67,0,0,0,0,0,0,26,1.4,24,1.3,0,0,30.25,1.7,18,1,12.25,0.7,0,0,15,0.8
202122,Academic year,Local authority,E92000001,England,E12000003,Yorkshire and The Humber,371,E08000017,Doncaster,Provisional,Alternative Provision,Total,Total,Total,Total,3,25,93.25,3.7,8,32,1,4,1,4,0,0,0,0,0,0,6.34,0.25,19,-53.675,-2.82,-3.46,-2.19,-60.815,-3.2,-3.83,-2.57,-42.89,-2.26,-2.89,-1.62,-50.126,-2.64,-3.27,-2,-59.662,-3.14,-3.77,-2.51,9,36,8,32,1,4,8,32,2,8,0,0,0,0,1,4,1,4,1,50,0,0,0,0,1,4,1,4,2,100,0,0,0,0,6,0.24,13,0.52,9.5,0.38,0,0,0,0,21,0.8,26,1,25,1,21.25,0.9,9,0.4,12.25,0.5,7,0.3,5,0.2
202122,Academic year,Local authority,E92000001,England,E12000003,Yorkshire and The Humber,372,E08000018,Rotherham,Provisional,Alternative Provision,Total,Total,Total,Total,3,68,358,5.3,35,51.5,2,2.9,3,4.4,0,0,0,0,0,0,20.49,0.3,60,-195.571,-3.26,-3.62,-2.9,-196.75,-3.28,-3.64,-2.92,-139.13,-2.32,-2.68,-1.96,-201.071,-3.35,-3.71,-2.99,-226.931,-3.78,-4.14,-3.43,39,57.4,38,55.9,3,4.4,37,54.4,2,2.9,0,0,0,0,2,2.9,3,4.4,2,100,0,0,0,0,2,2.9,4,5.9,2,100,0,0,0,0,17,0.25,76,1.12,15,0.22,0,0,0,0,119,1.8,152,2.2,47,0.7,40,0.6,40,0.6,0,0,9,0.1,7,0.1
202122,Academic year,Local authority,E92000001,England,E12000003,Yorkshire and The Humber,373,E08000019,Sheffield,Provisional,Alternative Provision,Total,Total,Total,Total,2,80,325,4.1,39,48.8,0,0,1,1.3,0,0,0,0,0,0,15.49,0.19,68,-213.459,-3.14,-3.47,-2.8,-231.04,-3.4,-3.73,-3.06,-156.095,-2.3,-2.63,-1.96,-208.7,-3.07,-3.4,-2.73,-244.714,-3.6,-3.93,-3.26,48,60,41,51.3,5,6.3,45,56.3,3,3.8,0,0,1,1.3,1,1.3,0,0,0,0,0,0,0,0,1,1.3,2,2.5,0,0,0,0,0,0,16,0.2,68,0.85,4.5,0.06,0,0,0,0,90,1.1,136,1.7,60,0.8,39,0.5,31,0.4,8,0.1,31,0.4,15,0.2
202122,Academic year,Local authority,E92000001,England,E12000003,Yorkshire and The Humber,380,E08000032,Bradford,Provisional,Alternative Provision,Total,Total,Total,Total,2,26,53,2,11,42.3,0,0,1,3.8,0,0,0,0,0,0,2.84,0.11,22,-82.99,-3.77,-4.36,-3.18,-86.965,-3.95,-4.54,-3.36,-67.635,-3.07,-3.66,-2.49,-82.275,-3.74,-4.33,-3.15,-91.279,-4.15,-4.74,-3.56,13,50,9,34.6,1,3.8,11,42.3,0,0,0,0,0,0,0,0,0,0,0,0,0,0,0,0,0,0,1,3.8,0,0,0,0,0,0,2,0.08,15,0.58,0,0,0,0,0,0,22,0.8,30,1.2,1,0,0,0,0,0,0,0,1,0,0,0
202122,Academic year,Local authority,E92000001,England,E12000003,Yorkshire and The Humber,381,E08000033,Calderdale,Provisional,Alternative Provision,Total,Total,Total,Total,2,24,135,5.6,15,62.5,1,4.2,1,4.2,0,0,0,0,0,0,9.34,0.39,20,-58.08,-2.9,-3.52,-2.29,-44.39,-2.22,-2.84,-1.6,-43.705,-2.19,-2.8,-1.57,-66.92,-3.35,-3.96,-2.73,-67.955,-3.4,-4.02,-2.78,16,66.7,14,58.3,12,50,15,62.5,1,4.2,0,0,0,0,2,8.3,1,4.2,0,0,0,0,0,0,2,8.3,1,4.2,0,0,0,0,0,0,35,1.46,21,0.88,0,0,0,0,0,0,72,3,42,1.8,0,0,21,0.9,21,0.9,0,0,0,0,11,0.5
202122,Academic year,Local authority,E92000001,England,E12000003,Yorkshire and The Humber,382,E08000034,Kirklees,Provisional,Alternative Provision,Total,Total,Total,Total,2,16,113.25,7.1,6,37.5,0,0,1,6.3,0,0,0,0,0,0,7.17,0.45,15,-40.124,-2.67,-3.39,-1.96,-44.595,-2.97,-3.69,-2.26,-24.41,-1.63,-2.34,-0.91,-40.648,-2.71,-3.42,-2,-47.1,-3.14,-3.85,-2.43,9,56.3,7,43.8,2,12.5,8,50,2,12.5,2,12.5,0,0,0,0,0,0,0,0,0,0,0,0,2,12.5,3,18.8,1,50,0,0,0,0,8,0.5,22,1.38,6.5,0.41,0,0,0,0,27,1.7,44,2.8,21,1.3,21.25,1.3,16,1,5.25,0.3,6,0.4,8,0.5
202122,Academic year,Local authority,E92000001,England,E12000003,Yorkshire and The Humber,383,E08000035,Leeds,Provisional,Alternative Provision,Total,Total,Total,Total,2,17,26,1.5,7,41.2,0,0,0,0,0,0,0,0,0,0,1.34,0.08,15,-46.869,-3.12,-3.84,-2.41,-50.645,-3.38,-4.09,-2.66,-35.94,-2.4,-3.11,-1.68,-46.173,-3.08,-3.79,-2.37,-52.344,-3.49,-4.2,-2.78,8,47.1,6,35.3,0,0,7,41.2,0,0,0,0,0,0,0,0,0,0,0,0,0,0,0,0,0,0,0,0,0,0,0,0,0,0,0,0,8,0.47,0,0,0,0,0,0,10,0.6,16,0.9,0,0,0,0,0,0,0,0,0,0,0,0
202122,Academic year,Local authority,E92000001,England,E12000003,Yorkshire and The Humber,384,E08000036,Wakefield,Provisional,Alternative Provision,Total,Total,Total,Total,3,49,270.25,5.5,36,73.5,0,0,0,0,0,0,0,0,0,0,8.02,0.16,49,-151.71,-3.1,-3.49,-2.7,-165.715,-3.38,-3.78,-2.99,-118.51,-2.42,-2.81,-2.02,-148.708,-3.03,-3.43,-2.64,-167.486,-3.42,-3.81,-3.02,37,75.5,35,71.4,1,2,36,73.5,0,0,0,0,0,0,0,0,0,0,0,0,0,0,0,0,0,0,0,0,0,0,0,0,0,0,3,0.06,45,0.92,0,0,0,0,0,0,69,1.4,90,1.8,53,1.1,58.25,1.2,54,1.1,4.25,0.1,31,0.6,18,0.4
202122,Academic year,Local authority,E92000001,England,E12000004,East Midlands,830,E10000007,Derbyshire,Provisional,Alternative Provision,Total,Total,Total,Total,4,98,542.13,5.5,41,41.8,1,1,1,1,0,0,0,0,0,0,47.37,0.48,89,-293.208,-3.29,-3.59,-3,-297.12,-3.34,-3.63,-3.05,-239.325,-2.69,-2.98,-2.4,-277.515,-3.12,-3.41,-2.83,-342.239,-3.85,-4.14,-3.55,43,43.9,43,43.9,20,20.4,43,43.9,30,30.6,6,6.1,0,0,1,1,1,1,1,3.3,0,0,0,0,4,4.1,3,3.1,2,6.7,1,16.7,0,0,61,0.62,82,0.84,64.07,0.65,13,0.13,0,0,175,1.8,164,1.7,156.13,1.6,47,0.5,47,0.5,0,0,69,0.7,24,0.2
202122,Academic year,Local authority,E92000001,England,E12000004,East Midlands,831,E06000015,Derby,Provisional,Alternative Provision,Total,Total,Total,Total,3,21,178.25,8.5,16,76.2,0,0,0,0,0,0,0,0,0,0,13.67,0.65,21,-56.641,-2.7,-3.3,-2.09,-58.365,-2.78,-3.38,-2.18,-46.775,-2.23,-2.83,-1.62,-54.424,-2.59,-3.19,-1.99,-64.28,-3.06,-3.66,-2.46,16,76.2,16,76.2,9,42.9,16,76.2,12,57.1,0,0,0,0,1,4.8,0,0,0,0,0,0,0,0,1,4.8,0,0,0,0,0,0,0,0,20,0.95,21,1,20.5,0.98,0,0,0,0,50,2.4,42,2,45,2.1,41.25,2,25,1.2,16.25,0.8,25,1.2,18,0.9
202122,Academic year,Local authority,E92000001,England,E12000004,East Midlands,855,E10000018,Leicestershire,Provisional,Alternative Provision,Total,Total,Total,Total,1,27,4,0.1,0,0,0,0,0,0,0,0,0,0,0,0,0.67,0.02,21,-64.624,-3.08,-3.68,-2.47,-74.19,-3.53,-4.14,-2.93,-56.775,-2.7,-3.31,-2.1,-58.621,-2.79,-3.39,-2.19,-69.504,-3.31,-3.91,-2.71,1,3.7,1,3.7,0,0,0,0,0,0,1,3.7,0,0,0,0,0,0,0,0,0,0,0,0,0,0,0,0,0,0,1,100,0,0,0,0,0,0,0,0,4,0.15,0,0,0,0,0,0,4,0.1,0,0,0,0,0,0,1,0,0,0
202122,Academic year,Local authority,E92000001,England,E12000004,East Midlands,856,E06000016,Leicester,Provisional,Alternative Provision,Total,Total,Total,Total,2,18,18,1,1,5.6,0,0,1,5.6,0,0,0,0,0,0,0.83,0.05,15,-59.384,-3.96,-4.67,-3.25,-65.255,-4.35,-5.06,-3.64,-52.19,-3.48,-4.19,-2.77,-57.998,-3.87,-4.58,-3.15,-61.669,-4.11,-4.82,-3.4,2,11.1,2,11.1,0,0,1,5.6,0,0,0,0,0,0,0,0,1,5.6,0,0,0,0,0,0,0,0,1,5.6,0,0,0,0,0,0,0,0,5,0.28,0,0,0,0,0,0,4,0.2,10,0.6,0,0,4,0.2,0,0,4,0.2,0,0,1,0.1
202122,Academic year,Local authority,E92000001,England,E12000004,East Midlands,857,E06000017,Rutland,Provisional,Alternative Provision,Total,Total,Total,Total,1,2,0,0,0,0,0,0,0,0,0,0,0,0,0,0,0,0,1,-2.776,-2.78,-5.54,-0.01,-3.285,-3.29,-6.05,-0.52,-2.335,-2.34,-5.1,0.43,-2.48,-2.48,-5.24,0.28,-3.027,-3.03,-5.79,-0.27,0,0,0,0,0,0,0,0,0,0,0,0,0,0,0,0,0,0,0,0,0,0,0,0,0,0,0,0,0,0,0,0,0,0,z,0,z,0,0,0,z,0,z,0,0,0,0,0,0,0,0,0,0,0,0,0,0,0,0,0
202122,Academic year,Local authority,E92000001,England,E12000004,East Midlands,925,E10000019,Lincolnshire,Provisional,Alternative Provision,Total,Total,Total,Total,5,74,182,2.5,20,27,1,1.4,4,5.4,0,0,0,0,0,0,12.17,0.16,67,-251.003,-3.75,-4.08,-3.41,-264.795,-3.95,-4.29,-3.61,-200.495,-2.99,-3.33,-2.66,-248.696,-3.71,-4.05,-3.37,-277.762,-4.15,-4.48,-3.81,24,32.4,23,31.1,3,4.1,23,31.1,1,1.4,1,1.4,0,0,1,1.4,1,1.4,1,100,0,0,0,0,2,2.7,4,5.4,1,100,0,0,0,0,11,0.15,51,0.69,5.5,0.07,0,0,0,0,63,0.9,102,1.4,17,0.2,0,0,0,0,0,0,5,0.1,0,0
202122,Academic year,Local authority,E92000001,England,E12000004,East Midlands,940,E06000061,North Northamptonshire,Provisional,Alternative Provision,Total,Total,Total,Total,1,7,10.25,1.5,1,14.3,0,0,0,0,0,0,0,0,0,0,0,0,5,-15.387,-3.08,-4.31,-1.84,-18.735,-3.75,-4.98,-2.51,-14.525,-2.91,-4.14,-1.67,-15.094,-3.02,-4.25,-1.78,-14.03,-2.81,-4.04,-1.57,2,28.6,1,14.3,0,0,1,14.3,0,0,0,0,0,0,0,0,0,0,0,0,0,0,0,0,0,0,0,0,0,0,0,0,0,0,0,0,0,0,0,0,0,0,0,0,0,0,0,0,0,0,10.25,1.5,0,0,10.25,1.5,0,0,2,0.3
202122,Academic year,Local authority,E92000001,England,E12000004,East Midlands,941,E06000062,West Northamptonshire,Provisional,Alternative Provision,Total,Total,Total,Total,3,54,613,11.4,30,55.6,1,1.9,6,11.1,0,0,0,0,0,0,27.68,0.51,49,-128.942,-2.63,-3.03,-2.24,-131.005,-2.67,-3.07,-2.28,-101.605,-2.07,-2.47,-1.68,-162.034,-3.31,-3.7,-2.91,-112.696,-2.3,-2.69,-1.91,38,70.4,38,70.4,17,31.5,30,55.6,1,1.9,14,25.9,0,0,3,5.6,2,3.7,0,0,0,0,0,0,7,13,8,14.8,0,0,1,7.1,0,0,59,1.09,74,1.37,2.5,0.05,28,0.52,0,0,161,3,148,2.7,42,0.8,262,4.9,258,4.8,4,0.1,17,0.3,64,1.2
202122,Academic year,Local authority,E92000001,England,E12000004,East Midlands,891,E10000024,Nottinghamshire,Provisional,Alternative Provision,Total,Total,Total,Total,1,77,89.75,1.2,11,14.3,0,0,1,1.3,0,0,0,0,0,0,6.67,0.09,64,-212.484,-3.32,-3.67,-2.97,-237.815,-3.72,-4.06,-3.37,-180.73,-2.82,-3.17,-2.48,-200.196,-3.13,-3.47,-2.78,-229.118,-3.58,-3.93,-3.23,17,22.1,8,10.4,3,3.9,13,16.9,4,5.2,1,1.3,0,0,0,0,1,1.3,0,0,0,0,0,0,1,1.3,3,3.9,1,25,0,0,0,0,9,0.12,20,0.26,4,0.05,3,0.04,0,0,25,0.3,40,0.5,15,0.2,9.75,0.1,5,0.1,4.75,0.1,5,0.1,4,0.1
202122,Academic year,Local authority,E92000001,England,E12000004,East Midlands,892,E06000018,Nottingham,Provisional,Alternative Provision,Total,Total,Total,Total,4,95,506.25,5.3,36,37.9,3,3.2,6,6.3,0,0,0,0,0,0,31.19,0.33,81,-253.925,-3.13,-3.44,-2.83,-280.265,-3.46,-3.77,-3.15,-199.93,-2.47,-2.78,-2.16,-251.124,-3.1,-3.41,-2.79,-275.17,-3.4,-3.7,-3.09,51,53.7,41,43.2,9,9.5,44,46.3,8,8.4,9,9.5,1,1.1,3,3.2,4,4.2,2,25,3,33.3,1,100,4,4.2,7,7.4,5,62.5,3,33.3,1,100,25,0.26,78,0.82,26,0.27,23,0.24,9,0.09,116,1.2,156,1.6,105,1.1,129.25,1.4,103,1.1,26.25,0.3,32,0.3,40,0.4
202122,Academic year,Local authority,E92000001,England,E12000005,West Midlands,893,E06000051,Shropshire,Provisional,Alternative Provision,Total,Total,Total,Total,2,33,122,3.7,12,36.4,0,0,0,0,0,0,0,0,0,0,5.68,0.17,27,-83.761,-3.1,-3.63,-2.57,-95.06,-3.52,-4.05,-2.99,-67.19,-2.49,-3.02,-1.96,-79.819,-2.96,-3.49,-2.42,-91.236,-3.38,-3.91,-2.85,16,48.5,14,42.4,0,0,12,36.4,2,6.1,3,9.1,0,0,0,0,0,0,0,0,0,0,0,0,0,0,0,0,0,0,0,0,0,0,0,0,22,0.67,4,0.12,4,0.12,0,0,25,0.8,44,1.3,27,0.8,26,0.8,26,0.8,0,0,15,0.5,7,0.2
202122,Academic year,Local authority,E92000001,England,E12000005,West Midlands,894,E06000020,Telford and Wrekin,Provisional,Alternative Provision,Total,Total,Total,Total,3,26,163,6.3,14,53.8,0,0,0,0,0,0,0,0,0,0,10.85,0.42,23,-86.673,-3.77,-4.34,-3.19,-101.265,-4.4,-4.98,-3.83,-76.21,-3.31,-3.89,-2.74,-83.943,-3.65,-4.23,-3.07,-86.637,-3.77,-4.34,-3.19,14,53.8,14,53.8,0,0,14,53.8,12,46.2,0,0,0,0,0,0,0,0,0,0,0,0,0,0,0,0,0,0,0,0,0,0,0,0,0,0,22,0.85,21.5,0.83,0,0,0,0,23,0.9,44,1.7,43,1.7,53,2,49,1.9,4,0.2,22,0.8,19,0.7
202122,Academic year,Local authority,E92000001,England,E12000005,West Midlands,884,E06000019,"Herefordshire, County of",Provisional,Alternative Provision,Total,Total,Total,Total,2,20,50,2.5,2,10,1,5,1,5,0,0,0,0,0,0,4.17,0.21,15,-42.352,-2.82,-3.54,-2.11,-50.385,-3.36,-4.07,-2.65,-33.675,-2.24,-2.96,-1.53,-40.522,-2.7,-3.41,-1.99,-44.615,-2.97,-3.69,-2.26,3,15,3,15,1,5,2,10,1,5,0,0,0,0,1,5,1,5,1,100,0,0,0,0,1,5,2,10,1,100,0,0,0,0,6,0.3,9,0.45,5,0.25,0,0,0,0,12,0.6,18,0.9,10,0.5,10,0.5,10,0.5,0,0,2,0.1,3,0.2
202122,Academic year,Local authority,E92000001,England,E12000005,West Midlands,885,E10000034,Worcestershire,Provisional,Alternative Provision,Total,Total,Total,Total,5,53,361.75,6.8,37,69.8,0,0,0,0,0,0,0,0,0,0,22.19,0.42,47,-142.944,-3.04,-3.44,-2.64,-157.885,-3.36,-3.76,-2.96,-108.28,-2.3,-2.71,-1.9,-136.062,-2.89,-3.3,-2.49,-162.987,-3.47,-3.87,-3.07,40,75.5,36,67.9,4,7.5,37,69.8,16,30.2,3,5.7,0,0,0,0,0,0,0,0,0,0,0,0,0,0,1,1.9,0,0,0,0,0,0,7,0.13,59,1.11,32.5,0.61,2,0.04,0,0,80,1.5,118,2.2,96,1.8,67.75,1.3,63,1.2,4.75,0.1,46,0.9,29,0.5
202122,Academic year,Local authority,E92000001,England,E12000005,West Midlands,937,E10000031,Warwickshire,Provisional,Alternative Provision,Total,Total,Total,Total,1,24,30,1.3,10,41.7,0,0,0,0,0,0,0,0,0,0,3,0.13,20,-60.802,-3.04,-3.66,-2.42,-67.86,-3.39,-4.01,-2.78,-51.175,-2.56,-3.18,-1.94,-55.269,-2.76,-3.38,-2.15,-68.043,-3.4,-4.02,-2.78,14,58.3,5,20.8,1,4.2,13,54.2,5,20.8,1,4.2,1,4.2,0,0,0,0,0,0,0,0,0,0,0,0,0,0,1,20,0,0,0,0,3,0.13,5,0.21,4,0.17,2,0.08,0,0,10,0.4,10,0.4,10,0.4,0,0,0,0,0,0,3,0.1,0,0
202122,Academic year,Local authority,E92000001,England,E12000005,West Midlands,860,E10000028,Staffordshire,Provisional,Alternative Provision,Total,Total,Total,Total,7,77,569.25,7.4,48,62.3,1,1.3,5,6.5,0,0,0,0,0,0,28.87,0.37,67,-216.649,-3.23,-3.57,-2.9,-236.725,-3.53,-3.87,-3.2,-153.305,-2.29,-2.63,-1.95,-232.129,-3.46,-3.8,-3.13,-229.998,-3.43,-3.77,-3.1,56,72.7,47,61,3,3.9,52,67.5,6,7.8,4,5.2,0,0,1,1.3,3,3.9,2,33.3,2,50,0,0,1,1.3,9,11.7,3,50,2,50,0,0,10,0.13,103,1.34,23,0.3,14,0.18,0,0,125,1.6,206,2.7,88,1.1,150.25,2,133,1.7,17.25,0.2,23,0.3,49,0.6
202122,Academic year,Local authority,E92000001,England,E12000005,West Midlands,861,E06000021,Stoke-on-Trent,Provisional,Alternative Provision,Total,Total,Total,Total,2,40,70,1.8,7,17.5,0,0,0,0,0,0,0,0,0,0,4.83,0.12,31,-85.635,-2.76,-3.26,-2.27,-95.555,-3.08,-3.58,-2.59,-67.15,-2.17,-2.66,-1.67,-79.623,-2.57,-3.06,-2.07,-97.383,-3.14,-3.64,-2.65,9,22.5,8,20,1,2.5,9,22.5,1,2.5,1,2.5,0,0,0,0,0,0,0,0,0,0,0,0,1,2.5,0,0,1,100,1,100,0,0,4,0.1,13,0.33,4,0.1,4,0.1,0,0,21,0.5,26,0.7,17,0.4,6,0.2,6,0.2,0,0,5,0.1,2,0.1
202122,Academic year,Local authority,E92000001,England,E12000005,West Midlands,330,E08000025,Birmingham,Provisional,Alternative Provision,Total,Total,Total,Total,8,144,840.25,5.8,81,56.3,0,0,6,4.2,0,0,0,0,0,0,61.9,0.43,126,-345.803,-2.74,-2.99,-2.5,-380.39,-3.02,-3.26,-2.77,-263.18,-2.09,-2.33,-1.84,-326.901,-2.59,-2.84,-2.35,-396.767,-3.15,-3.39,-2.9,97,67.4,86,59.7,22,15.3,88,61.1,58,40.3,5,3.5,0,0,1,0.7,1,0.7,2,3.4,2,40,0,0,1,0.7,11,7.6,5,8.6,2,40,0,0,46,0.32,125,0.87,92.5,0.64,15,0.1,0,0,211,1.5,250,1.7,215,1.5,164.25,1.1,149,1,15.25,0.1,101,0.7,68,0.5
202122,Academic year,Local authority,E92000001,England,E12000005,West Midlands,331,E08000026,Coventry,Provisional,Alternative Provision,Total,Total,Total,Total,3,41,420,10.2,26,63.4,3,7.3,4,9.8,1,2.4,0,0,0,0,30.86,0.75,37,-107.714,-2.91,-3.37,-2.46,-103.09,-2.79,-3.24,-2.33,-84.94,-2.3,-2.75,-1.84,-106.113,-2.87,-3.32,-2.41,-127.561,-3.45,-3.9,-2.99,27,65.9,27,65.9,10,24.4,26,63.4,12,29.3,13,31.7,1,2.4,4,9.8,3,7.3,0,0,1,7.7,0,0,7,17.1,5,12.2,2,16.7,1,7.7,1,100,42,1.02,56,1.37,30,0.73,23,0.56,4,0.1,127,3.1,112,2.7,104,2.5,77,1.9,75,1.8,2,0,39,1,25,0.6
202122,Academic year,Local authority,E92000001,England,E12000005,West Midlands,332,E08000027,Dudley,Provisional,Alternative Provision,Total,Total,Total,Total,2,31,58,1.9,3,9.7,1,3.2,1,3.2,0,0,0,0,0,0,4,0.13,26,-82.866,-3.19,-3.73,-2.65,-89.445,-3.44,-3.98,-2.9,-74.19,-2.85,-3.39,-2.31,-79.202,-3.05,-3.59,-2.5,-87.93,-3.38,-3.92,-2.84,5,16.1,3,9.7,2,6.5,3,9.7,2,6.5,0,0,0,0,1,3.2,1,3.2,1,50,0,0,0,0,1,3.2,1,3.2,1,50,0,0,0,0,9,0.29,5,0.16,5,0.16,0,0,0,0,21,0.7,10,0.3,10,0.3,17,0.5,17,0.5,0,0,2,0.1,3,0.1
202122,Academic year,Local authority,E92000001,England,E12000005,West Midlands,333,E08000028,Sandwell,Provisional,Alternative Provision,Total,Total,Total,Total,3,73,316.75,4.3,13,17.8,2,2.7,2,2.7,0,0,0,0,0,0,13.5,0.18,60,-190.12,-3.17,-3.53,-2.81,-213.02,-3.55,-3.91,-3.19,-173.145,-2.89,-3.24,-2.53,-191.001,-3.18,-3.54,-2.83,-185.272,-3.09,-3.44,-2.73,40,54.8,33,45.2,2,2.7,14,19.2,5,6.8,3,4.1,0,0,1,1.4,2,2.7,1,20,1,33.3,0,0,1,1.4,4,5.5,2,40,2,66.7,0,0,9,0.12,30,0.41,15,0.21,12,0.16,0,0,70,1,60,0.8,42,0.6,144.75,2,45,0.6,99.75,1.4,11,0.2,49,0.7
202122,Academic year,Local authority,E92000001,England,E12000005,West Midlands,334,E08000029,Solihull,Provisional,Alternative Provision,Total,Total,Total,Total,4,59,314,5.3,26,44.1,1,1.7,3,5.1,0,0,0,0,0,0,23.37,0.4,57,-191.172,-3.35,-3.72,-2.99,-210.335,-3.69,-4.06,-3.32,-149.845,-2.63,-2.99,-2.26,-181.043,-3.18,-3.54,-2.81,-216.075,-3.79,-4.16,-3.43,48,81.4,40,67.8,4,6.8,48,81.4,9,15.3,18,30.5,0,0,1,1.7,1,1.7,0,0,0,0,0,0,2,3.4,5,8.5,1,11.1,0,0,0,0,15,0.25,57,0.97,20,0.34,28,0.47,0,0,74,1.3,114,1.9,82,1.4,44,0.7,29,0.5,15,0.3,36,0.6,13,0.2
202122,Academic year,Local authority,E92000001,England,E12000005,West Midlands,335,E08000030,Walsall,Provisional,Alternative Provision,Total,Total,Total,Total,4,59,268.25,4.5,21,35.6,0,0,1,1.7,0,0,0,0,0,0,16.33,0.28,54,-148.869,-2.76,-3.13,-2.38,-161.71,-2.99,-3.37,-2.62,-123.375,-2.28,-2.66,-1.91,-139.841,-2.59,-2.97,-2.21,-166.351,-3.08,-3.46,-2.7,22,37.3,19,32.2,10,16.9,22,37.3,5,8.5,1,1.7,0,0,1,1.7,1,1.7,0,0,1,100,0,0,2,3.4,3,5.1,1,20,1,100,0,0,27,0.46,34,0.58,15.5,0.26,6,0.1,0,0,76,1.3,68,1.2,65,1.1,59.25,1,22,0.4,37.25,0.6,21,0.4,21,0.4
202122,Academic year,Local authority,E92000001,England,E12000005,West Midlands,336,E08000031,Wolverhampton,Provisional,Alternative Provision,Total,Total,Total,Total,3,58,212,3.7,24,41.4,0,0,1,1.7,0,0,0,0,0,0,12.87,0.22,57,-175.769,-3.08,-3.45,-2.72,-198.93,-3.49,-3.86,-3.12,-130.7,-2.29,-2.66,-1.93,-169.28,-2.97,-3.34,-2.6,-196.866,-3.45,-3.82,-3.09,41,70.7,34,58.6,0,0,38,65.5,7,12.1,1,1.7,0,0,0,0,1,1.7,1,14.3,0,0,0,0,0,0,3,5.2,1,14.3,0,0,0,0,0,0,47,0.81,15,0.26,0,0,0,0,47,0.8,94,1.6,39,0.7,32,0.6,26,0.4,6,0.1,15,0.3,11,0.2
202122,Academic year,Local authority,E92000001,England,E12000006,East of England,881,E10000012,Essex,Provisional,Alternative Provision,Total,Total,Total,Total,6,128,664,5.2,42,32.8,1,0.8,3,2.3,0,0,0,0,0,0,35.17,0.27,114,-357.171,-3.13,-3.39,-2.87,-386.77,-3.39,-3.65,-3.13,-312.885,-2.74,-3,-2.49,-340.963,-2.99,-3.25,-2.73,-383.183,-3.36,-3.62,-3.1,73,57,70,54.7,28,21.9,42,32.8,14,10.9,3,2.3,0,0,2,1.6,1,0.8,1,7.1,1,33.3,0,0,6,4.7,4,3.1,2,14.3,1,33.3,0,0,70,0.55,76,0.59,29.5,0.23,6,0.05,0,0,169,1.3,152,1.2,167,1.3,176,1.4,165,1.3,11,0.1,74,0.6,56,0.4
202122,Academic year,Local authority,E92000001,England,E12000006,East of England,882,E06000033,Southend-on-Sea,Provisional,Alternative Provision,Total,Total,Total,Total,3,22,111,5,14,63.6,0,0,1,4.5,0,0,0,0,0,0,5.67,0.26,21,-71.723,-3.42,-4.02,-2.81,-70.095,-3.34,-3.94,-2.74,-55.765,-2.66,-3.26,-2.05,-78.019,-3.72,-4.32,-3.11,-77.145,-3.67,-4.28,-3.07,16,72.7,15,68.2,5,22.7,15,68.2,0,0,0,0,0,0,0,0,0,0,0,0,0,0,0,0,1,4.5,1,4.5,0,0,0,0,0,0,13,0.59,21,0.95,0,0,0,0,0,0,43,2,42,1.9,0,0,26,1.2,22,1,4,0.2,0,0,8,0.4
202122,Academic year,Local authority,E92000001,England,E12000006,East of England,821,E06000032,Luton,Provisional,Alternative Provision,Total,Total,Total,Total,2,28,110,3.9,15,53.6,0,0,1,3.6,0,0,0,0,0,0,6.84,0.24,26,-87.761,-3.38,-3.92,-2.83,-93.69,-3.6,-4.14,-3.06,-73.97,-2.84,-3.39,-2.3,-86.309,-3.32,-3.86,-2.78,-94.44,-3.63,-4.17,-3.09,18,64.3,14,50,2,7.1,17,60.7,5,17.9,1,3.6,0,0,0,0,0,0,0,0,0,0,0,0,1,3.6,1,3.6,0,0,0,0,0,0,6,0.21,17,0.61,8,0.29,2,0.07,0,0,32,1.1,34,1.2,19,0.7,25,0.9,25,0.9,0,0,10,0.4,7,0.3
202122,Academic year,Local authority,E92000001,England,E12000006,East of England,822,E06000055,Bedford,Provisional,Alternative Provision,Total,Total,Total,Total,2,38,628,16.5,20,52.6,5,13.2,9,23.7,0,0,0,0,0,0,50.18,1.32,21,-50.812,-2.42,-3.02,-1.82,-45.81,-2.18,-2.78,-1.58,-33.55,-1.6,-2.2,-1,-41.547,-1.98,-2.58,-1.38,-74.914,-3.57,-4.17,-2.96,24,63.2,23,60.5,13,34.2,23,60.5,16,42.1,2,5.3,0,0,7,18.4,8,21.1,7,43.8,1,50,0,0,9,23.7,14,36.8,9,56.3,1,50,0,0,63,1.66,85,2.24,72,1.89,9,0.24,0,0,150,3.9,170,4.5,219,5.8,89,2.3,89,2.3,0,0,47,1.2,21,0.6
202122,Academic year,Local authority,E92000001,England,E12000006,East of England,823,E06000056,Central Bedfordshire,Provisional,Alternative Provision,Total,Total,Total,Total,2,46,120,2.6,23,50,0,0,1,2.2,0,0,0,0,0,0,4.85,0.11,35,-101.9,-2.91,-3.38,-2.44,-109.16,-3.12,-3.59,-2.65,-79.15,-2.26,-2.73,-1.79,-95.778,-2.74,-3.2,-2.27,-118.358,-3.38,-3.85,-2.91,25,54.3,20,43.5,3,6.5,24,52.2,0,0,0,0,0,0,0,0,1,2.2,0,0,0,0,0,0,1,2.2,1,2.2,0,0,0,0,0,0,8,0.17,21,0.46,0,0,0,0,0,0,40,0.9,42,0.9,30,0.7,8,0.2,4,0.1,4,0.1,17,0.4,3,0.1
202122,Academic year,Local authority,E92000001,England,E12000006,East of England,935,E10000029,Suffolk,Provisional,Alternative Provision,Total,Total,Total,Total,6,73,276,3.8,15,20.5,1,1.4,2,2.7,0,0,0,0,0,0,20.82,0.29,52,-152.236,-2.93,-3.31,-2.54,-189.715,-3.65,-4.03,-3.27,-110.5,-2.13,-2.51,-1.74,-136.273,-2.62,-3,-2.24,-171.057,-3.29,-3.67,-2.91,33,45.2,29,39.7,0,0,30,41.1,11,15.1,5,6.8,0,0,0,0,2,2.7,1,9.1,1,20,0,0,0,0,4,5.5,1,9.1,2,40,0,0,0,0,59,0.81,25,0.34,16,0.22,0,0,26,0.4,118,1.6,85,1.2,47,0.6,38,0.5,9,0.1,32,0.4,12,0.2
202122,Academic year,Local authority,E92000001,England,E12000006,East of England,926,E10000020,Norfolk,Provisional,Alternative Provision,Total,Total,Total,Total,3,99,425,4.3,48,48.5,0,0,2,2,0,0,0,0,0,0,31.52,0.32,87,-250.879,-2.88,-3.18,-2.59,-278.07,-3.2,-3.49,-2.9,-195.89,-2.25,-2.55,-1.96,-241.358,-2.77,-3.07,-2.48,-278.981,-3.21,-3.5,-2.91,55,55.6,43,43.4,10,10.1,50,50.5,28,28.3,0,0,0,0,2,2,0,0,1,3.6,0,0,0,0,3,3,4,4,1,3.6,0,0,0,0,30,0.3,68,0.69,45.5,0.46,0,0,0,0,109,1.1,136,1.4,91,0.9,89,0.9,89,0.9,0,0,38,0.4,34,0.3
202122,Academic year,Local authority,E92000001,England,E12000006,East of England,919,E10000015,Hertfordshire,Provisional,Alternative Provision,Total,Total,Total,Total,9,81,804,9.9,43,53.1,4,4.9,14,17.3,0,0,0,0,0,0,53.49,0.66,68,-190.232,-2.8,-3.13,-2.46,-194.755,-2.86,-3.2,-2.53,-137.855,-2.03,-2.36,-1.69,-191.501,-2.82,-3.15,-2.48,-220.86,-3.25,-3.58,-2.91,52,64.2,49,60.5,23,28.4,45,55.6,12,14.8,4,4.9,1,1.2,8,9.9,5,6.2,5,41.7,3,75,1,100,9,11.1,18,22.2,10,83.3,3,75,1,100,80,0.99,118,1.46,48,0.59,18,0.22,9,0.11,220,2.7,236,2.9,187,2.3,161,2,105,1.3,56,0.7,47,0.6,40,0.5
202122,Academic year,Local authority,E92000001,England,E12000006,East of England,883,E06000034,Thurrock,Provisional,Alternative Provision,Total,Total,Total,Total,2,25,114,4.6,14,56,0,0,1,4,0,0,0,0,0,0,6.85,0.27,21,-64.002,-3.05,-3.65,-2.45,-64.045,-3.05,-3.65,-2.45,-49.4,-2.35,-2.95,-1.75,-62.321,-2.97,-3.57,-2.37,-75.396,-3.59,-4.19,-2.99,16,64,14,56,3,12,15,60,1,4,1,4,0,0,1,4,0,0,0,0,0,0,0,0,1,4,2,8,1,100,0,0,0,0,11,0.44,19,0.76,4,0.16,3,0.12,0,0,41,1.6,38,1.5,24,1,11,0.4,11,0.4,0,0,11,0.4,4,0.2
202122,Academic year,Local authority,E92000001,England,E12000006,East of England,873,E10000003,Cambridgeshire,Provisional,Alternative Provision,Total,Total,Total,Total,3,21,149,7.1,9,42.9,0,0,1,4.8,0,0,0,0,0,0,14.17,0.67,17,-55.349,-3.26,-3.93,-2.59,-69.395,-4.08,-4.75,-3.41,-44.96,-2.64,-3.31,-1.98,-44.719,-2.63,-3.3,-1.96,-63.535,-3.74,-4.41,-3.07,10,47.6,9,42.9,1,4.8,10,47.6,7,33.3,0,0,0,0,0,0,2,9.5,2,28.6,0,0,0,0,0,0,4,19,5,71.4,0,0,0,0,3,0.14,21,1,30.5,1.45,0,0,0,0,15,0.7,42,2,66,3.1,26,1.2,26,1.2,0,0,15,0.7,6,0.3
202122,Academic year,Local authority,E92000001,England,E12000006,East of England,874,E06000031,Peterborough,Provisional,Alternative Provision,Total,Total,Total,Total,2,52,330,6.3,27,51.9,0,0,0,0,0,0,0,0,0,0,27,0.52,48,-140.709,-2.93,-3.33,-2.53,-168.71,-3.51,-3.91,-3.12,-105.24,-2.19,-2.59,-1.79,-126.498,-2.64,-3.03,-2.24,-159.881,-3.33,-3.73,-2.93,37,71.2,36,69.2,0,0,33,63.5,22,42.3,0,0,1,1.9,0,0,0,0,0,0,0,0,1,100,0,0,2,3.8,2,9.1,0,0,1,100,0,0,55,1.06,51,0.98,0,0,5,0.1,53,1,110,2.1,107,2.1,60,1.2,39,0.8,21,0.4,41,0.8,16,0.3
202122,Academic year,Local authority,E92000001,England,E13000001,Inner London,309,E09000014,Haringey,Provisional,Alternative Provision,Total,Total,Total,Total,2,42,155,3.7,12,28.6,0,0,0,0,0,0,0,0,0,0,11.67,0.28,14,-42.112,-3.01,-3.75,-2.27,-49.53,-3.54,-4.28,-2.8,-30.595,-2.19,-2.92,-1.45,-39.046,-2.79,-3.53,-2.05,-47.904,-3.42,-4.16,-2.68,13,31,12,28.6,2,4.8,13,31,10,23.8,0,0,2,4.8,0,0,0,0,0,0,0,0,1,50,0,0,1,2.4,0,0,0,0,1,50,5,0.12,22,0.52,18.5,0.44,0,0,6,0.14,31,0.7,44,1,43,1,37,0.9,37,0.9,0,0,22,0.5,14,0.3
202122,Academic year,Local authority,E92000001,England,E13000001,Inner London,204,E09000012,Hackney,Provisional,Alternative Provision,Total,Total,Total,Total,3,53,485,9.2,25,47.2,3,5.7,5,9.4,4,7.5,1,1.9,1,1.9,38.02,0.72,31,-107.109,-3.46,-3.95,-2.96,-117.085,-3.78,-4.27,-3.28,-84.475,-2.72,-3.22,-2.23,-110.826,-3.58,-4.07,-3.08,-111.816,-3.61,-4.1,-3.11,30,56.6,28,52.8,8,15.1,26,49.1,8,15.1,6,11.3,7,13.2,4,7.5,4,7.5,2,25,1,16.7,6,85.7,4,7.5,7,13.2,5,62.5,1,16.7,6,85.7,34,0.64,65,1.23,31.5,0.59,14,0.26,52,0.98,101,1.9,130,2.5,131,2.5,123,2.3,103,1.9,20,0.4,30,0.6,44,0.8
202122,Academic year,Local authority,E92000001,England,E13000001,Inner London,205,E09000013,Hammersmith and Fulham,Provisional,Alternative Provision,Total,Total,Total,Total,3,29,389.75,13.4,21,72.4,1,3.4,3,10.3,0,0,0,0,0,0,26.82,0.92,26,-81.61,-3.14,-3.68,-2.6,-74.315,-2.86,-3.4,-2.32,-67.48,-2.6,-3.14,-2.05,-87.11,-3.35,-3.89,-2.81,-90.387,-3.48,-4.02,-2.93,22,75.9,22,75.9,15,51.7,21,72.4,16,55.2,0,0,2,6.9,1,3.4,2,6.9,0,0,0,0,1,50,5,17.2,5,17.2,2,12.5,0,0,1,50,44,1.52,47,1.62,31,1.07,0,0,8,0.28,112,3.9,94,3.2,84,2.9,99.75,3.4,91,3.1,8.75,0.3,31,1.1,26,0.9
202122,Academic year,Local authority,E92000001,England,E13000001,Inner London,206,E09000019,Islington,Provisional,Alternative Provision,Total,Total,Total,Total,3,33,262.5,8,20,60.6,1,3,2,6.1,0,0,0,0,0,0,15.36,0.47,31,-107.221,-3.46,-3.95,-2.96,-111.125,-3.58,-4.08,-3.09,-76.595,-2.47,-2.97,-1.97,-114.739,-3.7,-4.2,-3.21,-117.53,-3.79,-4.29,-3.3,23,69.7,23,69.7,6,18.2,22,66.7,1,3,0,0,1,3,1,3,2,6.1,1,100,0,0,1,100,3,9.1,5,15.2,1,100,0,0,1,100,21,0.64,49,1.48,7.5,0.23,0,0,7,0.21,71,2.2,98,3,36,1.1,57.5,1.7,55,1.7,2.5,0.1,8,0.2,14,0.4
202122,Academic year,Local authority,E92000001,England,E13000001,Inner London,207,E09000020,Kensington and Chelsea,Provisional,Alternative Provision,Total,Total,Total,Total,2,25,135,5.4,6,24,0,0,0,0,0,0,0,0,0,0,12.33,0.49,12,-38.535,-3.21,-4.01,-2.41,-38.12,-3.18,-3.97,-2.38,-32.28,-2.69,-3.49,-1.89,-36.603,-3.05,-3.85,-2.25,-44.917,-3.74,-4.54,-2.95,8,32,8,32,7,28,6,24,7,28,0,0,0,0,0,0,0,0,0,0,0,0,0,0,0,0,2,8,1,14.3,0,0,0,0,18,0.72,17,0.68,19.5,0.78,0,0,0,0,37,1.5,34,1.4,39,1.6,25,1,25,1,0,0,14,0.6,8,0.3
202122,Academic year,Local authority,E92000001,England,E13000001,Inner London,208,E09000022,Lambeth,Provisional,Alternative Provision,Total,Total,Total,Total,2,30,87,2.9,4,13.3,1,3.3,1,3.3,0,0,0,0,0,0,3.83,0.13,26,-108.997,-4.19,-4.73,-3.65,-102.595,-3.95,-4.49,-3.4,-104.2,-4.01,-4.55,-3.47,-110.223,-4.24,-4.78,-3.7,-115.229,-4.43,-4.97,-3.89,14,46.7,13,43.3,3,10,4,13.3,0,0,1,3.3,1,3.3,1,3.3,1,3.3,0,0,0,0,1,100,2,6.7,1,3.3,0,0,0,0,1,100,10,0.33,8,0.27,0,0,0,0,5,0.17,53,1.8,16,0.5,5,0.2,13,0.4,13,0.4,0,0,1,0,3,0.1
202122,Academic year,Local authority,E92000001,England,E13000001,Inner London,209,E09000023,Lewisham,Provisional,Alternative Provision,Total,Total,Total,Total,2,57,565.75,9.9,34,59.6,3,5.3,10,17.5,0,0,0,0,0,0,24.65,0.43,53,-168.153,-3.17,-3.55,-2.79,-174.35,-3.29,-3.67,-2.91,-101.485,-1.91,-2.29,-1.54,-204.224,-3.85,-4.23,-3.47,-172.376,-3.25,-3.63,-2.87,40,70.2,35,61.4,3,5.3,34,59.6,2,3.5,0,0,0,0,2,3.5,8,14,0,0,0,0,0,0,3,5.3,14,24.6,2,100,0,0,0,0,18,0.32,112,1.96,9,0.16,0,0,0,0,144,2.5,224,3.9,21,0.4,176.75,3.1,42,0.7,134.75,2.4,5,0.1,45,0.8
202122,Academic year,Local authority,E92000001,England,E13000001,Inner London,210,E09000028,Southwark,Provisional,Alternative Provision,Total,Total,Total,Total,2,45,197,4.4,11,24.4,0,0,2,4.4,0,0,0,0,0,0,16.33,0.36,31,-102.279,-3.3,-3.8,-2.8,-126.245,-4.07,-4.57,-3.58,-61.7,-1.99,-2.49,-1.49,-92.942,-3,-3.49,-2.5,-122.674,-3.96,-4.45,-3.46,26,57.8,17,37.8,1,2.2,26,57.8,11,24.4,0,0,2,4.4,0,0,3,6.7,0,0,0,0,2,100,0,0,8,17.8,0,0,0,0,2,100,0,0,55,1.22,13,0.29,0,0,17,0.38,17,0.4,110,2.4,68,1.5,2,0,2,0,0,0,19,0.4,1,0
202122,Academic year,Local authority,E92000001,England,E13000001,Inner London,211,E09000030,Tower Hamlets,Provisional,Alternative Provision,Total,Total,Total,Total,3,75,457.75,6.1,48,64,1,1.3,3,4,0,0,0,0,0,0,22.53,0.3,69,-224.714,-3.26,-3.59,-2.92,-218.97,-3.17,-3.51,-2.84,-168.48,-2.44,-2.77,-2.11,-249.53,-3.62,-3.95,-3.28,-241.209,-3.5,-3.83,-3.16,54,72,49,65.3,15,20,50,66.7,1,1.3,0,0,0,0,2,2.7,2,2.7,0,0,0,0,0,0,4,5.3,4,5.3,1,100,0,0,0,0,43,0.57,84,1.12,4,0.05,0,0,0,0,163,2.2,168,2.2,8,0.1,118.75,1.6,109,1.5,9.75,0.1,2,0,37,0.5
202122,Academic year,Local authority,E92000001,England,E13000001,Inner London,212,E09000032,Wandsworth,Provisional,Alternative Provision,Total,Total,Total,Total,3,51,318,6.2,10,19.6,2,3.9,2,3.9,0,0,0,0,0,0,11.33,0.22,46,-157.84,-3.43,-3.84,-3.02,-197.965,-4.3,-4.71,-3.9,-109.46,-2.38,-2.79,-1.97,-165.219,-3.59,-4,-3.18,-155.968,-3.39,-3.8,-2.98,34,66.7,30,58.8,1,2,34,66.7,1,2,0,0,0,0,0,0,4,7.8,0,0,0,0,0,0,0,0,5,9.8,0,0,0,0,0,0,0,0,68,1.33,0,0,0,0,0,0,20,0.4,136,2.7,44,0.9,118,2.3,107,2.1,11,0.2,17,0.3,42,0.8
202122,Academic year,Local authority,E92000001,England,E13000001,Inner London,213,E09000033,Westminster,Provisional,Alternative Provision,Total,Total,Total,Total,2,25,215,8.6,12,48,1,4,1,4,0,0,0,0,0,0,18.99,0.76,17,-58.994,-3.47,-4.14,-2.8,-62.195,-3.66,-4.33,-2.99,-47.665,-2.8,-3.47,-2.13,-56.84,-3.34,-4.01,-2.67,-66.553,-3.91,-4.58,-3.25,16,64,15,60,12,48,13,52,13,52,4,16,0,0,0,0,1,4,0,0,1,25,0,0,0,0,3,12,0,0,2,50,0,0,22,0.88,32,1.28,21,0.84,18,0.72,0,0,53,2.1,64,2.6,60,2.4,38,1.5,34,1.4,4,0.2,26,1,21,0.8
202122,Academic year,Local authority,E92000001,England,E13000001,Inner London,202,E09000007,Camden,Provisional,Alternative Provision,Total,Total,Total,Total,2,42,200,4.8,21,50,0,0,1,2.4,0,0,0,0,0,0,8,0.19,39,-140.882,-3.61,-4.05,-3.17,-147.405,-3.78,-4.22,-3.34,-106.905,-2.74,-3.18,-2.3,-148.195,-3.8,-4.24,-3.36,-151.855,-3.89,-4.34,-3.45,30,71.4,30,71.4,0,0,22,52.4,0,0,0,0,0,0,0,0,0,0,0,0,0,0,0,0,0,0,3,7.1,0,0,0,0,0,0,0,0,48,1.14,0,0,0,0,0,0,62,1.5,96,2.3,3,0.1,39,0.9,39,0.9,0,0,1,0,17,0.4
202122,Academic year,Local authority,E92000001,England,E13000001,Inner London,316,E09000025,Newham,Provisional,Alternative Provision,Total,Total,Total,Total,4,103,969,9.4,35,34,8,7.8,19,18.4,0,0,0,0,0,0,55.16,0.54,33,-102.925,-3.12,-3.6,-2.64,-113.645,-3.44,-3.92,-2.96,-79.715,-2.42,-2.9,-1.93,-117.86,-3.57,-4.05,-3.09,-96.311,-2.92,-3.4,-2.44,50,48.5,48,46.6,4,3.9,41,39.8,15,14.6,10,9.7,0,0,1,1,19,18.4,6,40,2,20,0,0,2,1.9,24,23.3,9,60,4,40,0,0,13,0.13,169,1.64,58,0.56,33,0.32,0,0,164,1.6,338,3.3,149,1.4,318,3.1,318,3.1,0,0,30,0.3,76,0.7
202122,Academic year,Local authority,E92000001,England,E13000002,Outer London,317,E09000026,Redbridge,Provisional,Alternative Provision,Total,Total,Total,Total,4,63,483,7.7,26,41.3,2,3.2,5,7.9,0,0,0,0,0,0,33,0.52,40,-126.727,-3.17,-3.6,-2.73,-134.21,-3.36,-3.79,-2.92,-99.14,-2.48,-2.92,-2.04,-124.727,-3.12,-3.55,-2.68,-142.129,-3.55,-3.99,-3.12,29,46,29,46,10,15.9,28,44.4,13,20.6,6,9.5,1,1.6,2,3.2,4,6.3,1,7.7,0,0,0,0,5,7.9,7,11.1,5,38.5,1,16.7,0,0,34,0.54,71,1.13,41,0.65,11,0.17,0,0,117,1.9,142,2.3,118.5,1.9,105.5,1.7,105.5,1.7,0,0,38,0.6,28,0.4
202122,Academic year,Local authority,E92000001,England,E13000002,Outer London,318,E09000027,Richmond upon Thames,Provisional,Alternative Provision,Total,Total,Total,Total,1,3,0,0,0,0,0,0,0,0,0,0,0,0,0,0,0,0,1,-7.107,-7.11,-9.87,-4.35,-7.16,-7.16,-9.92,-4.4,-7.16,-7.16,-9.92,-4.4,-7.2,-7.2,-9.96,-4.44,-6.943,-6.94,-9.7,-4.18,0,0,0,0,0,0,0,0,0,0,0,0,0,0,0,0,0,0,0,0,0,0,0,0,0,0,0,0,0,0,0,0,0,0,z,0,z,0,0,0,z,0,z,0,0,0,0,0,0,0,0,0,0,0,0,0,0,0,0,0
202122,Academic year,Local authority,E92000001,England,E13000002,Outer London,319,E09000029,Sutton,Provisional,Alternative Provision,Total,Total,Total,Total,3,33,287.25,8.7,5,15.2,2,6.1,4,12.1,0,0,0,0,0,0,18.51,0.56,29,-98.701,-3.4,-3.92,-2.89,-112.47,-3.88,-4.39,-3.37,-75.07,-2.59,-3.1,-2.08,-103.131,-3.56,-4.07,-3.04,-100.833,-3.48,-3.99,-2.96,23,69.7,21,63.6,4,12.1,21,63.6,4,12.1,0,0,0,0,4,12.1,3,9.1,2,50,0,0,0,0,4,12.1,5,15.2,4,100,0,0,0,0,25,0.76,46,1.39,20,0.61,0,0,0,0,53,1.6,92,2.8,54,1.6,88.25,2.7,70,2.1,18.25,0.6,12,0.4,25,0.8
202122,Academic year,Local authority,E92000001,England,E13000002,Outer London,320,E09000031,Waltham Forest,Provisional,Alternative Provision,Total,Total,Total,Total,3,50,359,7.2,15,30,1,2,3,6,0,0,0,0,0,0,37.68,0.75,14,-50.608,-3.61,-4.35,-2.88,-50.89,-3.64,-4.37,-2.9,-43.97,-3.14,-3.88,-2.4,-49.245,-3.52,-4.26,-2.78,-56.206,-4.01,-4.75,-3.28,34,68,23,46,3,6,32,64,24,48,10,20,0,0,0,0,6,12,2,8.3,2,20,0,0,1,2,10,20,5,20.8,4,40,0,0,8,0.16,70,1.4,56.5,1.13,35,0.7,0,0,54,1.1,140,2.8,156,3.1,9,0.2,9,0.2,0,0,48,1,4,0.1
202122,Academic year,Local authority,E92000001,England,E13000002,Outer London,314,E09000021,Kingston upon Thames,Provisional,Alternative Provision,Total,Total,Total,Total,2,34,194.5,5.7,4,11.8,1,2.9,1,2.9,1,2.9,1,2.9,1,2.9,13.01,0.38,27,-86.018,-3.19,-3.72,-2.65,-104.755,-3.88,-4.41,-3.35,-64.63,-2.39,-2.93,-1.86,-79.164,-2.93,-3.46,-2.4,-94.638,-3.51,-4.04,-2.97,18,52.9,17,50,1,2.9,18,52.9,2,5.9,3,8.8,1,2.9,1,2.9,1,2.9,1,50,1,33.3,1,100,1,2.9,2,5.9,1,50,1,33.3,1,100,8,0.24,35,1.03,9.5,0.28,11,0.32,5,0.15,20,0.6,70,2.1,57,1.7,47.5,1.4,40,1.2,7.5,0.2,21,0.6,17,0.5
202122,Academic year,Local authority,E92000001,England,E13000002,Outer London,315,E09000024,Merton,Provisional,Alternative Provision,Total,Total,Total,Total,2,48,640,13.3,10,20.8,6,12.5,7,14.6,2,4.2,2,4.2,2,4.2,63.99,1.33,14,-38.978,-2.78,-3.52,-2.05,-45.06,-3.22,-3.96,-2.48,-33.135,-2.37,-3.1,-1.63,-34.111,-2.44,-3.17,-1.7,-43.682,-3.12,-3.86,-2.38,24,50,22,45.8,9,18.8,18,37.5,13,27.1,4,8.3,12,25,6,12.5,11,22.9,8,61.5,3,75,11,91.7,6,12.5,11,22.9,9,69.2,4,100,11,91.7,48,1,85,1.77,70.5,1.47,25,0.52,85,1.77,100,2.1,170,3.5,252,5.3,118,2.5,118,2.5,0,0,42,0.9,23,0.5
202122,Academic year,Local authority,E92000001,England,E13000002,Outer London,203,E09000011,Greenwich,Provisional,Alternative Provision,Total,Total,Total,Total,2,65,267.5,4.1,26,40,1,1.5,4,6.2,0,0,0,0,0,0,11.34,0.17,57,-195.438,-3.43,-3.79,-3.06,-209.995,-3.68,-4.05,-3.32,-140.39,-2.46,-2.83,-2.1,-207.567,-3.64,-4.01,-3.28,-210.319,-3.69,-4.06,-3.32,31,47.7,27,41.5,0,0,30,46.2,0,0,0,0,0,0,0,0,3,4.6,0,0,0,0,0,0,0,0,8,12.3,0,0,0,0,0,0,0,0,68,1.05,0,0,0,0,0,0,69,1.1,136,2.1,0,0,62.5,1,59,0.9,3.5,0.1,0,0,15,0.2
202122,Academic year,Local authority,E92000001,England,E13000002,Outer London,301,E09000002,Barking and Dagenham,Provisional,Alternative Provision,Total,Total,Total,Total,2,62,1156,18.6,46,74.2,3,4.8,11,17.7,4,6.5,0,0,0,0,96.67,1.56,45,-115.093,-2.56,-2.97,-2.15,-98.645,-2.19,-2.6,-1.78,-88.945,-1.98,-2.39,-1.56,-112.203,-2.49,-2.9,-2.08,-146.39,-3.25,-3.66,-2.84,52,83.9,50,80.6,39,62.9,48,77.4,24,38.7,33,53.2,12,19.4,9,14.5,6,9.7,4,16.7,3,9.1,7,58.3,17,27.4,14,22.6,9,37.5,6,18.2,9,75,141,2.27,138,2.23,81,1.31,78,1.26,61,0.98,301,4.9,276,4.5,344,5.5,235,3.8,232,3.7,3,0,103,1.7,72,1.2
202122,Academic year,Local authority,E92000001,England,E13000002,Outer London,302,E09000003,Barnet,Provisional,Alternative Provision,Total,Total,Total,Total,3,29,250,8.6,16,55.2,2,6.9,2,6.9,0,0,0,0,0,0,13.31,0.46,25,-79.573,-3.18,-3.74,-2.63,-80.375,-3.21,-3.77,-2.66,-61.565,-2.46,-3.01,-1.91,-85.616,-3.42,-3.98,-2.87,-84.999,-3.4,-3.95,-2.85,19,65.5,17,58.6,3,10.3,16,55.2,3,10.3,0,0,0,0,2,6.9,3,10.3,1,33.3,0,0,0,0,2,6.9,3,10.3,3,100,0,0,0,0,14,0.48,38,1.31,14,0.48,0,0,0,0,68,2.3,76,2.6,44,1.5,62,2.1,62,2.1,0,0,14,0.5,20,0.7
202122,Academic year,Local authority,E92000001,England,E13000002,Outer London,303,E09000004,Bexley,Provisional,Alternative Provision,Total,Total,Total,Total,2,10,33,3.3,3,30,0,0,0,0,0,0,0,0,0,0,0.83,0.08,7,-28.357,-4.05,-5.09,-3.01,-30.53,-4.36,-5.41,-3.32,-25.175,-3.6,-4.64,-2.55,-29.187,-4.17,-5.21,-3.13,-28.197,-4.03,-5.07,-2.98,4,40,3,30,0,0,3,30,0,0,0,0,0,0,0,0,0,0,0,0,0,0,0,0,0,0,0,0,0,0,0,0,0,0,0,0,5,0.5,0,0,0,0,0,0,7,0.7,10,1,4,0.4,12,1.2,12,1.2,0,0,2,0.2,3,0.3
202122,Academic year,Local authority,E92000001,England,E13000002,Outer London,304,E09000005,Brent,Provisional,Alternative Provision,Total,Total,Total,Total,4,57,588.75,10.3,24,42.1,4,7,7,12.3,0,0,0,0,0,0,40.17,0.7,20,-47.591,-2.38,-3,-1.76,-52.55,-2.63,-3.24,-2.01,-27.74,-1.39,-2,-0.77,-58.459,-2.92,-3.54,-2.31,-46.649,-2.33,-2.95,-1.72,26,45.6,25,43.9,19,33.3,25,43.9,10,17.5,12,21.1,2,3.5,6,10.5,5,8.8,1,10,1,8.3,2,100,8,14,12,21.1,4,40,2,16.7,2,100,71,1.25,81,1.42,22,0.39,28,0.49,17,0.3,157,2.8,162,2.8,119,2.1,150.75,2.6,90,1.6,60.75,1.1,35,0.6,47,0.8
202122,Academic year,Local authority,E92000001,England,E13000002,Outer London,305,E09000006,Bromley,Provisional,Alternative Provision,Total,Total,Total,Total,2,41,321.5,7.8,15,36.6,2,4.9,3,7.3,0,0,0,0,0,0,11.16,0.27,35,-124.905,-3.57,-4.04,-3.1,-141.94,-4.06,-4.52,-3.59,-106.615,-3.05,-3.51,-2.58,-130.091,-3.72,-4.18,-3.25,-120.593,-3.45,-3.91,-2.98,17,41.5,17,41.5,1,2.4,15,36.6,1,2.4,1,2.4,0,0,0,0,4,9.8,1,100,1,100,0,0,1,2.4,4,9.8,1,100,1,100,0,0,4,0.1,46,1.12,6,0.15,5,0.12,0,0,54,1.3,92,2.2,56,1.4,119.5,2.9,110,2.7,9.5,0.2,15,0.4,35,0.9
202122,Academic year,Local authority,E92000001,England,E13000002,Outer London,306,E09000008,Croydon,Provisional,Alternative Provision,Total,Total,Total,Total,2,121,330,2.7,6,5,0,0,0,0,0,0,0,0,0,0,16.18,0.13,62,-229.648,-3.7,-4.05,-3.35,-282.43,-4.56,-4.91,-4.2,-161.225,-2.6,-2.95,-2.25,-245.266,-3.96,-4.31,-3.61,-224.447,-3.62,-3.97,-3.27,51,42.1,46,38,0,0,48,39.7,0,0,0,0,0,0,0,0,3,2.5,0,0,0,0,0,0,0,0,9,7.4,0,0,0,0,0,0,0,0,97,0.8,0,0,0,0,0,0,11,0.1,194,1.6,1,0,124,1,124,1,0,0,1,0,47,0.4
202122,Academic year,Local authority,E92000001,England,E13000002,Outer London,307,E09000009,Ealing,Provisional,Alternative Provision,Total,Total,Total,Total,2,102,1319,12.9,48,47.1,10,9.8,27,26.5,0,0,0,0,0,0,98.83,0.97,45,-144.476,-3.21,-3.62,-2.8,-168.045,-3.73,-4.15,-3.32,-106.18,-2.36,-2.77,-1.95,-138.932,-3.09,-3.5,-2.68,-159.865,-3.55,-3.96,-3.14,50,49,47,46.1,0,0,48,47.1,48,47.1,1,1,3,2.9,0,0,19,18.6,11,22.9,0,0,3,100,0,0,34,33.3,28,58.3,0,0,3,100,0,0,202,1.98,181.5,1.78,2,0.02,26,0.25,189,1.9,404,4,395,3.9,331,3.2,331,3.2,0,0,87,0.9,75,0.7
202122,Academic year,Local authority,E92000001,England,E13000002,Outer London,308,E09000010,Enfield,Provisional,Alternative Provision,Total,Total,Total,Total,2,49,124,2.5,7,14.3,0,0,0,0,0,0,0,0,0,0,5.67,0.12,41,-136.226,-3.32,-3.75,-2.89,-138.315,-3.37,-3.8,-2.94,-120.815,-2.95,-3.38,-2.52,-134.759,-3.29,-3.72,-2.86,-146.614,-3.58,-4.01,-3.14,23,46.9,22,44.9,1,2,9,18.4,3,6.1,0,0,0,0,0,0,0,0,0,0,0,0,0,0,0,0,0,0,0,0,0,0,0,0,3,0.06,15,0.31,8,0.16,0,0,0,0,55,1.1,30,0.6,16,0.3,23,0.5,23,0.5,0,0,6,0.1,8,0.2
202122,Academic year,Local authority,E92000001,England,E13000002,Outer London,310,E09000015,Harrow,Provisional,Alternative Provision,Total,Total,Total,Total,2,20,83.5,4.2,6,30,1,5,1,5,0,0,0,0,0,0,4,0.2,12,-30.491,-2.54,-3.34,-1.74,-33.13,-2.76,-3.56,-1.96,-23.725,-1.98,-2.77,-1.18,-30.57,-2.55,-3.34,-1.75,-33.167,-2.76,-3.56,-1.97,7,35,6,30,1,5,7,35,1,5,0,0,0,0,1,5,1,5,0,0,0,0,0,0,1,5,1,5,1,100,0,0,0,0,5,0.25,11,0.55,4,0.2,0,0,0,0,23,1.1,22,1.1,15,0.8,23.5,1.2,15,0.8,8.5,0.4,8,0.4,6,0.3
202122,Academic year,Local authority,E92000001,England,E13000002,Outer London,311,E09000016,Havering,Provisional,Alternative Provision,Total,Total,Total,Total,2,37,175,4.7,16,43.2,1,2.7,2,5.4,0,0,0,0,0,0,7.17,0.19,30,-107.353,-3.58,-4.08,-3.07,-114.86,-3.83,-4.33,-3.32,-91.57,-3.05,-3.56,-2.55,-110.749,-3.69,-4.2,-3.19,-109.48,-3.65,-4.15,-3.15,17,45.9,15,40.5,3,8.1,17,45.9,0,0,0,0,0,0,2,5.4,1,2.7,0,0,0,0,0,0,2,5.4,3,8.1,0,0,0,0,0,0,13,0.35,30,0.81,0,0,0,0,0,0,45,1.2,60,1.6,17,0.5,53,1.4,51,1.4,2,0.1,10,0.3,13,0.4
202122,Academic year,Local authority,E92000001,England,E13000002,Outer London,312,E09000017,Hillingdon,Provisional,Alternative Provision,Total,Total,Total,Total,2,41,238.75,5.8,19,46.3,0,0,1,2.4,0,0,0,0,0,0,12.34,0.3,35,-130.858,-3.74,-4.21,-3.27,-127.375,-3.64,-4.11,-3.17,-109.465,-3.13,-3.59,-2.66,-134.594,-3.85,-4.31,-3.38,-143.707,-4.11,-4.57,-3.64,25,61,22,53.7,7,17.1,21,51.2,3,7.3,2,4.9,0,0,1,2.4,0,0,0,0,0,0,0,0,3,7.3,1,2.4,0,0,0,0,0,0,24,0.59,35,0.85,5.5,0.13,4,0.1,0,0,83,2,70,1.7,31,0.8,54.75,1.3,47,1.1,7.75,0.2,14,0.3,19,0.5
202122,Academic year,Local authority,E92000001,England,E13000002,Outer London,313,E09000018,Hounslow,Provisional,Alternative Provision,Total,Total,Total,Total,2,46,192,4.2,1,2.2,0,0,0,0,0,0,0,0,0,0,7.83,0.17,41,-144.289,-3.52,-3.95,-3.09,-172.07,-4.2,-4.63,-3.77,-149.595,-3.65,-4.08,-3.22,-123.447,-3.01,-3.44,-2.58,-143.073,-3.49,-3.92,-3.06,21,45.7,20,43.5,0,0,1,2.2,3,6.5,5,10.9,0,0,0,0,0,0,2,66.7,2,40,0,0,0,0,0,0,2,66.7,3,60,0,0,0,0,0,0,14.5,0.32,18,0.39,0,0,11,0.2,0,0,102,2.2,79,1.7,79,1.7,0,0,27,0.6,22,0.5
202122,Academic year,Local authority,E92000001,England,E12000008,South East,886,E10000016,Kent,Provisional,Alternative Provision,Total,Total,Total,Total,3,100,86.5,0.9,13,13,1,1,2,2,0,0,0,0,0,0,3.52,0.04,83,-258.443,-3.11,-3.42,-2.81,-287.555,-3.46,-3.77,-3.16,-219.69,-2.65,-2.95,-2.34,-244.365,-2.94,-3.25,-2.64,-279.019,-3.36,-3.66,-3.06,20,20,11,11,2,2,15,15,5,5,0,0,0,0,0,0,1,1,0,0,0,0,0,0,1,1,3,3,0,0,0,0,0,0,4,0.04,17,0.17,0,0,0,0,0,0,31,0.3,34,0.3,9,0.1,12.5,0.1,3,0,9.5,0.1,3,0,3,0
202122,Academic year,Local authority,E92000001,England,E12000008,South East,887,E06000035,Medway,Provisional,Alternative Provision,Total,Total,Total,Total,3,86,835,9.7,40,46.5,0,0,5,5.8,4,4.7,0,0,0,0,58.69,0.68,65,-177.147,-2.73,-3.07,-2.38,-205.27,-3.16,-3.5,-2.82,-143.245,-2.2,-2.55,-1.86,-181.164,-2.79,-3.13,-2.44,-177.03,-2.72,-3.07,-2.38,63,73.3,54,62.8,24,27.9,60,69.8,22,25.6,16,18.6,7,8.1,4,4.7,3,3.5,0,0,0,0,5,71.4,9,10.5,9,10.5,6,27.3,2,12.5,5,71.4,68,0.79,101,1.17,53.5,0.62,31,0.36,45,0.52,171,2,202,2.3,198,2.3,264,3.1,219,2.5,45,0.5,60,0.7,79,0.9
202122,Academic year,Local authority,E92000001,England,E12000008,South East,921,E06000046,Isle of Wight,Provisional,Alternative Provision,Total,Total,Total,Total,2,17,116,6.8,8,47.1,0,0,0,0,0,0,0,0,0,0,9,0.53,15,-42.799,-2.85,-3.57,-2.14,-49.625,-3.31,-4.02,-2.6,-22.405,-1.49,-2.21,-0.78,-40.926,-2.73,-3.44,-2.02,-53.731,-3.58,-4.29,-2.87,10,58.8,10,58.8,0,0,9,52.9,4,23.5,0,0,0,0,0,0,1,5.9,0,0,0,0,0,0,0,0,2,11.8,2,50,0,0,0,0,0,0,26,1.53,14,0.82,0,0,0,0,23,1.4,52,3.1,28,1.6,13,0.8,13,0.8,0,0,8,0.5,3,0.2
202122,Academic year,Local authority,E92000001,England,E12000008,South East,931,E10000025,Oxfordshire,Provisional,Alternative Provision,Total,Total,Total,Total,2,17,16,0.9,3,17.6,0,0,0,0,0,0,0,0,0,0,1,0.06,11,-31.903,-2.9,-3.73,-2.07,-36.29,-3.3,-4.13,-2.47,-23.08,-2.1,-2.93,-1.27,-30.879,-2.81,-3.64,-1.97,-35.894,-3.26,-4.1,-2.43,4,23.5,3,17.6,0,0,4,23.5,0,0,0,0,0,0,0,0,0,0,0,0,0,0,0,0,0,0,0,0,0,0,0,0,0,0,0,0,6,0.35,0,0,0,0,0,0,4,0.2,12,0.7,0,0,0,0,0,0,0,0,0,0,0,0
202122,Academic year,Local authority,E92000001,England,E12000008,South East,936,E10000030,Surrey,Provisional,Alternative Provision,Total,Total,Total,Total,7,134,319,2.4,25,18.7,1,0.7,3,2.2,0,0,0,0,0,0,22.14,0.17,97,-338.832,-3.49,-3.77,-3.21,-376.485,-3.88,-4.16,-3.6,-274.715,-2.83,-3.11,-2.55,-323.143,-3.33,-3.61,-3.05,-372.203,-3.84,-4.12,-3.56,40,29.9,32,23.9,0,0,32,23.9,9,6.7,3,2.2,2,1.5,0,0,4,3,1,11.1,1,33.3,2,100,0,0,6,4.5,2,22.2,1,33.3,2,100,0,0,72,0.54,19,0.14,11,0.08,12,0.09,70,0.5,144,1.1,75,0.6,30,0.2,30,0.2,0,0,18,0.1,14,0.1
202122,Academic year,Local authority,E92000001,England,E12000008,South East,938,E10000032,West Sussex,Provisional,Alternative Provision,Total,Total,Total,Total,3,77,478,6.2,36,46.8,1,1.3,3,3.9,0,0,0,0,0,0,20.52,0.27,61,-186.925,-3.06,-3.42,-2.71,-210.175,-3.45,-3.8,-3.09,-136.955,-2.25,-2.6,-1.89,-189.812,-3.11,-3.47,-2.76,-201.855,-3.31,-3.66,-2.96,40,51.9,39,50.6,1,1.3,37,48.1,4,5.2,0,0,1,1.3,1,1.3,3,3.9,1,25,0,0,1,100,1,1.3,7,9.1,1,25,0,0,1,100,5,0.06,88,1.14,11,0.14,0,0,8,0.1,90,1.2,176,2.3,91,1.2,121,1.6,121,1.6,0,0,36,0.5,31,0.4
202122,Academic year,Local authority,E92000001,England,E12000008,South East,867,E06000036,Bracknell Forest,Provisional,Alternative Provision,Total,Total,Total,Total,2,23,135,5.9,2,8.7,0,0,0,0,0,0,0,0,0,0,16.84,0.73,17,-46.422,-2.73,-3.4,-2.06,-65.33,-3.84,-4.51,-3.17,-25.59,-1.51,-2.17,-0.84,-31.141,-1.83,-2.5,-1.16,-62.975,-3.7,-4.37,-3.03,20,87,13,56.5,0,0,19,82.6,20,87,1,4.3,0,0,0,0,0,0,0,0,1,100,0,0,0,0,2,8.7,2,10,1,100,0,0,0,0,29,1.26,33.5,1.46,5,0.22,0,0,5,0.2,58,2.5,72,3.1,0,0,0,0,0,0,25,1.1,0,0
202122,Academic year,Local authority,E92000001,England,E12000008,South East,868,E06000040,Windsor and Maidenhead,Provisional,Alternative Provision,Total,Total,Total,Total,2,10,84,8.4,6,60,0,0,0,0,0,0,0,0,0,0,3.33,0.33,8,-27.487,-3.44,-4.41,-2.46,-28.72,-3.59,-4.57,-2.61,-23.41,-2.93,-3.9,-1.95,-27.607,-3.45,-4.43,-2.47,-29.263,-3.66,-4.63,-2.68,6,60,6,60,5,50,6,60,0,0,0,0,0,0,0,0,0,0,0,0,0,0,0,0,0,0,1,10,0,0,0,0,0,0,9,0.9,11,1.1,0,0,0,0,0,0,21,2.1,22,2.2,19,1.9,22,2.2,22,2.2,0,0,5,0.5,9,0.9
202122,Academic year,Local authority,E92000001,England,E12000008,South East,869,E06000037,West Berkshire,Provisional,Alternative Provision,Total,Total,Total,Total,2,25,184.5,7.4,16,64,0,0,2,8,0,0,0,0,0,0,6.68,0.27,23,-64.874,-2.82,-3.4,-2.24,-70.045,-3.05,-3.62,-2.47,-41.025,-1.78,-2.36,-1.21,-69.114,-3,-3.58,-2.43,-73.095,-3.18,-3.75,-2.6,19,76,17,68,1,4,18,72,0,0,0,0,0,0,1,4,0,0,0,0,0,0,0,0,1,4,3,12,0,0,0,0,0,0,5,0.2,35,1.4,0,0,0,0,0,0,48,1.9,70,2.8,23,0.9,43.5,1.7,31,1.2,12.5,0.5,9,0.4,19,0.8
202122,Academic year,Local authority,E92000001,England,E12000008,South East,870,E06000038,Reading,Provisional,Alternative Provision,Total,Total,Total,Total,2,41,239,5.8,25,61,1,2.4,1,2.4,0,0,0,0,0,0,12.5,0.3,34,-105.073,-3.09,-3.56,-2.62,-109.61,-3.22,-3.7,-2.75,-75.705,-2.23,-2.7,-1.75,-103.207,-3.04,-3.51,-2.56,-123.511,-3.63,-4.11,-3.16,32,78,26,63.4,3,7.3,30,73.2,3,7.3,0,0,0,0,1,2.4,1,2.4,1,33.3,0,0,0,0,2,4.9,2,4.9,2,66.7,0,0,0,0,11,0.27,45,1.1,9.5,0.23,0,0,0,0,67,1.6,90,2.2,54,1.3,28,0.7,28,0.7,0,0,19,0.5,8,0.2
202122,Academic year,Local authority,E92000001,England,E12000008,South East,871,E06000039,Slough,Provisional,Alternative Provision,Total,Total,Total,Total,2,38,285,7.5,19,50,0,0,1,2.6,0,0,0,0,0,0,14.34,0.38,31,-74.777,-2.41,-2.91,-1.92,-72.23,-2.33,-2.83,-1.83,-61.875,-2,-2.49,-1.5,-78.558,-2.53,-3.03,-2.04,-81.316,-2.62,-3.12,-2.13,25,65.8,25,65.8,11,28.9,21,55.3,2,5.3,0,0,0,0,1,2.6,2,5.3,2,100,0,0,0,0,2,5.3,4,10.5,2,100,0,0,0,0,28,0.74,38,1,10,0.26,0,0,0,0,83,2.2,76,2,42,1.1,84,2.2,84,2.2,0,0,12,0.3,31,0.8
202122,Academic year,Local authority,E92000001,England,E12000008,South East,872,E06000041,Wokingham,Provisional,Alternative Provision,Total,Total,Total,Total,2,9,47,5.2,2,22.2,0,0,0,0,0,0,0,0,0,0,5.33,0.59,7,-24.556,-3.51,-4.55,-2.46,-29.415,-4.2,-5.25,-3.16,-23.61,-3.37,-4.42,-2.33,-17.871,-2.55,-3.6,-1.51,-28.635,-4.09,-5.13,-3.05,4,44.4,4,44.4,0,0,2,22.2,2,22.2,2,22.2,0,0,0,0,0,0,1,50,0,0,0,0,0,0,0,0,2,100,2,100,0,0,0,0,6,0.67,9,1,8,0.89,0,0,7,0.8,12,1.3,26,2.9,2,0.2,2,0.2,0,0,6,0.7,1,0.1
202122,Academic year,Local authority,E92000001,England,E12000008,South East,825,E06000060,Buckinghamshire,Provisional,Alternative Provision,Total,Total,Total,Total,3,43,231,5.4,18,41.9,1,2.3,2,4.7,0,0,0,0,0,0,15.67,0.36,36,-103.738,-2.88,-3.34,-2.42,-115.355,-3.2,-3.66,-2.74,-81.55,-2.27,-2.73,-1.81,-99.063,-2.75,-3.21,-2.29,-115.467,-3.21,-3.67,-2.75,21,48.8,18,41.9,1,2.3,20,46.5,12,27.9,0,0,0,0,1,2.3,1,2.3,1,8.3,0,0,0,0,1,2.3,3,7,2,16.7,0,0,0,0,5,0.12,36,0.84,26.5,0.62,0,0,0,0,59,1.4,72,1.7,53,1.2,47,1.1,44,1,3,0.1,20,0.5,10,0.2
202122,Academic year,Local authority,E92000001,England,E12000008,South East,826,E06000042,Milton Keynes,Provisional,Alternative Provision,Total,Total,Total,Total,2,13,2,0.2,0,0,0,0,0,0,0,0,0,0,0,0,0,0,11,-38.017,-3.46,-4.29,-2.62,-42.42,-3.86,-4.69,-3.02,-34.575,-3.14,-3.98,-2.31,-36.042,-3.28,-4.11,-2.44,-39.357,-3.58,-4.41,-2.75,2,15.4,1,7.7,0,0,0,0,0,0,0,0,0,0,0,0,0,0,0,0,0,0,0,0,0,0,0,0,0,0,0,0,0,0,0,0,0,0,0,0,0,0,0,0,0,0,0,0,0,0,2,0.2,2,0.2,0,0,0,0,1,0.1
202122,Academic year,Local authority,E92000001,England,E12000008,South East,845,E10000011,East Sussex,Provisional,Alternative Provision,Total,Total,Total,Total,2,20,121,6.1,11,55,0,0,0,0,0,0,0,0,0,0,9.17,0.46,14,-43.163,-3.08,-3.82,-2.35,-47.8,-3.41,-4.15,-2.68,-35.045,-2.5,-3.24,-1.77,-39.331,-2.81,-3.55,-2.07,-49.311,-3.52,-4.26,-2.78,13,65,12,60,2,10,11,55,8,40,0,0,0,0,0,0,0,0,0,0,0,0,0,0,0,0,0,0,0,0,0,0,0,0,5,0.25,17,0.85,16.5,0.83,0,0,0,0,33,1.6,34,1.7,37,1.9,17,0.9,17,0.9,0,0,16,0.8,9,0.5
202122,Academic year,Local authority,E92000001,England,E12000008,South East,846,E06000043,Brighton and Hove,Provisional,Alternative Provision,Total,Total,Total,Total,2,55,532,9.7,38,69.1,1,1.8,5,9.1,0,0,0,0,0,0,19.2,0.35,50,-139.625,-2.79,-3.18,-2.4,-154.525,-3.09,-3.48,-2.7,-101.635,-2.03,-2.42,-1.64,-147.816,-2.96,-3.35,-2.57,-146.85,-2.94,-3.33,-2.55,43,78.2,43,78.2,2,3.6,39,70.9,3,5.5,0,0,0,0,0,0,1,1.8,2,66.7,0,0,0,0,2,3.6,9,16.4,2,66.7,0,0,0,0,8,0.15,78,1.42,14.5,0.26,0,0,0,0,116,2.1,156,2.8,99,1.8,161,2.9,154,2.8,7,0.1,35,0.6,48,0.9
202122,Academic year,Local authority,E92000001,England,E12000008,South East,850,E10000014,Hampshire,Provisional,Alternative Provision,Total,Total,Total,Total,7,79,406.5,5.1,33,41.8,0,0,2,2.5,0,0,0,0,0,0,27.66,0.35,66,-202.916,-3.07,-3.41,-2.73,-215.98,-3.27,-3.61,-2.93,-167.495,-2.54,-2.88,-2.2,-195.601,-2.96,-3.3,-2.62,-225.152,-3.41,-3.75,-3.07,41,51.9,36,45.6,9,11.4,34,43,14,17.7,1,1.3,0,0,2,2.5,0,0,3,21.4,0,0,0,0,2,2.5,5,6.3,4,28.6,0,0,0,0,30,0.38,55,0.7,39.5,0.5,2,0.03,0,0,110,1.4,110,1.4,95,1.2,91.5,1.2,86,1.1,5.5,0.1,32,0.4,25,0.3
202122,Academic year,Local authority,E92000001,England,E12000008,South East,851,E06000044,Portsmouth,Provisional,Alternative Provision,Total,Total,Total,Total,1,3,0,0,0,0,0,0,0,0,0,0,0,0,0,0,0,0,2,-3.694,-1.85,-3.8,0.11,-4.37,-2.19,-4.14,-0.23,-2.6,-1.3,-3.25,0.65,-3.434,-1.72,-3.67,0.24,-4.24,-2.12,-4.07,-0.17,0,0,0,0,0,0,0,0,0,0,0,0,0,0,0,0,0,0,0,0,0,0,0,0,0,0,0,0,0,0,0,0,0,0,z,0,z,0,0,0,z,0,z,0,0,0,0,0,0,0,0,0,0,0,0,0,0,0,0,0
202122,Academic year,Local authority,E92000001,England,E12000008,South East,852,E06000045,Southampton,Provisional,Alternative Provision,Total,Total,Total,Total,2,22,34,1.5,9,40.9,0,0,0,0,0,0,0,0,0,0,1.67,0.08,20,-54.958,-2.75,-3.37,-2.13,-60.28,-3.01,-3.63,-2.4,-43.015,-2.15,-2.77,-1.53,-52.406,-2.62,-3.24,-2,-61.94,-3.1,-3.71,-2.48,9,40.9,6,27.3,0,0,9,40.9,2,9.1,0,0,0,0,0,0,0,0,0,0,0,0,0,0,0,0,0,0,0,0,0,0,0,0,0,0,7,0.32,1.5,0.07,0,0,0,0,14,0.6,14,0.6,3,0.1,3,0.1,3,0.1,0,0,2,0.1,2,0.1
202122,Academic year,Local authority,E92000001,England,E12000009,South West,838,E06000059,Dorset,Provisional,Alternative Provision,Total,Total,Total,Total,5,70,509.75,7.3,41,58.6,0,0,1,1.4,0,0,0,0,0,0,29.17,0.42,60,-167.651,-2.79,-3.15,-2.44,-189.69,-3.16,-3.52,-2.81,-116.795,-1.95,-2.3,-1.59,-159.929,-2.67,-3.02,-2.31,-194.569,-3.24,-3.6,-2.89,49,70,43,61.4,8,11.4,44,62.9,9,12.9,24,34.3,0,0,0,0,2,2.9,0,0,0,0,0,0,3,4.3,6,8.6,1,11.1,0,0,0,0,21,0.3,87,1.24,16.5,0.24,34,0.49,0,0,112,1.6,174,2.5,125,1.8,98.75,1.4,82,1.2,16.75,0.2,61,0.9,34,0.5
202122,Academic year,Local authority,E92000001,England,E12000009,South West,839,E06000058,"Bournemouth, Christchurch and Poole",Provisional,Alternative Provision,Total,Total,Total,Total,3,68,377,5.5,26,38.2,3,4.4,5,7.4,0,0,0,0,0,0,22.52,0.33,62,-200.637,-3.24,-3.59,-2.89,-218.16,-3.52,-3.87,-3.17,-148.56,-2.4,-2.75,-2.05,-194.852,-3.14,-3.49,-2.79,-229.443,-3.7,-4.05,-3.35,38,55.9,29,42.6,8,11.8,31,45.6,2,2.9,7,10.3,0,0,1,1.5,4,5.9,1,50,1,14.3,0,0,3,4.4,10,14.7,2,100,2,28.6,0,0,25,0.37,72,1.06,9,0.13,20,0.29,0,0,92,1.4,144,2.1,87,1.3,54,0.8,54,0.8,0,0,24,0.4,20,0.3
202122,Academic year,Local authority,E92000001,England,E12000009,South West,865,E06000054,Wiltshire,Provisional,Alternative Provision,Total,Total,Total,Total,1,14,5,0.4,0,0,0,0,0,0,0,0,0,0,0,0,0,0,9,-30.328,-3.37,-4.29,-2.45,-34.595,-3.84,-4.76,-2.92,-27.8,-3.09,-4.01,-2.17,-27.075,-3.01,-3.93,-2.09,-32.421,-3.6,-4.52,-2.68,1,7.1,1,7.1,0,0,0,0,0,0,0,0,0,0,0,0,0,0,0,0,0,0,0,0,0,0,0,0,0,0,0,0,0,0,0,0,0,0,0,0,0,0,0,0,0,0,0,0,5,0.4,0,0,0,0,0,0,1,0.1,0,0
202122,Academic year,Local authority,E92000001,England,E12000009,South West,866,E06000030,Swindon,Provisional,Alternative Provision,Total,Total,Total,Total,2,21,101,4.8,14,66.7,0,0,0,0,0,0,0,0,0,0,7.17,0.34,19,-62.42,-3.29,-3.92,-2.65,-67.85,-3.57,-4.2,-2.94,-49.045,-2.58,-3.21,-1.95,-61.335,-3.23,-3.86,-2.59,-68.797,-3.62,-4.25,-2.99,15,71.4,14,66.7,4,19,14,66.7,5,23.8,0,0,0,0,0,0,0,0,0,0,0,0,0,0,0,0,1,4.8,0,0,0,0,0,0,6,0.29,19,0.9,9,0.43,0,0,0,0,27,1.3,38,1.8,18,0.9,18,0.9,18,0.9,0,0,10,0.5,7,0.3
202122,Academic year,Local authority,E92000001,England,E12000009,South West,878,E10000008,Devon,Provisional,Alternative Provision,Total,Total,Total,Total,5,86,413,4.8,35,40.7,3,3.5,3,3.5,0,0,0,0,0,0,24.02,0.28,67,-209.305,-3.12,-3.46,-2.79,-211.965,-3.16,-3.5,-2.83,-170.215,-2.54,-2.88,-2.2,-205.649,-3.07,-3.41,-2.73,-237.234,-3.54,-3.88,-3.2,38,44.2,36,41.9,21,24.4,36,41.9,2,2.3,1,1.2,1,1.2,5,5.8,3,3.5,2,100,0,0,1,100,5,5.8,4,4.7,2,100,0,0,1,100,58,0.67,61,0.71,10,0.12,0,0,5,0.06,141,1.6,122,1.4,81,0.9,69,0.8,69,0.8,0,0,33,0.4,25,0.3
202122,Academic year,Local authority,E92000001,England,E12000009,South West,879,E06000026,Plymouth,Provisional,Alternative Provision,Total,Total,Total,Total,2,78,515,6.6,50,64.1,0,0,1,1.3,0,0,0,0,0,0,48.38,0.62,70,-212.455,-3.04,-3.37,-2.71,-240.78,-3.44,-3.77,-3.11,-156.4,-2.23,-2.56,-1.9,-183.603,-2.62,-2.95,-2.29,-259.81,-3.71,-4.04,-3.38,71,91,59,75.6,1,1.3,70,89.7,56,71.8,0,0,1,1.3,1,1.3,0,0,0,0,0,0,1,100,1,1.3,4,5.1,4,7.1,0,0,1,100,5,0.06,90,1.15,94,1.21,0,0,7,0.09,105,1.3,180,2.3,195,2.5,35,0.4,35,0.4,0,0,93,1.2,17,0.2
202122,Academic year,Local authority,E92000001,England,E12000009,South West,880,E06000027,Torbay,Provisional,Alternative Provision,Total,Total,Total,Total,2,21,114,5.4,12,57.1,0,0,0,0,0,0,0,0,0,0,5.83,0.28,18,-59.258,-3.29,-3.94,-2.64,-58.265,-3.24,-3.89,-2.59,-40.735,-2.26,-2.91,-1.61,-66.328,-3.68,-4.34,-3.03,-65.18,-3.62,-4.27,-2.97,12,57.1,12,57.1,2,9.5,12,57.1,0,0,0,0,0,0,1,4.8,0,0,0,0,0,0,0,0,2,9.5,0,0,0,0,0,0,0,0,10,0.48,25,1.19,0,0,0,0,0,0,40,1.9,50,2.4,0,0,24,1.1,24,1.1,0,0,0,0,11,0.5
202122,Academic year,Local authority,E92000001,England,E12000009,South West,800,E06000022,Bath and North East Somerset,Provisional,Alternative Provision,Total,Total,Total,Total,1,8,13,1.6,1,12.5,0,0,0,0,0,0,0,0,0,0,0.67,0.08,6,-20.643,-3.44,-4.57,-2.31,-23.605,-3.93,-5.06,-2.81,-15.95,-2.66,-3.79,-1.53,-19.652,-3.28,-4.4,-2.15,-22.793,-3.8,-4.93,-2.67,1,12.5,1,12.5,0,0,1,12.5,0,0,0,0,0,0,0,0,0,0,0,0,0,0,0,0,0,0,1,12.5,0,0,0,0,0,0,0,0,4,0.5,0,0,0,0,0,0,1,0.1,8,1,4,0.5,0,0,0,0,0,0,1,0.1,0,0
202122,Academic year,Local authority,E92000001,England,E12000009,South West,801,E06000023,"Bristol, City of",Provisional,Alternative Provision,Total,Total,Total,Total,5,73,447,6.1,37,50.7,1,1.4,6,8.2,0,0,0,0,0,0,22,0.3,66,-201.959,-3.06,-3.4,-2.72,-204.81,-3.1,-3.44,-2.76,-147.05,-2.23,-2.57,-1.89,-207.984,-3.15,-3.49,-2.81,-230.626,-3.49,-3.83,-3.15,41,56.2,41,56.2,8,11,39,53.4,0,0,3,4.1,2,2.7,3,4.1,2,2.7,0,0,0,0,1,50,5,6.8,7,9.6,0,0,0,0,1,50,33,0.45,82,1.12,0,0,9,0.12,8,0.11,139,1.9,164,2.2,68,0.9,76,1,76,1,0,0,23,0.3,29,0.4
202122,Academic year,Local authority,E92000001,England,E12000009,South West,802,E06000024,North Somerset,Provisional,Alternative Provision,Total,Total,Total,Total,2,33,276,8.4,18,54.5,1,3,2,6.1,0,0,0,0,0,0,10.01,0.3,26,-71.596,-2.75,-3.3,-2.21,-80.845,-3.11,-3.65,-2.57,-51.525,-1.98,-2.52,-1.44,-76.588,-2.95,-3.49,-2.4,-73.827,-2.84,-3.38,-2.3,22,66.7,22,66.7,1,3,20,60.6,1,3,1,3,0,0,1,3,1,3,0,0,0,0,0,0,1,3,2,6.1,1,100,0,0,0,0,6,0.18,43,1.3,4.5,0.14,2,0.06,0,0,56,1.7,86,2.6,44,1.3,90,2.7,86,2.6,4,0.1,17,0.5,20,0.6
202122,Academic year,Local authority,E92000001,England,E12000009,South West,803,E06000025,South Gloucestershire,Provisional,Alternative Provision,Total,Total,Total,Total,2,39,332,8.5,23,59,1,2.6,4,10.3,0,0,0,0,0,0,10.17,0.26,34,-107.909,-3.17,-3.65,-2.7,-117.585,-3.46,-3.93,-2.98,-75.805,-2.23,-2.7,-1.76,-112.694,-3.31,-3.79,-2.84,-118.075,-3.47,-3.95,-3,29,74.4,24,61.5,0,0,25,64.1,0,0,1,2.6,0,0,0,0,2,5.1,0,0,0,0,0,0,0,0,8,20.5,0,0,0,0,0,0,0,0,58,1.49,0,0,3,0.08,0,0,77,2,116,3,60,1.5,79,2,71,1.8,8,0.2,20,0.5,25,0.6
202122,Academic year,Local authority,E92000001,England,E12000009,South West,933,E10000027,Somerset,Provisional,Alternative Provision,Total,Total,Total,Total,5,65,246,3.8,29,44.6,1,1.5,2,3.1,0,0,0,0,0,0,18.18,0.28,59,-195.152,-3.31,-3.67,-2.95,-211.145,-3.58,-3.94,-3.22,-155.25,-2.63,-2.99,-2.27,-185.234,-3.14,-3.5,-2.78,-221.025,-3.75,-4.11,-3.39,38,58.5,28,43.1,7,10.8,33,50.8,16,24.6,1,1.5,0,0,0,0,2,3.1,1,6.3,0,0,0,0,0,0,4,6.2,1,6.3,0,0,0,0,9,0.14,47,0.72,25.5,0.39,2,0.03,0,0,70,1.1,94,1.4,61,0.9,21,0.3,21,0.3,0,0,26,0.4,6,0.1
202122,Academic year,Local authority,E92000001,England,E12000009,South West,916,E10000013,Gloucestershire,Provisional,Alternative Provision,Total,Total,Total,Total,5,68,213,3.1,22,32.4,0,0,1,1.5,0,0,0,0,0,0,10.67,0.16,60,-193.269,-3.22,-3.58,-2.86,-218.24,-3.64,-3.99,-3.28,-161.365,-2.69,-3.05,-2.33,-190.287,-3.17,-3.53,-2.81,-200.869,-3.35,-3.7,-2.99,30,44.1,24,35.3,2,2.9,27,39.7,14,20.6,3,4.4,0,0,0,0,1,1.5,0,0,0,0,0,0,0,0,2,2.9,0,0,0,0,0,0,5,0.07,34,0.5,11,0.16,3,0.04,0,0,45,0.7,68,1,28,0.4,72,1.1,68,1,4,0.1,16,0.2,21,0.3
202122,Academic year,Local authority,E92000001,England,E12000009,South West,908,E06000052,Cornwall,Provisional,Alternative Provision,Total,Total,Total,Total,7,49,375,7.7,30,61.2,0,0,0,0,0,0,0,0,0,0,22.99,0.47,40,-108.545,-2.71,-3.15,-2.28,-112.16,-2.8,-3.24,-2.37,-72.715,-1.82,-2.25,-1.38,-111.145,-2.78,-3.22,-2.34,-127.436,-3.19,-3.62,-2.75,32,65.3,30,61.2,22,44.9,30,61.2,5,10.2,1,2,0,0,2,4.1,0,0,0,0,0,0,0,0,3,6.1,1,2,1,20,1,100,0,0,53,1.08,60,1.22,10.5,0.21,4,0.08,0,0,112,2.3,120,2.4,72,1.5,71,1.4,71,1.4,0,0,30,0.6,37,0.8
