﻿time_period,time_identifier,geographic_level,country_code,country_name,region_code,region_name,lad_name,lad_code,version,t_schools,t_pupils,t_att8,avg_att8,t_entbasics,pt_entbasics,t_l2basics_95,pt_l2basics_95,t_l2basics_94,pt_l2basics_94,t_ebacc_e_ptq_ee,pt_ebacc_e_ptq_ee,t_ebaccaps,avg_ebaccaps,t_ebacc_95,pt_ebacc_95,t_ebacc_94,pt_ebacc_94,t_inp8calc,t_p8score,avg_p8score,p8score_CI_low,p8score_CI_upp
202122,Academic year,National,E92000001,England,,,,,Provisional,4014,584325,28506500.56,48.8,563380,96.4,290964,49.8,402293,68.8,226704,38.8,2499460.08,4.28,118356,20.3,156428,26.8,552954,-16421.052,-0.03,-0.03,-0.03
202122,Academic year,Regional,E92000001,England,E12000004,East Midlands,,,Provisional,522,51292,2437943.5,47.5,49601,96.7,24201,47.2,34611,67.5,18154,35.4,213221.31,4.16,9414,18.4,12737,24.8,48948,-1353.067,-0.03,-0.04,-0.02
202122,Academic year,Regional,E92000001,England,E12000006,East of England,,,Provisional,698,65291,3194793.88,48.9,63042,96.6,32470,49.7,45417,69.6,24907,38.1,280602.72,4.3,13358,20.5,17624,27,62172,-540.979,-0.01,-0.02,0
202122,Academic year,Regional,E92000001,England,E13000001,Inner London,,,Provisional,517,28113,1461631,52,27161,96.6,15859,56.4,20658,73.5,16421,58.4,132957.29,4.73,7934,28.2,10520,37.4,25766,4895.665,0.19,0.17,0.21
202122,Academic year,Regional,E92000001,England,E12000001,North East,,,Provisional,208,27804,1301713.25,46.8,26472,95.2,12734,45.8,18251,65.6,9469,34.1,111885.18,4.02,5048,18.2,6753,24.3,27004,-7323.616,-0.27,-0.29,-0.25
202122,Academic year,Regional,E92000001,England,E12000002,North West,,,Provisional,612,81027,3813582.94,47.1,77916,96.2,37710,46.5,53458,66,28708,35.4,330367.4,4.08,13862,17.1,18773,23.2,77087,-12376.246,-0.16,-0.17,-0.15
202122,Academic year,Regional,E92000001,England,E13000002,Outer London,,,Provisional,765,58785,3132154.35,53.3,56953,96.9,34345,58.4,44002,74.9,31930,54.3,283551.18,4.82,17142,29.2,22158,37.7,53559,13835.623,0.26,0.25,0.27
202122,Academic year,Regional,E92000001,England,E12000008,South East,,,Provisional,916,92355,4605115.34,49.9,89022,96.4,47711,51.7,65121,70.5,35758,38.7,405033.43,4.39,20272,22,25986,28.1,87049,-2653.992,-0.03,-0.04,-0.02
202122,Academic year,Regional,E92000001,England,E12000009,South West,,,Provisional,436,53994,2628620.13,48.7,52145,96.6,26497,49.1,37281,69,17232,31.9,227834.08,4.22,9413,17.4,12413,23,51460,-3271.751,-0.06,-0.08,-0.05
202122,Academic year,Regional,E92000001,England,E12000005,West Midlands,,,Provisional,545,65785,3123721.42,47.5,63382,96.3,30905,47,43674,66.4,23346,35.5,270104.36,4.11,11326,17.2,15416,23.4,62349,-3577.477,-0.06,-0.07,-0.05
202122,Academic year,Regional,E92000001,England,E12000003,Yorkshire and The Humber,,,Provisional,443,59879,2807224.75,46.9,57686,96.3,28532,47.6,39820,66.5,20779,34.7,243903.13,4.07,10587,17.7,14048,23.5,57560,-4055.212,-0.07,-0.08,-0.06
202122,Academic year,Local authority district,E92000001,England,E12000001,North East,Hartlepool,E06000001,Provisional,20,1097,49473.75,45.1,1058,96.4,461,42,715,65.2,272,24.8,4190.78,3.82,153,13.9,196,17.9,1072,-452.489,-0.42,-0.51,-0.34
202122,Academic year,Local authority district,E92000001,England,E12000001,North East,Middlesbrough,E06000002,Provisional,42,1755,77635,44.2,1672,95.3,715,40.7,1086,61.9,468,26.7,6541.55,3.73,239,13.6,326,18.6,1688,-614.667,-0.36,-0.43,-0.3
202122,Academic year,Local authority district,E92000001,England,E12000001,North East,Redcar and Cleveland,E06000003,Provisional,34,1547,71480.25,46.2,1488,96.2,718,46.4,1056,68.3,543,35.1,6247.67,4.04,252,16.3,371,24,1521,-733.541,-0.48,-0.55,-0.41
202122,Academic year,Local authority district,E92000001,England,E12000001,North East,Stockton-on-Tees,E06000004,Provisional,45,2280,111988,49.1,2185,95.8,1203,52.8,1625,71.3,924,40.5,9839.84,4.32,533,23.4,704,30.9,2240,-91.222,-0.04,-0.1,0.02
202122,Academic year,Local authority district,E92000001,England,E12000001,North East,Darlington,E06000005,Provisional,32,1209,56512,46.7,1162,96.1,545,45.1,790,65.3,452,37.4,4835.47,4,202,16.7,301,24.9,1178,-325.715,-0.28,-0.36,-0.2
202122,Academic year,Local authority district,E92000001,England,E12000002,North West,Halton,E06000006,Provisional,45,1606,74121,46.2,1554,96.8,706,44,1015,63.2,317,19.7,6125.16,3.81,145,9,215,13.4,1570,-220.615,-0.14,-0.21,-0.07
202122,Academic year,Local authority district,E92000001,England,E12000002,North West,Warrington,E06000007,Provisional,41,2319,120041.5,51.8,2264,97.6,1279,55.2,1718,74.1,1007,43.4,10633.73,4.59,566,24.4,730,31.5,2236,-2.854,0,-0.06,0.06
202122,Academic year,Local authority district,E92000001,England,E12000002,North West,Blackburn with Darwen,E06000008,Provisional,50,2074,96845.5,46.7,2012,97,967,46.6,1399,67.5,936,45.1,8409.95,4.05,260,12.5,366,17.6,1946,-36.235,-0.02,-0.08,0.04
202122,Academic year,Local authority district,E92000001,England,E12000002,North West,Blackpool,E06000009,Provisional,25,1389,54472.75,39.2,1307,94.1,449,32.3,750,54,278,20,4473.63,3.22,80,5.8,120,8.6,1346,-1050.494,-0.78,-0.86,-0.71
202122,Academic year,Local authority district,E92000001,England,E12000003,Yorkshire and The Humber,"Kingston upon Hull, City of",E06000010,Provisional,31,2918,127745.5,43.8,2785,95.4,1180,40.4,1718,58.9,1183,40.5,11022.9,3.78,434,14.9,616,21.1,2805,-1283.29,-0.46,-0.51,-0.41
202122,Academic year,Local authority district,E92000001,England,E12000003,Yorkshire and The Humber,East Riding of Yorkshire,E06000011,Provisional,65,3216,153239,47.6,3128,97.3,1563,48.6,2247,69.9,1070,33.3,13392.85,4.16,554,17.2,734,22.8,3140,-322.887,-0.1,-0.15,-0.05
202122,Academic year,Local authority district,E92000001,England,E12000003,Yorkshire and The Humber,North East Lincolnshire,E06000012,Provisional,27,1827,79662,43.6,1752,95.9,714,39.1,1109,60.7,590,32.3,6963.24,3.81,284,15.5,406,22.2,1771,-666.076,-0.38,-0.44,-0.31
202122,Academic year,Local authority district,E92000001,England,E12000003,Yorkshire and The Humber,North Lincolnshire,E06000013,Provisional,40,1886,87958.75,46.6,1830,97,848,45,1281,67.9,600,31.8,7529.01,3.99,310,16.4,429,22.7,1831,-100.168,-0.05,-0.12,0.01
202122,Academic year,Local authority district,E92000001,England,E12000003,Yorkshire and The Humber,York,E06000014,Provisional,21,1790,93936.25,52.5,1748,97.7,986,55.1,1347,75.3,715,39.9,8278.58,4.62,425,23.7,547,30.6,1715,402.264,0.23,0.17,0.3
202122,Academic year,Local authority district,E92000001,England,E12000004,East Midlands,Derby,E06000015,Provisional,42,2948,131614,44.6,2833,96.1,1226,41.6,1808,61.3,1102,37.4,11700.2,3.97,598,20.3,815,27.6,2791,-407.598,-0.15,-0.2,-0.09
202122,Academic year,Local authority district,E92000001,England,E12000004,East Midlands,Leicester,E06000016,Provisional,56,4548,210162.75,46.2,4357,95.8,2042,44.9,2912,64,1780,39.1,18667.32,4.1,829,18.2,1135,25,4096,175.551,0.04,0,0.09
202122,Academic year,Local authority district,E92000001,England,E12000004,East Midlands,Rutland,E06000017,Provisional,16,322,18086,56.2,314,97.5,207,64.3,260,80.7,147,45.7,1634.7,5.08,101,31.4,126,39.1,309,171.376,0.55,0.4,0.71
202122,Academic year,Local authority district,E92000001,England,E12000004,East Midlands,Nottingham,E06000018,Provisional,62,3334,149476.25,44.8,3211,96.3,1401,42,2058,61.7,874,26.2,12817.1,3.84,428,12.8,571,17.1,3076,-632.516,-0.21,-0.26,-0.16
202122,Academic year,Local authority district,E92000001,England,E12000005,West Midlands,"Herefordshire, County of",E06000019,Provisional,37,1684,78008,46.3,1610,95.6,762,45.2,1112,66,538,31.9,6845.39,4.06,290,17.2,396,23.5,1623,-359.819,-0.22,-0.29,-0.15
202122,Academic year,Local authority district,E92000001,England,E12000005,West Midlands,Telford and Wrekin,E06000020,Provisional,31,2093,94832,45.3,2026,96.8,821,39.2,1254,59.9,667,31.9,8216.93,3.93,326,15.6,468,22.4,1990,-696.98,-0.35,-0.41,-0.29
202122,Academic year,Local authority district,E92000001,England,E12000005,West Midlands,Stoke-on-Trent,E06000021,Provisional,49,2902,125476.52,43.2,2773,95.6,1085,37.4,1716,59.1,850,29.3,10439.81,3.6,309,10.6,480,16.5,2751,-802.23,-0.29,-0.34,-0.24
202122,Academic year,Local authority district,E92000001,England,E12000009,South West,Bath and North East Somerset,E06000022,Provisional,38,1658,86660.75,52.3,1598,96.4,958,57.8,1240,74.8,711,42.9,7641.56,4.61,385,23.2,533,32.1,1572,294.995,0.19,0.12,0.26
202122,Academic year,Local authority district,E92000001,England,E12000009,South West,"Bristol, City of",E06000023,Provisional,68,4082,193935.5,47.5,3883,95.1,1913,46.9,2690,65.9,1316,32.2,16756.65,4.11,660,16.2,892,21.9,3849,-351.541,-0.09,-0.14,-0.05
202122,Academic year,Local authority district,E92000001,England,E12000009,South West,North Somerset,E06000024,Provisional,34,2212,107699,48.7,2134,96.5,1066,48.2,1527,69,695,31.4,9294.07,4.2,387,17.5,519,23.5,2079,-64.5,-0.03,-0.09,0.03
202122,Academic year,Local authority district,E92000001,England,E12000009,South West,South Gloucestershire,E06000025,Provisional,66,2849,141060,49.5,2755,96.7,1474,51.7,2036,71.5,980,34.4,12199.47,4.28,528,18.5,678,23.8,2749,-45.292,-0.02,-0.07,0.04
202122,Academic year,Local authority district,E92000001,England,E12000009,South West,Plymouth,E06000026,Provisional,34,2620,120464.75,46,2522,96.3,1125,42.9,1694,64.7,720,27.5,10247.17,3.91,372,14.2,519,19.8,2541,-652.44,-0.26,-0.31,-0.2
202122,Academic year,Local authority district,E92000001,England,E12000009,South West,Torbay,E06000027,Provisional,25,1344,60633.75,45.1,1268,94.3,605,45,831,61.8,272,20.2,5057.48,3.76,151,11.2,192,14.3,1302,-446.475,-0.34,-0.42,-0.27
202122,Academic year,Local authority district,E92000001,England,E12000009,South West,Swindon,E06000030,Provisional,37,2565,122998.63,48,2474,96.5,1260,49.1,1726,67.3,698,27.2,10638.66,4.15,391,15.2,516,20.1,2413,-163.723,-0.07,-0.12,-0.01
202122,Academic year,Local authority district,E92000001,England,E12000006,East of England,Peterborough,E06000031,Provisional,38,2520,117447,46.6,2427,96.3,1105,43.8,1642,65.2,583,23.1,9914.9,3.93,345,13.7,447,17.7,2333,268.778,0.12,0.06,0.17
202122,Academic year,Local authority district,E92000001,England,E12000006,East of England,Luton,E06000032,Provisional,61,2993,137851.75,46.1,2893,96.7,1380,46.1,1919,64.1,1086,36.3,12031.82,4.02,507,16.9,703,23.5,2737,115.25,0.04,-0.01,0.09
202122,Academic year,Local authority district,E92000001,England,E12000006,East of England,Southend-on-Sea,E06000033,Provisional,44,1953,98580,50.5,1869,95.7,1046,53.6,1369,70.1,871,44.6,8640.72,4.42,484,24.8,618,31.6,1876,-131.96,-0.07,-0.13,-0.01
202122,Academic year,Local authority district,E92000001,England,E12000006,East of England,Thurrock,E06000034,Provisional,97,2206,105078,47.6,2142,97.1,1072,48.6,1494,67.7,1026,46.5,9385.52,4.25,508,23,686,31.1,2091,-215.617,-0.1,-0.16,-0.04
202122,Academic year,Local authority district,E92000001,England,E12000008,South East,Medway,E06000035,Provisional,79,3233,150606.51,46.6,3139,97.1,1453,44.9,2083,64.4,1080,33.4,13044.47,4.03,648,20,832,25.7,3123,-511.91,-0.16,-0.21,-0.11
202122,Academic year,Local authority district,E92000001,England,E12000008,South East,Bracknell Forest,E06000036,Provisional,50,1281,61858.38,48.3,1230,96,596,46.5,861,67.2,311,24.3,5248.8,4.1,178,13.9,237,18.5,1214,-22.73,-0.02,-0.1,0.06
202122,Academic year,Local authority district,E92000001,England,E12000008,South East,West Berkshire,E06000037,Provisional,37,1618,84876.75,52.5,1579,97.6,903,55.8,1206,74.5,739,45.7,7522.14,4.65,399,24.7,536,33.1,1532,364.628,0.24,0.17,0.31
202122,Academic year,Local authority district,E92000001,England,E12000008,South East,Reading,E06000038,Provisional,46,1671,79688.26,47.7,1606,96.1,766,45.8,1060,63.4,616,36.9,7031.74,4.21,348,20.8,444,26.6,1504,-212.442,-0.14,-0.21,-0.07
202122,Academic year,Local authority district,E92000001,England,E12000008,South East,Slough,E06000039,Provisional,67,2154,112669.75,52.3,2105,97.7,1240,57.6,1593,74,992,46.1,10037.59,4.66,531,24.7,682,31.7,1971,513.54,0.26,0.2,0.32
202122,Academic year,Local authority district,E92000001,England,E12000008,South East,Windsor and Maidenhead,E06000040,Provisional,51,1491,82201.63,55.1,1450,97.3,912,61.2,1182,79.3,801,53.7,7495.19,5.03,474,31.8,600,40.2,1330,198.141,0.15,0.07,0.22
202122,Academic year,Local authority district,E92000001,England,E12000008,South East,Wokingham,E06000041,Provisional,58,1967,114305.66,58.1,1912,97.2,1308,66.5,1629,82.8,1031,52.4,10372.01,5.27,665,33.8,835,42.5,1813,734.579,0.41,0.34,0.47
202122,Academic year,Local authority district,E92000001,England,E12000008,South East,Milton Keynes,E06000042,Provisional,51,3473,167913.25,48.3,3350,96.5,1721,49.6,2375,68.4,1239,35.7,14618.24,4.21,600,17.3,788,22.7,3210,-367.584,-0.11,-0.16,-0.07
202122,Academic year,Local authority district,E92000001,England,E12000008,South East,Brighton and Hove,E06000043,Provisional,33,2208,114048.75,51.7,2118,95.9,1249,56.6,1664,75.4,1207,54.7,10421.06,4.72,653,29.6,865,39.2,2073,175.336,0.08,0.02,0.15
202122,Academic year,Local authority district,E92000001,England,E12000008,South East,Portsmouth,E06000044,Provisional,38,2007,86468.75,43.1,1906,95,812,40.5,1228,61.2,709,35.3,7511.54,3.74,259,12.9,405,20.2,1898,-685.273,-0.36,-0.42,-0.3
202122,Academic year,Local authority district,E92000001,England,E12000008,South East,Southampton,E06000045,Provisional,41,2435,112048.25,46,2309,94.8,1029,42.3,1514,62.2,749,30.8,9636.53,3.96,406,16.7,530,21.8,2290,-507.51,-0.22,-0.28,-0.16
202122,Academic year,Local authority district,E92000001,England,E12000008,South East,Isle of Wight,E06000046,Provisional,10,1240,54049.25,43.6,1181,95.2,488,39.4,751,60.6,481,38.8,4658.2,3.76,182,14.7,259,20.9,1204,-468.692,-0.39,-0.47,-0.31
202122,Academic year,Local authority district,E92000001,England,E12000001,North East,County Durham,E06000047,Provisional,105,5381,255985.75,47.6,5147,95.7,2457,45.7,3526,65.5,1590,29.5,21554.79,4.01,931,17.3,1217,22.6,5249,-1040.946,-0.2,-0.24,-0.16
202122,Academic year,Local authority district,E92000001,England,E12000002,North West,Cheshire East,E06000049,Provisional,87,3884,196773.25,50.7,3767,97,2031,52.3,2815,72.5,1293,33.3,16874.08,4.34,707,18.2,909,23.4,3704,58.335,0.02,-0.03,0.06
202122,Academic year,Local authority district,E92000001,England,E12000002,North West,Cheshire West and Chester,E06000050,Provisional,79,3534,172713,48.9,3423,96.9,1708,48.3,2403,68,1528,43.2,15250.21,4.32,788,22.3,1050,29.7,3389,-291.997,-0.09,-0.13,-0.04
202122,Academic year,Local authority district,E92000001,England,E12000005,West Midlands,Shropshire,E06000051,Provisional,77,2756,130187.25,47.2,2670,96.9,1250,45.4,1856,67.3,965,35,11385.23,4.13,444,16.1,622,22.6,2641,-744.445,-0.28,-0.34,-0.23
202122,Academic year,Local authority district,E92000001,England,E12000009,South West,Cornwall,E06000052,Provisional,58,5580,262435,47,5402,96.8,2427,43.5,3652,65.4,1519,27.2,22318.2,4,725,13,988,17.7,5377,-755.383,-0.14,-0.18,-0.1
202122,Academic year,Local authority district,E92000001,England,E12000009,South West,Isles of Scilly,E06000053,Provisional,1,15,781.5,52.1,14,93.3,10,66.7,13,86.7,4,26.7,67.01,4.47,2,13.3,3,20,14,6.39,0.46,-0.28,1.19
202122,Academic year,Local authority district,E92000001,England,E12000009,South West,Wiltshire,E06000054,Provisional,91,4923,240388.25,48.8,4780,97.1,2345,47.6,3403,69.1,1641,33.3,21063.79,4.28,900,18.3,1192,24.2,4686,-199.624,-0.04,-0.08,0
202122,Academic year,Local authority district,E92000001,England,E12000006,East of England,Bedford,E06000055,Provisional,41,1930,90227,46.7,1866,96.7,880,45.6,1298,67.3,638,33.1,7781.12,4.03,284,14.7,388,20.1,1833,158.25,0.09,0.02,0.15
202122,Academic year,Local authority district,E92000001,England,E12000006,East of England,Central Bedfordshire,E06000056,Provisional,87,3067,145009.75,47.3,2970,96.8,1398,45.6,2115,69,906,29.5,12454.12,4.06,422,13.8,568,18.5,2983,-321.348,-0.11,-0.16,-0.06
202122,Academic year,Local authority district,E92000001,England,E12000001,North East,Northumberland,E06000057,Provisional,55,3119,144954.75,46.5,2994,96,1427,45.8,2069,66.3,820,26.3,12287.6,3.94,421,13.5,567,18.2,3018,-625.584,-0.21,-0.26,-0.16
202122,Academic year,Local authority district,E92000001,England,E12000009,South West,"Bournemouth, Christchurch and Poole",E06000058,Provisional,40,3549,184810.5,52.1,3448,97.2,2046,57.7,2690,75.8,1381,38.9,16328.39,4.6,904,25.5,1110,31.3,3325,664.701,0.2,0.15,0.25
202122,Academic year,Local authority district,E92000001,England,E12000009,South West,Dorset,E06000059,Provisional,62,3408,163228.25,47.9,3278,96.2,1564,45.9,2327,68.3,1264,37.1,14252.62,4.18,608,17.8,832,24.4,3271,-301.463,-0.09,-0.14,-0.04
202122,Academic year,Local authority district,E92000001,England,E12000008,South East,Buckinghamshire,E06000060,Provisional,149,5924,321209,54.2,5718,96.5,3525,59.5,4530,76.5,2300,38.8,28175.08,4.76,1559,26.3,1868,31.5,5494,749.83,0.14,0.1,0.17
202122,Academic year,Local authority district,E92000001,England,E12000004,East Midlands,North Northamptonshire,E06000061,Provisional,73,3998,185393.75,46.4,3838,96,1725,43.1,2581,64.6,1525,38.1,16279.14,4.07,672,16.8,986,24.7,3809,76.339,0.02,-0.02,0.06
202122,Academic year,Local authority district,E92000001,England,E12000004,East Midlands,West Northamptonshire,E06000062,Provisional,78,4640,225628,48.6,4499,97,2288,49.3,3290,70.9,1789,38.6,19777.8,4.26,916,19.7,1245,26.8,4397,475.282,0.11,0.07,0.15
202122,Academic year,Local authority district,E92000001,England,E12000006,East of England,Cambridge,E07000008,Provisional,28,848,46231.75,54.5,807,95.2,503,59.3,624,73.6,437,51.5,4258.13,5.02,304,35.8,366,43.2,769,367.94,0.48,0.38,0.58
202122,Academic year,Local authority district,E92000001,England,E12000006,East of England,East Cambridgeshire,E07000009,Provisional,23,910,47566.25,52.3,885,97.3,499,54.8,692,76,293,32.2,4171,4.58,183,20.1,231,25.4,871,183.009,0.21,0.12,0.3
202122,Academic year,Local authority district,E92000001,England,E12000006,East of England,Fenland,E07000010,Provisional,46,1032,41871.25,40.6,971,94.1,359,34.8,574,55.6,181,17.5,3476.1,3.37,84,8.1,113,10.9,992,-314.77,-0.32,-0.4,-0.23
202122,Academic year,Local authority district,E92000001,England,E12000006,East of England,Huntingdonshire,E07000011,Provisional,49,1690,83927.75,49.7,1641,97.1,836,49.5,1193,70.6,714,42.2,7535.3,4.46,402,23.8,541,32,1641,342.964,0.21,0.14,0.28
202122,Academic year,Local authority district,E92000001,England,E12000006,East of England,South Cambridgeshire,E07000012,Provisional,38,1683,96733.5,57.5,1649,98,1078,64.1,1349,80.2,949,56.4,8940.8,5.31,665,39.5,805,47.8,1597,705.451,0.44,0.37,0.51
202122,Academic year,Local authority district,E92000001,England,E12000002,North West,Allerdale,E07000026,Provisional,23,997,46758,46.9,968,97.1,472,47.3,666,66.8,384,38.5,4124.95,4.14,200,20.1,283,28.4,967,-203.694,-0.21,-0.3,-0.12
202122,Academic year,Local authority district,E92000001,England,E12000002,North West,Barrow-in-Furness,E07000027,Provisional,10,694,30427.75,43.8,668,96.3,254,36.6,423,61,98,14.1,2529.8,3.65,52,7.5,66,9.5,677,-313.798,-0.46,-0.57,-0.36
202122,Academic year,Local authority district,E92000001,England,E12000002,North West,Carlisle,E07000028,Provisional,13,1120,50715.25,45.3,1083,96.7,461,41.2,699,62.4,362,32.3,4465.95,3.99,172,15.4,245,21.9,1087,-276.353,-0.25,-0.34,-0.17
202122,Academic year,Local authority district,E92000001,England,E12000002,North West,Copeland,E07000029,Provisional,14,733,34138,46.6,714,97.4,320,43.7,478,65.2,217,29.6,2983.31,4.07,98,13.4,153,20.9,720,-213.625,-0.3,-0.4,-0.19
202122,Academic year,Local authority district,E92000001,England,E12000002,North West,Eden,E07000030,Provisional,14,508,24773.25,48.8,492,96.9,268,52.8,366,72,204,40.2,2196.34,4.32,100,19.7,126,24.8,493,14.325,0.03,-0.1,0.15
202122,Academic year,Local authority district,E92000001,England,E12000002,North West,South Lakeland,E07000031,Provisional,24,901,47233.5,52.4,879,97.6,506,56.2,680,75.5,278,30.9,4100.32,4.55,167,18.5,217,24.1,858,100.443,0.12,0.02,0.21
202122,Academic year,Local authority district,E92000001,England,E12000004,East Midlands,Amber Valley,E07000032,Provisional,44,1268,60322,47.6,1224,96.5,599,47.2,846,66.7,463,36.5,5329.09,4.2,261,20.6,344,27.1,1235,-178.297,-0.14,-0.22,-0.07
202122,Academic year,Local authority district,E92000001,England,E12000004,East Midlands,Bolsover,E07000033,Provisional,40,893,40210.5,45,865,96.9,393,44,571,63.9,251,28.1,3458.14,3.87,126,14.1,181,20.3,880,-197.772,-0.22,-0.32,-0.13
202122,Academic year,Local authority district,E92000001,England,E12000004,East Midlands,Chesterfield,E07000034,Provisional,28,1005,46812,46.6,978,97.3,461,45.9,654,65.1,265,26.4,4049.62,4.03,165,16.4,206,20.5,981,-245.811,-0.25,-0.34,-0.16
202122,Academic year,Local authority district,E92000001,England,E12000004,East Midlands,Derbyshire Dales,E07000035,Provisional,27,721,36732,50.9,712,98.8,394,54.6,531,73.6,220,30.5,3194.13,4.43,131,18.2,168,23.3,693,-6.832,-0.01,-0.11,0.1
202122,Academic year,Local authority district,E92000001,England,E12000004,East Midlands,Erewash,E07000036,Provisional,41,1139,52664.5,46.2,1096,96.2,529,46.4,746,65.5,273,24,4539.47,3.99,145,12.7,210,18.4,1111,-214.748,-0.19,-0.28,-0.11
202122,Academic year,Local authority district,E92000001,England,E12000004,East Midlands,High Peak,E07000037,Provisional,30,938,43933,46.8,900,95.9,417,44.5,624,66.5,210,22.4,3719.36,3.97,113,12,148,15.8,915,-87.998,-0.1,-0.19,0
202122,Academic year,Local authority district,E92000001,England,E12000004,East Midlands,North East Derbyshire,E07000038,Provisional,38,987,47254.25,47.9,951,96.4,483,48.9,686,69.5,415,42,4167.3,4.22,199,20.2,289,29.3,959,-107.2,-0.11,-0.2,-0.02
202122,Academic year,Local authority district,E92000001,England,E12000004,East Midlands,South Derbyshire,E07000039,Provisional,47,1176,55688.25,47.4,1137,96.7,584,49.7,817,69.5,275,23.4,4718.27,4.01,159,13.5,211,17.9,1139,-63.753,-0.06,-0.14,0.03
202122,Academic year,Local authority district,E92000001,England,E12000009,South West,East Devon,E07000040,Provisional,31,1378,70311.75,51,1340,97.2,711,51.6,1005,72.9,444,32.2,6167.29,4.48,273,19.8,344,25,1300,-4.596,0,-0.08,0.07
202122,Academic year,Local authority district,E92000001,England,E12000009,South West,Exeter,E07000041,Provisional,25,1073,52808.75,49.2,1027,95.7,588,54.8,780,72.7,467,43.5,4777.82,4.45,251,23.4,320,29.8,1011,13.323,0.01,-0.07,0.1
202122,Academic year,Local authority district,E92000001,England,E12000009,South West,Mid Devon,E07000042,Provisional,27,867,41626.5,48,844,97.3,450,51.9,619,71.4,220,25.4,3632.49,4.19,136,15.7,168,19.4,836,5.486,0.01,-0.09,0.1
202122,Academic year,Local authority district,E92000001,England,E12000009,South West,North Devon,E07000043,Provisional,15,964,45232,46.9,933,96.8,445,46.2,631,65.5,335,34.8,3922.96,4.07,155,16.1,226,23.4,941,-244.628,-0.26,-0.35,-0.17
202122,Academic year,Local authority district,E92000001,England,E12000009,South West,South Hams,E07000044,Provisional,42,839,43811,52.2,816,97.3,477,56.9,641,76.4,276,32.9,3820.2,4.55,167,19.9,220,26.2,785,-2.187,0,-0.1,0.1
202122,Academic year,Local authority district,E92000001,England,E12000009,South West,Teignbridge,E07000045,Provisional,34,1279,62504.25,48.9,1240,97,634,49.6,896,70.1,435,34,5491.46,4.29,242,18.9,333,26,1241,-211.501,-0.17,-0.25,-0.09
202122,Academic year,Local authority district,E92000001,England,E12000009,South West,Torridge,E07000046,Provisional,18,636,29519.25,46.4,618,97.2,268,42.1,427,67.1,304,47.8,2627.83,4.13,113,17.8,170,26.7,615,-131.386,-0.21,-0.32,-0.1
202122,Academic year,Local authority district,E92000001,England,E12000009,South West,West Devon,E07000047,Provisional,23,494,23640.25,47.9,482,97.6,236,47.8,337,68.2,222,44.9,2082.6,4.22,91,18.4,120,24.3,451,-89.209,-0.2,-0.33,-0.07
202122,Academic year,Local authority district,E92000001,England,E12000008,South East,Eastbourne,E07000061,Provisional,25,1006,46800.5,46.5,969,96.3,449,44.6,667,66.3,296,29.4,3996.94,3.97,160,15.9,229,22.8,950,79.263,0.08,-0.01,0.17
202122,Academic year,Local authority district,E92000001,England,E12000008,South East,Hastings,E07000062,Provisional,25,953,37758.5,39.6,908,95.3,309,32.4,510,53.5,185,19.4,3181.33,3.34,113,11.9,136,14.3,919,-577.381,-0.63,-0.72,-0.54
202122,Academic year,Local authority district,E92000001,England,E12000008,South East,Lewes,E07000063,Provisional,36,946,47538.25,50.3,907,95.9,511,54,678,71.7,448,47.4,4295.59,4.54,275,29.1,343,36.3,894,141.805,0.16,0.07,0.25
202122,Academic year,Local authority district,E92000001,England,E12000008,South East,Rother,E07000064,Provisional,36,821,37498.75,45.7,790,96.2,371,45.2,525,63.9,259,31.5,3293.76,4.01,165,20.1,205,25,797,-253.653,-0.32,-0.42,-0.22
202122,Academic year,Local authority district,E92000001,England,E12000008,South East,Wealden,E07000065,Provisional,49,1468,75218.75,51.2,1430,97.4,809,55.1,1094,74.5,618,42.1,6660.18,4.54,318,21.7,431,29.4,1413,205.233,0.15,0.07,0.22
202122,Academic year,Local authority district,E92000001,England,E12000006,East of England,Basildon,E07000066,Provisional,80,2210,100666.13,45.6,2111,95.5,988,44.7,1452,65.7,1078,48.8,9008.6,4.08,474,21.4,701,31.7,2112,-583.131,-0.28,-0.34,-0.22
202122,Academic year,Local authority district,E92000001,England,E12000006,East of England,Braintree,E07000067,Provisional,60,1588,75650.25,47.6,1521,95.8,757,47.7,1076,67.8,453,28.5,6447.38,4.06,217,13.7,299,18.8,1544,-430.187,-0.28,-0.35,-0.21
202122,Academic year,Local authority district,E92000001,England,E12000006,East of England,Brentwood,E07000068,Provisional,45,784,42104.75,53.7,762,97.2,476,60.7,608,77.6,289,36.9,3627.43,4.63,174,22.2,214,27.3,732,-14.719,-0.02,-0.12,0.08
202122,Academic year,Local authority district,E92000001,England,E12000006,East of England,Castle Point,E07000069,Provisional,42,992,45290.75,45.7,959,96.7,441,44.5,669,67.4,409,41.2,3960.06,3.99,182,18.3,264,26.6,977,-376.411,-0.39,-0.47,-0.3
202122,Academic year,Local authority district,E92000001,England,E12000006,East of England,Chelmsford,E07000070,Provisional,62,1982,104016.75,52.5,1921,96.9,1081,54.5,1456,73.5,769,38.8,9245.35,4.66,497,25.1,607,30.6,1875,-13.857,-0.01,-0.07,0.06
202122,Academic year,Local authority district,E92000001,England,E12000006,East of England,Colchester,E07000071,Provisional,40,1994,98481.75,49.4,1937,97.1,984,49.3,1376,69,679,34.1,8687.32,4.36,430,21.6,524,26.3,1890,-117.462,-0.06,-0.13,0
202122,Academic year,Local authority district,E92000001,England,E12000006,East of England,Epping Forest,E07000072,Provisional,84,1301,65053.75,50,1266,97.3,676,52,942,72.4,504,38.7,5677.39,4.36,252,19.4,347,26.7,1223,49.059,0.04,-0.04,0.12
202122,Academic year,Local authority district,E92000001,England,E12000006,East of England,Harlow,E07000073,Provisional,43,1033,43166,41.8,984,95.3,407,39.4,626,60.6,357,34.6,3800.06,3.68,120,11.6,190,18.4,991,-699.275,-0.71,-0.79,-0.62
202122,Academic year,Local authority district,E92000001,England,E12000006,East of England,Maldon,E07000074,Provisional,44,638,30157.5,47.3,617,96.7,305,47.8,450,70.5,176,27.6,2593.81,4.07,109,17.1,140,21.9,606,-164.941,-0.27,-0.38,-0.16
202122,Academic year,Local authority district,E92000001,England,E12000006,East of England,Rochford,E07000075,Provisional,37,1010,50139.5,49.6,975,96.5,513,50.8,726,71.9,416,41.2,4351.17,4.31,242,24,336,33.3,979,-94.139,-0.1,-0.18,-0.01
202122,Academic year,Local authority district,E92000001,England,E12000006,East of England,Tendring,E07000076,Provisional,29,1441,61068.75,42.4,1359,94.3,528,36.6,779,54.1,206,14.3,4931.94,3.42,122,8.5,153,10.6,1398,-564.38,-0.4,-0.48,-0.33
202122,Academic year,Local authority district,E92000001,England,E12000006,East of England,Uttlesford,E07000077,Provisional,44,982,52461,53.4,963,98.1,586,59.7,752,76.6,528,53.8,4721.36,4.81,322,32.8,411,41.9,928,-0.485,0,-0.09,0.09
202122,Academic year,Local authority district,E92000001,England,E12000009,South West,Cheltenham,E07000078,Provisional,28,976,53453.5,54.8,951,97.4,573,58.7,720,73.8,375,38.4,4679.34,4.79,262,26.8,313,32.1,888,125.986,0.14,0.05,0.23
202122,Academic year,Local authority district,E92000001,England,E12000009,South West,Cotswold,E07000079,Provisional,32,777,41922.75,54,763,98.2,455,58.6,610,78.5,274,35.3,3672.58,4.73,185,23.8,226,29.1,731,117.337,0.16,0.06,0.26
202122,Academic year,Local authority district,E92000001,England,E12000009,South West,Forest of Dean,E07000080,Provisional,32,770,36339.25,47.2,748,97.1,334,43.4,499,64.8,232,30.1,3153.97,4.1,113,14.7,163,21.2,738,37.019,0.05,-0.05,0.15
202122,Academic year,Local authority district,E92000001,England,E12000009,South West,Gloucester,E07000081,Provisional,38,1444,72290,50.1,1392,96.4,759,52.6,1022,70.8,372,25.8,6186.7,4.28,241,16.7,303,21,1386,58.216,0.04,-0.03,0.12
202122,Academic year,Local authority district,E92000001,England,E12000009,South West,Stroud,E07000082,Provisional,40,1278,67117.75,52.5,1241,97.1,718,56.2,938,73.4,339,26.5,5831.9,4.56,248,19.4,303,23.7,1219,-35.928,-0.03,-0.11,0.05
202122,Academic year,Local authority district,E92000001,England,E12000009,South West,Tewkesbury,E07000083,Provisional,35,945,49814.25,52.7,913,96.6,529,56,720,76.2,262,27.7,4267.18,4.52,182,19.3,228,24.1,909,211.723,0.23,0.14,0.32
202122,Academic year,Local authority district,E92000001,England,E12000008,South East,Basingstoke and Deane,E07000084,Provisional,42,1849,90240.75,48.8,1794,97,939,50.8,1307,70.7,767,41.5,8049.23,4.35,411,22.2,518,28,1769,-291.551,-0.16,-0.23,-0.1
202122,Academic year,Local authority district,E92000001,England,E12000008,South East,East Hampshire,E07000085,Provisional,43,1162,58787.25,50.6,1124,96.7,609,52.4,878,75.6,431,37.1,5151.25,4.43,234,20.1,318,27.4,1110,-153.656,-0.14,-0.22,-0.06
202122,Academic year,Local authority district,E92000001,England,E12000008,South East,Eastleigh,E07000086,Provisional,41,1505,78335.75,52.1,1459,96.9,815,54.2,1100,73.1,729,48.4,7083.43,4.71,446,29.6,566,37.6,1454,233.343,0.16,0.09,0.23
202122,Academic year,Local authority district,E92000001,England,E12000008,South East,Fareham,E07000087,Provisional,28,1040,52920.5,50.9,1012,97.3,584,56.2,768,73.8,292,28.1,4590.2,4.41,173,16.6,214,20.6,1019,-65.639,-0.06,-0.15,0.02
202122,Academic year,Local authority district,E92000001,England,E12000008,South East,Gosport,E07000088,Provisional,20,870,34734,39.9,824,94.7,280,32.2,461,53,333,38.3,3001.49,3.45,64,7.4,110,12.6,842,-452.933,-0.54,-0.63,-0.44
202122,Academic year,Local authority district,E92000001,England,E12000008,South East,Hart,E07000089,Provisional,34,951,51186.5,53.8,927,97.5,579,60.9,750,78.9,235,24.7,4414.62,4.64,172,18.1,206,21.7,904,75.697,0.08,-0.01,0.18
202122,Academic year,Local authority district,E92000001,England,E12000008,South East,Havant,E07000090,Provisional,44,1264,52528,41.6,1205,95.3,459,36.3,735,58.1,307,24.3,4387.41,3.47,116,9.2,162,12.8,1232,-602.543,-0.49,-0.57,-0.41
202122,Academic year,Local authority district,E92000001,England,E12000008,South East,New Forest,E07000091,Provisional,38,1566,75990,48.5,1501,95.8,806,51.5,1100,70.2,544,34.7,6681.64,4.27,311,19.9,411,26.2,1509,-350.801,-0.23,-0.3,-0.16
202122,Academic year,Local authority district,E92000001,England,E12000008,South East,Rushmoor,E07000092,Provisional,36,976,45324.25,46.4,948,97.1,446,45.7,633,64.9,333,34.1,4002.71,4.1,160,16.4,226,23.2,934,-369.048,-0.4,-0.49,-0.3
202122,Academic year,Local authority district,E92000001,England,E12000008,South East,Test Valley,E07000093,Provisional,48,1256,63413.5,50.5,1211,96.4,668,53.2,904,72,474,37.7,5604.03,4.46,276,22,367,29.2,1195,-120.682,-0.1,-0.18,-0.02
202122,Academic year,Local authority district,E92000001,England,E12000008,South East,Winchester,E07000094,Provisional,40,1173,64618.5,55.1,1140,97.2,741,63.2,907,77.3,558,47.6,5808.92,4.95,363,30.9,433,36.9,1094,227.691,0.21,0.12,0.29
202122,Academic year,Local authority district,E92000001,England,E12000006,East of England,Broxbourne,E07000095,Provisional,64,1174,55977.75,47.7,1136,96.8,561,47.8,806,68.7,563,48,4919.9,4.19,251,21.4,355,30.2,1142,-100.686,-0.09,-0.17,-0.01
202122,Academic year,Local authority district,E92000001,England,E12000006,East of England,Dacorum,E07000096,Provisional,60,1567,79023.25,50.4,1518,96.9,844,53.9,1126,71.9,571,36.4,6829.71,4.36,294,18.8,359,22.9,1470,-110.928,-0.08,-0.15,0
202122,Academic year,Local authority district,E92000001,England,E12000006,East of England,Hertsmere,E07000098,Provisional,77,1159,62201.5,53.7,1119,96.5,674,58.2,871,75.2,506,43.7,5491.89,4.74,301,26,377,32.5,1085,243.88,0.22,0.14,0.31
202122,Academic year,Local authority district,E92000001,England,E12000006,East of England,North Hertfordshire,E07000099,Provisional,47,1314,69573,52.9,1276,97.1,743,56.5,993,75.6,543,41.3,6235.79,4.75,356,27.1,448,34.1,1262,349.697,0.28,0.2,0.35
202122,Academic year,Local authority district,E92000001,England,E12000006,East of England,Three Rivers,E07000102,Provisional,65,1029,57652,56,992,96.4,638,62,812,78.9,547,53.2,5210.39,5.06,326,31.7,416,40.4,978,260.183,0.27,0.18,0.35
202122,Academic year,Local authority district,E92000001,England,E12000006,East of England,Watford,E07000103,Provisional,62,1180,62963,53.4,1131,95.8,663,56.2,874,74.1,678,57.5,5754.45,4.88,362,30.7,464,39.3,1087,217.444,0.2,0.12,0.28
202122,Academic year,Local authority district,E92000001,England,E12000008,South East,Ashford,E07000105,Provisional,51,1429,69112,48.4,1369,95.8,719,50.3,990,69.3,691,48.4,6197.88,4.34,391,27.4,499,34.9,1331,-45.345,-0.03,-0.11,0.04
202122,Academic year,Local authority district,E92000001,England,E12000008,South East,Canterbury,E07000106,Provisional,45,1463,70040.75,47.9,1399,95.6,716,48.9,995,68,546,37.3,6103.24,4.17,300,20.5,381,26,1376,-563.316,-0.41,-0.48,-0.33
202122,Academic year,Local authority district,E92000001,England,E12000008,South East,Dartford,E07000107,Provisional,89,1428,74667,52.3,1378,96.5,794,55.6,1041,72.9,628,44,6637.5,4.65,408,28.6,509,35.6,1340,111.21,0.08,0.01,0.16
202122,Academic year,Local authority district,E92000001,England,E12000008,South East,Dover,E07000108,Provisional,36,1209,53942,44.6,1157,95.7,462,38.2,744,61.5,371,30.7,4650.36,3.85,205,17,276,22.8,1142,-623.428,-0.55,-0.63,-0.46
202122,Academic year,Local authority district,E92000001,England,E12000008,South East,Gravesham,E07000109,Provisional,67,1348,64406.5,47.8,1301,96.5,695,51.6,944,70,507,37.6,5708.72,4.23,291,21.6,366,27.2,1281,-36.618,-0.03,-0.11,0.05
202122,Academic year,Local authority district,E92000001,England,E12000008,South East,Maidstone,E07000110,Provisional,77,1822,89662,49.2,1770,97.1,891,48.9,1263,69.3,823,45.2,7944.08,4.36,425,23.3,574,31.5,1726,-196.396,-0.11,-0.18,-0.05
202122,Academic year,Local authority district,E92000001,England,E12000008,South East,Sevenoaks,E07000111,Provisional,84,1227,65656.75,53.5,1186,96.7,711,57.9,916,74.7,616,50.2,5860.4,4.78,347,28.3,443,36.1,1113,-75.041,-0.07,-0.15,0.02
202122,Academic year,Local authority district,E92000001,England,E12000008,South East,Folkestone and Hythe,E07000112,Provisional,37,1121,51331,45.8,1077,96.1,459,40.9,676,60.3,431,38.4,4383.08,3.91,196,17.5,280,25,1080,-412.792,-0.38,-0.47,-0.3
202122,Academic year,Local authority district,E92000001,England,E12000008,South East,Swale,E07000113,Provisional,66,1707,74165.25,43.4,1624,95.1,671,39.3,1020,59.8,480,28.1,6312.08,3.7,241,14.1,331,19.4,1649,-801.887,-0.49,-0.55,-0.42
202122,Academic year,Local authority district,E92000001,England,E12000008,South East,Thanet,E07000114,Provisional,35,1487,62572.75,42.1,1407,94.6,546,36.7,865,58.2,375,25.2,5193.15,3.49,213,14.3,257,17.3,1433,-831.112,-0.58,-0.65,-0.51
202122,Academic year,Local authority district,E92000001,England,E12000008,South East,Tonbridge and Malling,E07000115,Provisional,65,1425,75609.75,53.1,1390,97.5,803,56.4,1052,73.8,582,40.8,6572.81,4.61,376,26.4,447,31.4,1332,105.086,0.08,0,0.15
202122,Academic year,Local authority district,E92000001,England,E12000008,South East,Tunbridge Wells,E07000116,Provisional,46,1364,77711.5,57,1321,96.8,869,63.7,1070,78.4,864,63.3,7111.81,5.21,506,37.1,608,44.6,1124,188.879,0.17,0.09,0.25
202122,Academic year,Local authority district,E92000001,England,E12000002,North West,Burnley,E07000117,Provisional,38,1064,44410,41.7,1026,96.4,399,37.5,614,57.7,391,36.7,3859.82,3.63,120,11.3,190,17.9,1022,-306.464,-0.3,-0.39,-0.21
202122,Academic year,Local authority district,E92000001,England,E12000002,North West,Chorley,E07000118,Provisional,50,1261,63771.5,50.6,1221,96.8,710,56.3,916,72.6,415,32.9,5552.05,4.4,262,20.8,316,25.1,1240,40.239,0.03,-0.05,0.11
202122,Academic year,Local authority district,E92000001,England,E12000002,North West,Fylde,E07000119,Provisional,32,638,30644.75,48,614,96.2,297,46.6,430,67.4,159,24.9,2592.84,4.06,82,12.9,106,16.6,618,-150.965,-0.24,-0.36,-0.13
202122,Academic year,Local authority district,E92000001,England,E12000002,North West,Hyndburn,E07000120,Provisional,39,983,42966.75,43.7,947,96.3,398,40.5,592,60.2,248,25.2,3656.12,3.72,110,11.2,154,15.7,958,-333.996,-0.35,-0.44,-0.26
202122,Academic year,Local authority district,E92000001,England,E12000002,North West,Lancaster,E07000121,Provisional,23,1311,63809,48.7,1258,96,612,46.7,857,65.4,478,36.5,5480.46,4.18,223,17,279,21.3,1270,-78.075,-0.06,-0.14,0.02
202122,Academic year,Local authority district,E92000001,England,E12000002,North West,Pendle,E07000122,Provisional,41,1162,49396.25,42.5,1115,96,447,38.5,681,58.6,348,29.9,4241.83,3.65,141,12.1,213,18.3,1081,-316.232,-0.29,-0.38,-0.21
202122,Academic year,Local authority district,E92000001,England,E12000002,North West,Preston,E07000123,Provisional,46,1717,84863.5,49.4,1655,96.4,861,50.1,1200,69.9,663,38.6,7474.5,4.35,347,20.2,447,26,1627,240.462,0.15,0.08,0.22
202122,Academic year,Local authority district,E92000001,England,E12000002,North West,Ribble Valley,E07000124,Provisional,33,603,31359.75,52,590,97.8,351,58.2,460,76.3,186,30.8,2785.88,4.62,118,19.6,145,24,592,-20.258,-0.03,-0.15,0.08
202122,Academic year,Local authority district,E92000001,England,E12000002,North West,Rossendale,E07000125,Provisional,43,809,37375.5,46.2,780,96.4,373,46.1,540,66.7,330,40.8,3262.96,4.03,143,17.7,174,21.5,794,-219.096,-0.28,-0.37,-0.18
202122,Academic year,Local authority district,E92000001,England,E12000002,North West,South Ribble,E07000126,Provisional,43,1203,59912.5,49.8,1161,96.5,657,54.6,883,73.4,386,32.1,5224.41,4.34,209,17.4,289,24,1173,-19.171,-0.02,-0.1,0.06
202122,Academic year,Local authority district,E92000001,England,E12000002,North West,West Lancashire,E07000127,Provisional,57,1162,55674.25,47.9,1124,96.7,589,50.7,812,69.9,393,33.8,4830.77,4.16,194,16.7,268,23.1,1138,-206.574,-0.18,-0.26,-0.1
202122,Academic year,Local authority district,E92000001,England,E12000002,North West,Wyre,E07000128,Provisional,33,1071,51138.5,47.7,1029,96.1,496,46.3,729,68.1,224,20.9,4270.11,3.99,121,11.3,154,14.4,1049,-208.691,-0.2,-0.28,-0.11
202122,Academic year,Local authority district,E92000001,England,E12000004,East Midlands,Blaby,E07000129,Provisional,43,1139,54438,47.8,1114,97.8,566,49.7,817,71.7,434,38.1,4713.52,4.14,154,13.5,226,19.8,1117,-74.838,-0.07,-0.15,0.02
202122,Academic year,Local authority district,E92000001,England,E12000004,East Midlands,Charnwood,E07000130,Provisional,47,1607,77895.25,48.5,1553,96.6,793,49.3,1143,71.1,685,42.6,6946.26,4.32,333,20.7,454,28.3,1560,-56.249,-0.04,-0.11,0.03
202122,Academic year,Local authority district,E92000001,England,E12000004,East Midlands,Harborough,E07000131,Provisional,42,1040,56564.25,54.4,1027,98.8,644,61.9,840,80.8,510,49,5058.31,4.86,288,27.7,372,35.8,1017,402.187,0.4,0.31,0.48
202122,Academic year,Local authority district,E92000001,England,E12000004,East Midlands,Hinckley and Bosworth,E07000132,Provisional,42,1160,58273.5,50.2,1122,96.7,622,53.6,849,73.2,425,36.6,5113.13,4.41,240,20.7,298,25.7,1140,179.753,0.16,0.08,0.24
202122,Academic year,Local authority district,E92000001,England,E12000004,East Midlands,Melton,E07000133,Provisional,26,518,26556.25,51.3,498,96.1,278,53.7,403,77.8,156,30.1,2311.7,4.46,94,18.1,121,23.4,506,30.464,0.06,-0.06,0.18
202122,Academic year,Local authority district,E92000001,England,E12000004,East Midlands,North West Leicestershire,E07000134,Provisional,37,1088,49418.75,45.4,1052,96.7,462,42.5,712,65.4,301,27.7,4286.44,3.94,170,15.6,219,20.1,1058,-347.362,-0.33,-0.41,-0.24
202122,Academic year,Local authority district,E92000001,England,E12000004,East Midlands,Oadby and Wigston,E07000135,Provisional,36,613,30931.25,50.5,595,97.1,343,56,441,71.9,344,56.1,2844.71,4.64,191,31.2,245,40,578,203.135,0.35,0.24,0.47
202122,Academic year,Local authority district,E92000001,England,E12000004,East Midlands,Boston,E07000136,Provisional,26,750,32482.75,43.3,726,96.8,274,36.5,461,61.5,219,29.2,2782.49,3.71,94,12.5,145,19.3,678,-188.203,-0.28,-0.38,-0.17
202122,Academic year,Local authority district,E92000001,England,E12000004,East Midlands,East Lindsey,E07000137,Provisional,47,1365,61132.75,44.8,1304,95.5,582,42.6,858,62.9,391,28.6,5260.05,3.85,209,15.3,279,20.4,1296,-303.679,-0.23,-0.31,-0.16
202122,Academic year,Local authority district,E92000001,England,E12000004,East Midlands,Lincoln,E07000138,Provisional,23,893,36607.25,41,843,94.4,301,33.7,482,54,308,34.5,3161.54,3.54,123,13.8,195,21.8,854,-309.317,-0.36,-0.46,-0.27
202122,Academic year,Local authority district,E92000001,England,E12000004,East Midlands,North Kesteven,E07000139,Provisional,37,1214,59341,48.9,1186,97.7,587,48.4,862,71,627,51.6,5276.97,4.35,284,23.4,425,35,1177,-106.348,-0.09,-0.17,-0.01
202122,Academic year,Local authority district,E92000001,England,E12000004,East Midlands,South Holland,E07000140,Provisional,32,972,45880,47.2,934,96.1,412,42.4,618,63.6,306,31.5,3920.07,4.03,179,18.4,239,24.6,901,95.674,0.11,0.01,0.2
202122,Academic year,Local authority district,E92000001,England,E12000004,East Midlands,South Kesteven,E07000141,Provisional,41,1501,78296,52.2,1460,97.3,797,53.1,1092,72.8,556,37,6863.69,4.57,380,25.3,471,31.4,1440,450.995,0.31,0.24,0.39
202122,Academic year,Local authority district,E92000001,England,E12000004,East Midlands,West Lindsey,E07000142,Provisional,43,988,47316,47.9,960,97.2,442,44.7,658,66.6,325,32.9,4079.49,4.13,179,18.1,239,24.2,959,-64.997,-0.07,-0.16,0.02
202122,Academic year,Local authority district,E92000001,England,E12000006,East of England,Breckland,E07000143,Provisional,41,1303,61454.75,47.2,1259,96.6,624,47.9,898,68.9,613,47,5559,4.27,242,18.6,351,26.9,1271,193.281,0.15,0.07,0.23
202122,Academic year,Local authority district,E92000001,England,E12000006,East of England,Broadland,E07000144,Provisional,34,1188,58496.5,49.2,1162,97.8,601,50.6,885,74.5,511,43,5266.79,4.43,258,21.7,347,29.2,1165,-80.234,-0.07,-0.15,0.01
202122,Academic year,Local authority district,E92000001,England,E12000006,East of England,Great Yarmouth,E07000145,Provisional,28,982,44921.25,45.7,951,96.8,400,40.7,622,63.3,245,24.9,3796.75,3.87,118,12,170,17.3,954,8.347,0.01,-0.08,0.1
202122,Academic year,Local authority district,E92000001,England,E12000006,East of England,King's Lynn and West Norfolk,E07000146,Provisional,38,1388,60571.75,43.6,1337,96.3,550,39.6,862,62.1,499,36,5312.17,3.83,159,11.5,258,18.6,1341,-350.361,-0.26,-0.34,-0.19
202122,Academic year,Local authority district,E92000001,England,E12000006,East of England,North Norfolk,E07000147,Provisional,25,771,36128,46.9,742,96.2,369,47.9,516,66.9,321,41.6,3247.72,4.21,132,17.1,206,26.7,751,-125.659,-0.17,-0.27,-0.07
202122,Academic year,Local authority district,E92000001,England,E12000006,East of England,Norwich,E07000148,Provisional,32,1166,50635.75,43.4,1117,95.8,458,39.3,690,59.2,404,34.6,4382,3.76,160,13.7,237,20.3,1106,-262.459,-0.24,-0.32,-0.15
202122,Academic year,Local authority district,E92000001,England,E12000006,East of England,South Norfolk,E07000149,Provisional,44,1347,70903.5,52.6,1315,97.6,770,57.2,1019,75.6,760,56.4,6451.3,4.79,409,30.4,545,40.5,1288,387.065,0.3,0.22,0.38
202122,Academic year,Local authority district,E92000001,England,E12000003,Yorkshire and The Humber,Craven,E07000163,Provisional,21,590,30141,51.1,576,97.6,322,54.6,429,72.7,216,36.6,2628.04,4.45,144,24.4,174,29.5,579,23.542,0.04,-0.07,0.16
202122,Academic year,Local authority district,E92000001,England,E12000003,Yorkshire and The Humber,Hambleton,E07000164,Provisional,42,782,39054.5,49.9,758,96.9,425,54.3,564,72.1,335,42.8,3496.33,4.47,192,24.6,246,31.5,760,-38.916,-0.05,-0.15,0.05
202122,Academic year,Local authority district,E92000001,England,E12000003,Yorkshire and The Humber,Harrogate,E07000165,Provisional,36,1653,87661.75,53,1582,95.7,985,59.6,1274,77.1,747,45.2,7866.16,4.76,511,30.9,633,38.3,1550,237.88,0.15,0.08,0.22
202122,Academic year,Local authority district,E92000001,England,E12000003,Yorkshire and The Humber,Richmondshire,E07000166,Provisional,17,448,22288.25,49.8,442,98.7,216,48.2,319,71.2,198,44.2,1978.53,4.42,97,21.7,136,30.4,427,77.982,0.18,0.05,0.32
202122,Academic year,Local authority district,E92000001,England,E12000003,Yorkshire and The Humber,Ryedale,E07000167,Provisional,20,499,24781.25,49.7,485,97.2,267,53.5,358,71.7,225,45.1,2206.96,4.42,110,22,159,31.9,482,47.905,0.1,-0.03,0.23
202122,Academic year,Local authority district,E92000001,England,E12000003,Yorkshire and The Humber,Scarborough,E07000168,Provisional,20,1009,43322.5,42.9,961,95.2,405,40.1,614,60.9,277,27.5,3690.52,3.66,159,15.8,208,20.6,985,-259.209,-0.26,-0.35,-0.18
202122,Academic year,Local authority district,E92000001,England,E12000003,Yorkshire and The Humber,Selby,E07000169,Provisional,33,919,44749.75,48.7,887,96.5,453,49.3,648,70.5,304,33.1,3900.91,4.24,156,17,198,21.5,890,65.734,0.07,-0.02,0.17
202122,Academic year,Local authority district,E92000001,England,E12000004,East Midlands,Ashfield,E07000170,Provisional,46,1385,60571.5,43.7,1336,96.5,566,40.9,837,60.4,476,34.4,5202.9,3.76,202,14.6,299,21.6,1356,-379.055,-0.28,-0.35,-0.2
202122,Academic year,Local authority district,E92000001,England,E12000004,East Midlands,Bassetlaw,E07000171,Provisional,44,1209,57541.75,47.6,1169,96.7,604,50,832,68.8,372,30.8,4987.41,4.13,218,18,277,22.9,1164,-15.523,-0.01,-0.09,0.07
202122,Academic year,Local authority district,E92000001,England,E12000004,East Midlands,Broxtowe,E07000172,Provisional,38,1043,52648.5,50.5,1010,96.8,560,53.7,752,72.1,317,30.4,4623.37,4.43,196,18.8,234,22.4,1007,-21.201,-0.02,-0.11,0.07
202122,Academic year,Local authority district,E92000001,England,E12000004,East Midlands,Gedling,E07000173,Provisional,47,1214,60543,49.9,1187,97.8,641,52.8,875,72.1,441,36.3,5373.38,4.43,261,21.5,345,28.4,1186,23.818,0.02,-0.06,0.1
202122,Academic year,Local authority district,E92000001,England,E12000004,East Midlands,Mansfield,E07000174,Provisional,33,1166,52415,45,1141,97.9,481,41.3,733,62.9,385,33,4500.41,3.86,181,15.5,258,22.1,1133,-176.471,-0.16,-0.24,-0.07
202122,Academic year,Local authority district,E92000001,England,E12000004,East Midlands,Newark and Sherwood,E07000175,Provisional,46,1300,63464.75,48.8,1272,97.8,643,49.5,926,71.2,420,32.3,5494.57,4.23,225,17.3,315,24.2,1249,67.737,0.05,-0.02,0.13
202122,Academic year,Local authority district,E92000001,England,E12000004,East Midlands,Rushcliffe,E07000176,Provisional,42,1210,71648.75,59.2,1197,98.9,854,70.6,1036,85.6,567,46.9,6369.26,5.26,370,30.6,446,36.9,1181,480.39,0.41,0.33,0.49
202122,Academic year,Local authority district,E92000001,England,E12000008,South East,Cherwell,E07000177,Provisional,43,1584,76880.51,48.5,1536,97,792,50,1105,69.8,668,42.2,6941.13,4.38,331,20.9,428,27,1501,-50.514,-0.03,-0.1,0.04
202122,Academic year,Local authority district,E92000001,England,E12000008,South East,Oxford,E07000178,Provisional,26,1243,61266,49.3,1189,95.7,646,52,863,69.4,435,35,5418.26,4.36,285,22.9,346,27.8,1134,214.899,0.19,0.11,0.27
202122,Academic year,Local authority district,E92000001,England,E12000008,South East,South Oxfordshire,E07000179,Provisional,57,1385,73026,52.7,1338,96.6,820,59.2,1068,77.1,525,37.9,6511.3,4.7,376,27.1,442,31.9,1322,192.742,0.15,0.07,0.22
202122,Academic year,Local authority district,E92000001,England,E12000008,South East,Vale of White Horse,E07000180,Provisional,39,1229,60445,49.2,1185,96.4,629,51.2,892,72.6,402,32.7,5250.72,4.27,254,20.7,313,25.5,1173,-108.912,-0.09,-0.17,-0.01
202122,Academic year,Local authority district,E92000001,England,E12000008,South East,West Oxfordshire,E07000181,Provisional,27,1090,54436.75,49.9,1043,95.7,583,53.5,776,71.2,268,24.6,4696.05,4.31,155,14.2,191,17.5,1043,-78.146,-0.07,-0.16,0.01
202122,Academic year,Local authority district,E92000001,England,E12000009,South West,Mendip,E07000187,Provisional,30,1121,53938,48.1,1078,96.2,547,48.8,777,69.3,361,32.2,4608.76,4.11,196,17.5,254,22.7,1063,-3.939,0,-0.09,0.08
202122,Academic year,Local authority district,E92000001,England,E12000009,South West,Sedgemoor,E07000188,Provisional,30,1241,55432.5,44.7,1200,96.7,554,44.6,788,63.5,354,28.5,4786.84,3.86,156,12.6,224,18,1190,-294.06,-0.25,-0.33,-0.17
202122,Academic year,Local authority district,E92000001,England,E12000009,South West,South Somerset,E07000189,Provisional,37,1668,77353,46.4,1615,96.8,769,46.1,1091,65.4,401,24,6602.09,3.96,218,13.1,290,17.4,1598,-428.175,-0.27,-0.34,-0.2
202122,Academic year,Local authority district,E92000001,England,E12000005,West Midlands,Cannock Chase,E07000192,Provisional,46,1067,49005.5,45.9,1019,95.5,443,41.5,675,63.3,133,12.5,3958.53,3.71,70,6.6,99,9.3,1049,-195.884,-0.19,-0.27,-0.1
202122,Academic year,Local authority district,E92000001,England,E12000005,West Midlands,East Staffordshire,E07000193,Provisional,31,1353,64216.25,47.5,1309,96.7,630,46.6,892,65.9,400,29.6,5543.65,4.1,249,18.4,321,23.7,1275,-135.426,-0.11,-0.18,-0.03
202122,Academic year,Local authority district,E92000001,England,E12000005,West Midlands,Lichfield,E07000194,Provisional,51,1049,56278,53.6,1026,97.8,615,58.6,792,75.5,374,35.7,4833.43,4.61,254,24.2,307,29.3,1031,276.127,0.27,0.18,0.35
202122,Academic year,Local authority district,E92000001,England,E12000005,West Midlands,Newcastle-under-Lyme,E07000195,Provisional,45,1169,55029.5,47.1,1126,96.3,528,45.2,769,65.8,342,29.3,4640.48,3.97,144,12.3,209,17.9,1142,-373.421,-0.33,-0.41,-0.25
202122,Academic year,Local authority district,E92000001,England,E12000005,West Midlands,South Staffordshire,E07000196,Provisional,69,1003,50823,50.7,971,96.8,519,51.7,734,73.2,284,28.3,4282.68,4.27,165,16.5,215,21.4,986,95.278,0.1,0.01,0.18
202122,Academic year,Local authority district,E92000001,England,E12000005,West Midlands,Stafford,E07000197,Provisional,48,1314,65041,49.5,1275,97,649,49.4,939,71.5,430,32.7,5631.91,4.29,226,17.2,319,24.3,1268,-122.352,-0.1,-0.17,-0.02
202122,Academic year,Local authority district,E92000001,England,E12000005,West Midlands,Staffordshire Moorlands,E07000198,Provisional,37,921,43304.25,47,889,96.5,428,46.5,640,69.5,389,42.2,3745.42,4.07,166,18,252,27.4,908,-272.398,-0.3,-0.39,-0.21
202122,Academic year,Local authority district,E92000001,England,E12000005,West Midlands,Tamworth,E07000199,Provisional,35,828,35703.25,43.1,795,96,307,37.1,498,60.1,312,37.7,3097.63,3.74,118,14.3,178,21.5,803,-346.133,-0.43,-0.53,-0.33
202122,Academic year,Local authority district,E92000001,England,E12000006,East of England,Babergh,E07000200,Provisional,36,806,38217,47.4,791,98.1,373,46.3,571,70.8,195,24.2,3274.16,4.06,104,12.9,143,17.7,786,-215.725,-0.27,-0.37,-0.18
202122,Academic year,Local authority district,E92000001,England,E12000006,East of England,Ipswich,E07000202,Provisional,33,1564,70406.25,45,1485,94.9,689,44.1,1020,65.2,304,19.4,5995.65,3.83,158,10.1,209,13.4,1474,-284.338,-0.19,-0.26,-0.12
202122,Academic year,Local authority district,E92000001,England,E12000006,East of England,Mid Suffolk,E07000203,Provisional,42,994,49100.25,49.4,955,96.1,519,52.2,716,72,273,27.5,4218.46,4.24,158,15.9,209,21,958,73.115,0.08,-0.01,0.17
202122,Academic year,Local authority district,E92000001,England,E12000008,South East,Elmbridge,E07000207,Provisional,52,1066,60027.75,56.3,1031,96.7,692,64.9,845,79.3,493,46.2,5377.45,5.04,308,28.9,396,37.1,981,287.255,0.29,0.2,0.38
202122,Academic year,Local authority district,E92000001,England,E12000008,South East,Epsom and Ewell,E07000208,Provisional,45,836,48847.75,58.4,814,97.4,569,68.1,687,82.2,331,39.6,4347.63,5.2,224,26.8,272,32.5,771,390.077,0.51,0.41,0.61
202122,Academic year,Local authority district,E92000001,England,E12000008,South East,Guildford,E07000209,Provisional,50,1222,67004.5,54.8,1190,97.4,726,59.4,957,78.3,562,46,5973.21,4.89,307,25.1,391,32,1139,362.639,0.32,0.24,0.4
202122,Academic year,Local authority district,E92000001,England,E12000008,South East,Mole Valley,E07000210,Provisional,39,757,42261.75,55.8,746,98.5,480,63.4,605,79.9,391,51.7,3836.97,5.07,238,31.4,302,39.9,714,217.88,0.31,0.2,0.41
202122,Academic year,Local authority district,E92000001,England,E12000008,South East,Reigate and Banstead,E07000211,Provisional,55,1491,76540.26,51.3,1437,96.4,812,54.5,1085,72.8,672,45.1,6841.36,4.59,395,26.5,484,32.5,1402,120.437,0.09,0.01,0.16
202122,Academic year,Local authority district,E92000001,England,E12000008,South East,Runnymede,E07000212,Provisional,40,722,37015,51.3,694,96.1,408,56.5,539,74.7,293,40.6,3223.76,4.47,154,21.3,202,28,688,-13.798,-0.02,-0.13,0.09
202122,Academic year,Local authority district,E92000001,England,E12000008,South East,Spelthorne,E07000213,Provisional,72,1046,52249,50,1002,95.8,557,53.3,748,71.5,268,25.6,4466.22,4.27,150,14.3,192,18.4,999,-22.638,-0.02,-0.11,0.06
202122,Academic year,Local authority district,E92000001,England,E12000008,South East,Surrey Heath,E07000214,Provisional,47,918,49954.13,54.4,886,96.5,558,60.8,717,78.1,302,32.9,4365.93,4.76,193,21,239,26,854,176.847,0.21,0.11,0.3
202122,Academic year,Local authority district,E92000001,England,E12000008,South East,Tandridge,E07000215,Provisional,44,799,37972.25,47.5,759,95,364,45.6,536,67.1,289,36.2,3302.12,4.13,156,19.5,209,26.2,759,-211.482,-0.28,-0.38,-0.18
202122,Academic year,Local authority district,E92000001,England,E12000008,South East,Waverley,E07000216,Provisional,43,1028,57278.75,55.7,985,95.8,646,62.8,798,77.6,376,36.6,5059.66,4.92,269,26.2,310,30.2,979,282.194,0.29,0.2,0.38
202122,Academic year,Local authority district,E92000001,England,E12000008,South East,Woking,E07000217,Provisional,36,1003,52855.75,52.7,960,95.7,600,59.8,767,76.5,474,47.3,4692.54,4.68,270,26.9,357,35.6,930,216.723,0.23,0.14,0.32
202122,Academic year,Local authority district,E92000001,England,E12000005,West Midlands,North Warwickshire,E07000218,Provisional,54,656,28702.5,43.8,622,94.8,265,40.4,405,61.7,220,33.5,2463.21,3.75,89,13.6,134,20.4,645,-185.152,-0.29,-0.4,-0.18
202122,Academic year,Local authority district,E92000001,England,E12000005,West Midlands,Nuneaton and Bedworth,E07000219,Provisional,53,1419,64121,45.2,1360,95.8,667,47,940,66.2,274,19.3,5357.51,3.78,130,9.2,185,13,1371,-358.518,-0.26,-0.34,-0.19
202122,Academic year,Local authority district,E92000001,England,E12000005,West Midlands,Rugby,E07000220,Provisional,36,1202,60343.5,50.2,1167,97.1,628,52.2,841,70,477,39.7,5392.36,4.49,295,24.5,388,32.3,1115,6.954,0.01,-0.08,0.09
202122,Academic year,Local authority district,E92000001,England,E12000005,West Midlands,Stratford-on-Avon,E07000221,Provisional,51,1248,67330,54,1197,95.9,728,58.3,947,75.9,497,39.8,6019.15,4.82,342,27.4,416,33.3,1163,185.901,0.16,0.08,0.24
202122,Academic year,Local authority district,E92000001,England,E12000005,West Midlands,Warwick,E07000222,Provisional,43,1259,66497.75,52.8,1208,95.9,716,56.9,933,74.1,526,41.8,5920.85,4.7,347,27.6,418,33.2,1192,200.219,0.17,0.09,0.25
202122,Academic year,Local authority district,E92000001,England,E12000008,South East,Adur,E07000223,Provisional,19,648,32941.5,50.8,627,96.8,358,55.2,476,73.5,346,53.4,2992.19,4.62,184,28.4,229,35.3,627,80.128,0.13,0.02,0.24
202122,Academic year,Local authority district,E92000001,England,E12000008,South East,Arun,E07000224,Provisional,30,1442,65578.5,45.5,1380,95.7,640,44.4,905,62.8,351,24.3,5532.4,3.84,156,10.8,226,15.7,1401,-30.396,-0.02,-0.1,0.05
202122,Academic year,Local authority district,E92000001,England,E12000008,South East,Chichester,E07000225,Provisional,35,998,48568.25,48.7,961,96.3,453,45.4,682,68.3,315,31.6,4169.49,4.18,181,18.1,231,23.1,943,59.514,0.06,-0.03,0.15
202122,Academic year,Local authority district,E92000001,England,E12000008,South East,Crawley,E07000226,Provisional,39,1339,58837.25,43.9,1282,95.7,517,38.6,822,61.4,311,23.2,5061.63,3.78,165,12.3,214,16,1261,-203.073,-0.16,-0.24,-0.08
202122,Academic year,Local authority district,E92000001,England,E12000008,South East,Horsham,E07000227,Provisional,41,1396,74162,53.1,1361,97.5,794,56.9,1083,77.6,585,41.9,6531.37,4.68,341,24.4,454,32.5,1328,443.719,0.33,0.26,0.41
202122,Academic year,Local authority district,E92000001,England,E12000008,South East,Mid Sussex,E07000228,Provisional,40,1492,77640,52,1437,96.3,779,52.2,1088,72.9,739,49.5,6976.36,4.68,401,26.9,541,36.3,1427,306.532,0.21,0.14,0.29
202122,Academic year,Local authority district,E92000001,England,E12000008,South East,Worthing,E07000229,Provisional,22,1083,55611.5,51.3,1048,96.8,575,53.1,808,74.6,384,35.5,4815.25,4.45,221,20.4,290,26.8,1055,209.083,0.2,0.11,0.28
202122,Academic year,Local authority district,E92000001,England,E12000005,West Midlands,Bromsgrove,E07000234,Provisional,52,991,50631.75,51.1,963,97.2,566,57.1,746,75.3,580,58.5,4590.85,4.63,282,28.5,396,40,972,-47.878,-0.05,-0.14,0.04
202122,Academic year,Local authority district,E92000001,England,E12000005,West Midlands,Malvern Hills,E07000235,Provisional,32,682,34692.63,50.9,654,95.9,341,50,488,71.6,254,37.2,3058.74,4.48,147,21.6,193,28.3,656,61.225,0.09,-0.01,0.2
202122,Academic year,Local authority district,E92000001,England,E12000005,West Midlands,Redditch,E07000236,Provisional,38,983,44011,44.8,946,96.2,411,41.8,600,61,237,24.1,3708.42,3.77,100,10.2,137,13.9,951,64.272,0.07,-0.02,0.16
202122,Academic year,Local authority district,E92000001,England,E12000005,West Midlands,Worcester,E07000237,Provisional,25,1018,50578.26,49.7,978,96.1,529,52,732,71.9,380,37.3,4438.32,4.36,214,21,275,27,969,45.176,0.05,-0.04,0.14
202122,Academic year,Local authority district,E92000001,England,E12000005,West Midlands,Wychavon,E07000238,Provisional,55,1230,58801.75,47.8,1193,97,571,46.4,835,67.9,400,32.5,5099.71,4.15,185,15,239,19.4,1192,65.425,0.05,-0.03,0.13
202122,Academic year,Local authority district,E92000001,England,E12000005,West Midlands,Wyre Forest,E07000239,Provisional,32,939,42254.25,45,895,95.3,409,43.6,601,64,408,43.5,3712.58,3.95,156,16.6,248,26.4,912,-244.258,-0.27,-0.36,-0.18
202122,Academic year,Local authority district,E92000001,England,E12000006,East of England,St Albans,E07000240,Provisional,44,1806,107749,59.7,1769,98,1247,69,1508,83.5,959,53.1,9783.53,5.42,683,37.8,811,44.9,1672,833.887,0.5,0.43,0.57
202122,Academic year,Local authority district,E92000001,England,E12000006,East of England,Welwyn Hatfield,E07000241,Provisional,62,1193,59709.25,50,1157,97,595,49.9,843,70.7,619,51.9,5368.46,4.5,337,28.2,438,36.7,1138,109.648,0.1,0.01,0.18
202122,Academic year,Local authority district,E92000001,England,E12000006,East of England,East Hertfordshire,E07000242,Provisional,55,1613,89072,55.2,1588,98.5,995,61.7,1295,80.3,845,52.4,8069.45,5,543,33.7,687,42.6,1519,390.82,0.26,0.19,0.33
202122,Academic year,Local authority district,E92000001,England,E12000006,East of England,Stevenage,E07000243,Provisional,30,976,45867.5,47,931,95.4,446,45.7,634,65,235,24.1,3849.16,3.94,133,13.6,173,17.7,929,-100.721,-0.11,-0.2,-0.02
202122,Academic year,Local authority district,E92000001,England,E12000006,East of England,East Suffolk,E07000244,Provisional,48,2383,110650.5,46.4,2283,95.8,1079,45.3,1597,67,471,19.8,9288.33,3.9,242,10.2,338,14.2,2294,-76.503,-0.03,-0.09,0.02
202122,Academic year,Local authority district,E92000001,England,E12000006,East of England,West Suffolk,E07000245,Provisional,40,1601,74739.25,46.7,1533,95.8,734,45.8,1078,67.3,697,43.5,6656.26,4.16,303,18.9,431,26.9,1524,-48.751,-0.03,-0.1,0.04
202122,Academic year,Local authority district,E92000001,England,E12000009,South West,Somerset West and Taunton,E07000246,Provisional,27,1439,66409.5,46.1,1388,96.5,657,45.7,951,66.1,358,24.9,5657,3.93,171,11.9,234,16.3,1380,-380.877,-0.28,-0.35,-0.2
202122,Academic year,Local authority district,E92000001,England,E12000002,North West,Bolton,E08000001,Provisional,68,3666,169410.25,46.2,3517,95.9,1706,46.5,2415,65.9,1147,31.3,14645.3,3.99,543,14.8,776,21.2,3392,-356.107,-0.1,-0.15,-0.06
202122,Academic year,Local authority district,E92000001,England,E12000002,North West,Bury,E08000002,Provisional,58,2165,101605,46.9,2110,97.5,1005,46.4,1467,67.8,803,37.1,8914.08,4.12,360,16.6,506,23.4,2068,-498.492,-0.24,-0.3,-0.18
202122,Academic year,Local authority district,E92000001,England,E12000002,North West,Manchester,E08000003,Provisional,117,6486,304336.52,46.9,6223,95.9,2967,45.7,4157,64.1,2470,38.1,26764.92,4.13,1176,18.1,1618,24.9,5819,-99.484,-0.02,-0.05,0.02
202122,Academic year,Local authority district,E92000001,England,E12000002,North West,Oldham,E08000004,Provisional,61,3217,141871,44.1,3079,95.7,1383,43,1982,61.6,943,29.3,12062.37,3.75,481,15,640,19.9,3015,-640.345,-0.21,-0.26,-0.16
202122,Academic year,Local authority district,E92000001,England,E12000002,North West,Rochdale,E08000005,Provisional,70,2832,126022,44.5,2721,96.1,1206,42.6,1763,62.3,1034,36.5,10867.72,3.84,394,13.9,582,20.6,2669,-618.393,-0.23,-0.29,-0.18
202122,Academic year,Local authority district,E92000001,England,E12000002,North West,Salford,E08000006,Provisional,85,2546,111584,43.8,2409,94.6,1047,41.1,1541,60.5,821,32.2,9648.99,3.79,365,14.3,523,20.5,2375,-934.871,-0.39,-0.45,-0.34
202122,Academic year,Local authority district,E92000001,England,E12000002,North West,Stockport,E08000007,Provisional,69,2996,153165.5,51.1,2894,96.6,1626,54.3,2180,72.8,1385,46.2,13454.52,4.49,717,23.9,916,30.6,2902,196.804,0.07,0.02,0.12
202122,Academic year,Local authority district,E92000001,England,E12000002,North West,Tameside,E08000008,Provisional,63,2706,123275.25,45.6,2595,95.9,1209,44.7,1779,65.7,910,33.6,10622.34,3.93,447,16.5,609,22.5,2606,-510.719,-0.2,-0.25,-0.14
202122,Academic year,Local authority district,E92000001,England,E12000002,North West,Trafford,E08000009,Provisional,67,2871,159624.67,55.6,2794,97.3,1756,61.2,2180,75.9,1323,46.1,14350.89,5,841,29.3,1020,35.5,2634,159.79,0.06,0.01,0.11
202122,Academic year,Local authority district,E92000001,England,E12000002,North West,Wigan,E08000010,Provisional,72,3657,173196,47.4,3543,96.9,1718,47,2456,67.2,1087,29.7,14805.82,4.05,558,15.3,711,19.4,3553,-1051.921,-0.3,-0.34,-0.25
202122,Academic year,Local authority district,E92000001,England,E12000002,North West,Knowsley,E08000011,Provisional,69,1850,76367,41.3,1748,94.5,664,35.9,1044,56.4,563,30.4,6474.33,3.5,203,11,316,17.1,1803,-1078.319,-0.6,-0.66,-0.53
202122,Academic year,Local authority district,E92000001,England,E12000002,North West,Liverpool,E08000012,Provisional,79,4838,212569.75,43.9,4543,93.9,1994,41.2,2888,59.7,1607,33.2,18156.57,3.75,775,16,1086,22.4,4522,-1576.538,-0.35,-0.39,-0.31
202122,Academic year,Local authority district,E92000001,England,E12000002,North West,St. Helens,E08000013,Provisional,59,2005,92143.5,46,1925,96,886,44.2,1281,63.9,667,33.3,7721.02,3.85,322,16.1,444,22.1,1957,-424.291,-0.22,-0.28,-0.15
202122,Academic year,Local authority district,E92000001,England,E12000002,North West,Sefton,E08000014,Provisional,64,2823,131041.25,46.4,2682,95,1286,45.6,1857,65.8,1054,37.3,11387.6,4.03,471,16.7,675,23.9,2722,-778.81,-0.29,-0.34,-0.23
202122,Academic year,Local authority district,E92000001,England,E12000002,North West,Wirral,E08000015,Provisional,47,3626,173036.25,47.7,3482,96,1646,45.4,2342,64.6,1771,48.8,15091.75,4.16,804,22.2,1136,31.3,3495,-149.167,-0.04,-0.09,0
202122,Academic year,Local authority district,E92000001,England,E12000003,Yorkshire and The Humber,Barnsley,E08000016,Provisional,58,2618,118966,45.4,2534,96.8,1203,46,1675,64,1041,39.8,10396.37,3.97,467,17.8,625,23.9,2550,-422.492,-0.17,-0.22,-0.11
202122,Academic year,Local authority district,E92000001,England,E12000003,Yorkshire and The Humber,Doncaster,E08000017,Provisional,62,3357,151704.75,45.2,3234,96.3,1509,45,2186,65.1,700,20.9,12758.02,3.8,368,11,482,14.4,3241,-324.137,-0.1,-0.15,-0.05
202122,Academic year,Local authority district,E92000001,England,E12000003,Yorkshire and The Humber,Rotherham,E08000018,Provisional,57,3014,141100.75,46.8,2921,96.9,1345,44.6,1967,65.3,596,19.8,11551.44,3.83,324,10.7,434,14.4,2901,-253.45,-0.09,-0.14,-0.04
202122,Academic year,Local authority district,E92000001,England,E12000003,Yorkshire and The Humber,Sheffield,E08000019,Provisional,63,5761,265584.5,46.1,5519,95.8,2710,47,3774,65.5,2146,37.3,23180.6,4.02,1100,19.1,1476,25.6,5474,-858.582,-0.16,-0.19,-0.12
202122,Academic year,Local authority district,E92000001,England,E12000001,North East,Newcastle upon Tyne,E08000021,Provisional,40,2707,127269.75,47,2569,94.9,1261,46.6,1724,63.7,1156,42.7,11174.06,4.13,628,23.2,779,28.8,2546,-631.638,-0.25,-0.3,-0.19
202122,Academic year,Local authority district,E92000001,England,E12000001,North East,North Tyneside,E08000022,Provisional,41,2281,109776.5,48.1,2162,94.8,1098,48.1,1561,68.4,716,31.4,9479,4.16,417,18.3,547,24,2230,-412.765,-0.19,-0.24,-0.13
202122,Academic year,Local authority district,E92000001,England,E12000001,North East,South Tyneside,E08000023,Provisional,32,1585,70011,44.2,1420,89.6,638,40.3,994,62.7,447,28.2,5923.46,3.74,245,15.5,321,20.3,1546,-723.819,-0.47,-0.54,-0.4
202122,Academic year,Local authority district,E92000001,England,E12000001,North East,Sunderland,E08000024,Provisional,66,2954,135348.5,45.8,2820,95.5,1253,42.4,1832,62,1202,40.7,11707.47,3.96,554,18.8,786,26.6,2893,-1281.915,-0.44,-0.49,-0.39
202122,Academic year,Local authority district,E92000001,England,E12000005,West Midlands,Birmingham,E08000025,Provisional,198,14799,702352.51,47.5,14181,95.8,7236,48.9,9880,66.8,6528,44.1,62007.1,4.19,2954,20,4008,27.1,13775,339.568,0.02,0,0.05
202122,Academic year,Local authority district,E92000001,England,E12000005,West Midlands,Coventry,E08000026,Provisional,64,3876,179865,46.4,3729,96.2,1823,47,2527,65.2,1389,35.8,15591.45,4.02,598,15.4,811,20.9,3606,-124.547,-0.03,-0.08,0.01
202122,Academic year,Local authority district,E92000001,England,E12000005,West Midlands,Dudley,E08000027,Provisional,91,3603,171374.5,47.6,3508,97.4,1687,46.8,2407,66.8,912,25.3,14497.48,4.02,492,13.7,658,18.3,3486,196.216,0.06,0.01,0.1
202122,Academic year,Local authority district,E92000001,England,E12000005,West Midlands,Sandwell,E08000028,Provisional,137,4456,209415.25,47,4314,96.8,1958,43.9,2815,63.2,1485,33.3,17799.28,3.99,715,16,1008,22.6,4161,107.989,0.03,-0.02,0.07
202122,Academic year,Local authority district,E92000001,England,E12000005,West Midlands,Solihull,E08000029,Provisional,95,2455,128106.5,52.2,2377,96.8,1373,55.9,1809,73.7,1100,44.8,11344.03,4.62,659,26.8,817,33.3,2337,202.426,0.09,0.03,0.14
202122,Academic year,Local authority district,E92000001,England,E12000005,West Midlands,Walsall,E08000030,Provisional,104,3613,165653,45.8,3483,96.4,1554,43,2244,62.1,1096,30.3,13941.58,3.86,488,13.5,668,18.5,3435,-306.469,-0.09,-0.14,-0.04
202122,Academic year,Local authority district,E92000001,England,E12000005,West Midlands,Wolverhampton,E08000031,Provisional,87,3217,151085.75,47,3118,96.9,1406,43.7,2047,63.6,899,27.9,12540.65,3.9,372,11.6,551,17.1,2944,-108.343,-0.04,-0.09,0.01
202122,Academic year,Local authority district,E92000001,England,E12000003,Yorkshire and The Humber,Bradford,E08000032,Provisional,91,7613,338357,44.4,7262,95.4,3266,42.9,4648,61.1,2689,35.3,29089.68,3.82,1127,14.8,1569,20.6,7270,-1342.559,-0.18,-0.22,-0.15
202122,Academic year,Local authority district,E92000001,England,E12000003,Yorkshire and The Humber,Calderdale,E08000033,Provisional,42,2471,115547,46.8,2393,96.8,1184,47.9,1672,67.7,582,23.6,10115.92,4.09,344,13.9,442,17.9,2393,-557.059,-0.23,-0.29,-0.18
202122,Academic year,Local authority district,E92000001,England,E12000003,Yorkshire and The Humber,Kirklees,E08000034,Provisional,76,5257,252620.25,48.1,5091,96.8,2639,50.2,3582,68.1,1901,36.2,21934.38,4.17,947,18,1260,24,5118,88.077,0.02,-0.02,0.06
202122,Academic year,Local authority district,E92000001,England,E12000003,Yorkshire and The Humber,Leeds,E08000035,Provisional,109,8516,412749.5,48.5,8172,96,4441,52.1,5865,68.9,3567,41.9,36546.23,4.29,1921,22.6,2455,28.8,8053,1178.436,0.15,0.12,0.18
202122,Academic year,Local authority district,E92000001,England,E12000003,Yorkshire and The Humber,Wakefield,E08000036,Provisional,69,3735,176054.5,47.1,3626,97.1,1871,50.1,2543,68.1,1097,29.4,15376.46,4.12,613,16.4,819,21.9,3625,251.793,0.07,0.02,0.12
202122,Academic year,Local authority district,E92000001,England,E12000001,North East,Gateshead,E08000037,Provisional,47,1889,91278,48.3,1795,95,958,50.7,1273,67.4,879,46.5,8103.49,4.29,473,25,638,33.8,1823,-389.315,-0.21,-0.28,-0.15
202122,Academic year,Local authority district,E92000001,England,E13000001,Inner London,City of London,E09000001,Provisional,9,22,802,36.5,17,77.3,8,36.4,10,45.5,9,40.9,76,3.45,4,18.2,6,27.3,10,4.997,0.5,-0.37,1.37
202122,Academic year,Local authority district,E92000001,England,E13000002,Outer London,Barking and Dagenham,E09000002,Provisional,154,3222,160917,49.9,3137,97.4,1674,52,2240,69.5,1574,48.9,14251.52,4.42,705,21.9,1004,31.2,2965,380.529,0.13,0.08,0.18
202122,Academic year,Local authority district,E92000001,England,E13000002,Outer London,Barnet,E09000003,Provisional,130,3867,219775.75,56.8,3742,96.8,2525,65.3,3083,79.7,2242,58,20101.97,5.2,1330,34.4,1628,42.1,3420,1576.137,0.46,0.41,0.51
202122,Academic year,Local authority district,E92000001,England,E13000002,Outer London,Bexley,E09000004,Provisional,96,2916,148961.25,51.1,2828,97,1564,53.6,2075,71.2,1340,46,13239.75,4.54,814,27.9,1003,34.4,2774,-120.655,-0.04,-0.1,0.01
202122,Academic year,Local authority district,E92000001,England,E13000002,Outer London,Brent,E09000005,Provisional,156,3619,188546.25,52.1,3511,97,2026,56,2617,72.3,2276,62.9,17435.23,4.82,1096,30.3,1439,39.8,3194,1208.084,0.38,0.33,0.43
202122,Academic year,Local authority district,E92000001,England,E13000002,Outer London,Bromley,E09000006,Provisional,136,3373,186104.25,55.2,3245,96.2,2107,62.5,2642,78.3,2068,61.3,17097.64,5.07,1252,37.1,1587,47.1,3125,80.717,0.03,-0.02,0.08
202122,Academic year,Local authority district,E92000001,England,E13000001,Inner London,Camden,E09000007,Provisional,84,1372,71830.75,52.4,1317,96,816,59.5,1036,75.5,771,56.2,6547.24,4.77,389,28.4,502,36.6,1288,256.763,0.2,0.12,0.28
202122,Academic year,Local authority district,E92000001,England,E13000002,Outer London,Croydon,E09000008,Provisional,164,4321,214429.25,49.6,4183,96.8,2237,51.8,3018,69.8,2087,48.3,19256.72,4.46,978,22.6,1332,30.8,3937,186.471,0.05,0,0.09
202122,Academic year,Local authority district,E92000001,England,E13000002,Outer London,Ealing,E09000009,Provisional,146,3848,211330.25,54.9,3758,97.7,2429,63.1,3005,78.1,2324,60.4,19479.72,5.06,1270,33,1642,42.7,3446,1888.931,0.55,0.5,0.6
202122,Academic year,Local authority district,E92000001,England,E13000002,Outer London,Enfield,E09000010,Provisional,141,4285,209055.65,48.8,4125,96.3,2156,50.3,2927,68.3,2480,57.9,19132.89,4.47,1020,23.8,1389,32.4,3938,773.517,0.2,0.15,0.24
202122,Academic year,Local authority district,E92000001,England,E13000002,Outer London,Greenwich,E09000011,Provisional,119,3061,155446.13,50.8,2964,96.8,1637,53.5,2174,71,1388,45.3,13768.68,4.5,805,26.3,1010,33,2834,-64.396,-0.02,-0.07,0.03
202122,Academic year,Local authority district,E92000001,England,E13000001,Inner London,Hackney,E09000012,Provisional,123,2440,126219.75,51.7,2370,97.1,1353,55.5,1781,73,1529,62.7,11576.7,4.74,763,31.3,1018,41.7,2306,49.639,0.02,-0.04,0.08
202122,Academic year,Local authority district,E92000001,England,E13000001,Inner London,Hammersmith and Fulham,E09000013,Provisional,76,1115,60158.25,54,1070,96,679,60.9,854,76.6,682,61.2,5520.61,4.95,351,31.5,455,40.8,1018,118.824,0.12,0.03,0.2
202122,Academic year,Local authority district,E92000001,England,E13000001,Inner London,Haringey,E09000014,Provisional,121,2493,128409,51.5,2411,96.7,1352,54.2,1790,71.8,1191,47.8,11514.77,4.62,575,23.1,770,30.9,2229,592.376,0.27,0.21,0.32
202122,Academic year,Local authority district,E92000001,England,E13000002,Outer London,Harrow,E09000015,Provisional,116,2750,155800.5,56.7,2688,97.7,1742,63.3,2157,78.4,1794,65.2,14195.63,5.16,896,32.6,1137,41.3,2447,1491.648,0.61,0.55,0.67
202122,Academic year,Local authority district,E92000001,England,E13000002,Outer London,Havering,E09000016,Provisional,123,2903,148357.5,51.1,2819,97.1,1578,54.4,2109,72.6,1612,55.5,13309.1,4.58,776,26.7,1065,36.7,2757,-356.627,-0.13,-0.18,-0.08
202122,Academic year,Local authority district,E92000001,England,E13000002,Outer London,Hillingdon,E09000017,Provisional,128,3406,183926.25,54,3300,96.9,2032,59.7,2618,76.9,1593,46.8,16397.87,4.81,907,26.6,1172,34.4,3113,1151.131,0.37,0.32,0.42
202122,Academic year,Local authority district,E92000001,England,E13000002,Outer London,Hounslow,E09000018,Provisional,114,3163,167610.25,53,3050,96.4,1835,58,2368,74.9,1770,56,15240.65,4.82,921,29.1,1226,38.8,2773,1127.69,0.41,0.35,0.46
202122,Academic year,Local authority district,E92000001,England,E13000001,Inner London,Islington,E09000019,Provisional,92,1556,79900.25,51.3,1501,96.5,861,55.3,1113,71.5,830,53.3,7179.34,4.61,404,26,510,32.8,1472,95.637,0.06,-0.01,0.14
202122,Academic year,Local authority district,E92000001,England,E13000001,Inner London,Kensington and Chelsea,E09000020,Provisional,57,573,29369.25,51.3,551,96.2,350,61.1,438,76.4,317,55.3,2653.48,4.63,124,21.6,152,26.5,499,-117.618,-0.24,-0.36,-0.11
202122,Academic year,Local authority district,E92000001,England,E13000002,Outer London,Kingston upon Thames,E09000021,Provisional,69,1568,89572.02,57.1,1510,96.3,1015,64.7,1255,80,972,62,8240.99,5.26,594,37.9,757,48.3,1418,647.237,0.46,0.38,0.53
202122,Academic year,Local authority district,E92000001,England,E13000001,Inner London,Lambeth,E09000022,Provisional,129,2561,126885.25,49.5,2464,96.2,1337,52.2,1807,70.6,1478,57.7,11572.99,4.52,709,27.7,968,37.8,2349,-120.414,-0.05,-0.11,0.01
202122,Academic year,Local authority district,E92000001,England,E13000001,Inner London,Lewisham,E09000023,Provisional,153,2984,151964.5,50.9,2900,97.2,1563,52.4,2118,71,1648,55.2,13832.37,4.64,823,27.6,1123,37.6,2708,410.873,0.15,0.1,0.2
202122,Academic year,Local authority district,E92000001,England,E13000002,Outer London,Merton,E09000024,Provisional,106,1920,107183.25,55.8,1851,96.4,1191,62,1499,78.1,1035,53.9,9714.79,5.06,614,32,791,41.2,1728,924.619,0.54,0.47,0.6
202122,Academic year,Local authority district,E92000001,England,E13000001,Inner London,Newham,E09000025,Provisional,165,4204,225129.5,53.6,4084,97.1,2466,58.7,3172,75.5,2710,64.5,20398.32,4.85,1216,28.9,1602,38.1,3762,1363.629,0.36,0.32,0.41
202122,Academic year,Local authority district,E92000001,England,E13000002,Outer London,Redbridge,E09000026,Provisional,149,3675,207216.25,56.4,3578,97.4,2376,64.7,2883,78.4,1911,52,18639.87,5.07,1083,29.5,1376,37.4,3295,1682.637,0.51,0.46,0.56
202122,Academic year,Local authority district,E92000001,England,E13000002,Outer London,Richmond upon Thames,E09000027,Provisional,63,1521,93261.05,61.3,1495,98.3,1119,73.6,1322,86.9,1003,65.9,8674.85,5.7,697,45.8,836,55,1391,713.137,0.51,0.44,0.59
202122,Academic year,Local authority district,E92000001,England,E13000001,Inner London,Southwark,E09000028,Provisional,126,2641,135077,51.1,2548,96.5,1452,55,1912,72.4,1587,60.1,12331.92,4.67,786,29.8,1063,40.2,2461,632.307,0.26,0.2,0.31
202122,Academic year,Local authority district,E92000001,England,E13000002,Outer London,Sutton,E09000029,Provisional,90,2366,134143.25,56.7,2297,97.1,1499,63.4,1861,78.7,1065,45,12004.83,5.07,728,30.8,870,36.8,2189,509.593,0.23,0.17,0.29
202122,Academic year,Local authority district,E92000001,England,E13000001,Inner London,Tower Hamlets,E09000030,Provisional,122,3098,158425.75,51.1,2986,96.4,1735,56,2253,72.7,1703,55,14210.76,4.59,741,23.9,970,31.3,2887,424.391,0.15,0.1,0.2
202122,Academic year,Local authority district,E92000001,England,E13000002,Outer London,Waltham Forest,E09000031,Provisional,126,3001,150518.25,50.2,2872,95.7,1603,53.4,2149,71.6,1396,46.5,13368.48,4.45,656,21.9,894,29.8,2815,35.223,0.01,-0.04,0.06
202122,Academic year,Local authority district,E92000001,England,E13000001,Inner London,Wandsworth,E09000032,Provisional,109,1929,105004.5,54.4,1853,96.1,1174,60.9,1494,77.4,1209,62.7,9744.19,5.05,639,33.1,852,44.2,1752,714.91,0.41,0.34,0.47
202122,Academic year,Local authority district,E92000001,England,E13000001,Inner London,Westminster,E09000033,Provisional,77,1125,62455.25,55.5,1089,96.8,713,63.4,880,78.2,757,67.3,5798.6,5.15,410,36.4,529,47,1025,469.351,0.46,0.37,0.54
