﻿time_period,time_identifier,geographic_level,country_code,country_name,region_code,region_name,idaci_decile,ru11ind_pupil_residency,pupil_residency_detail,level_methodology,version,t_schools,t_pupils,t_att8,avg_att8,t_entbasics,pt_entbasics,t_l2basics_95,pt_l2basics_95,t_l2basics_94,pt_l2basics_94,t_ebacc_e_ptq_ee,pt_ebacc_e_ptq_ee,t_ebaccaps,avg_ebaccaps,t_ebacc_95,pt_ebacc_95,t_ebacc_94,pt_ebacc_94,t_inp8calc,t_p8score,avg_p8score,p8score_CI_low,p8score_CI_upp
202122,Academic year,National,E92000001,England,,,0-10%,Rural,Total,Pupil residence,Provisional,290,1514,61325,40.5,1437,94.9,512,33.8,809,53.4,339,22.4,5148.03,3.4,149,9.8,218,14.4,1471,-696.355,-0.47,-0.55,-0.4
202122,Academic year,National,E92000001,England,,,0-10%,Total,Total,Pupil residence,Provisional,3093,73536,2985196.76,40.6,69334,94.3,25340,34.5,39364,53.5,21966,29.9,254480.08,3.46,8291,11.3,12260,16.7,69466,-29387.129,-0.42,-0.43,-0.41
202122,Academic year,National,E92000001,England,,,0-10%,Urban,Total,Pupil residence,Provisional,3059,72022,2923871.76,40.6,67897,94.3,24828,34.5,38555,53.5,21627,30,249332.05,3.46,8142,11.3,12042,16.7,67995,-28690.774,-0.42,-0.43,-0.41
202122,Academic year,National,E92000001,England,,,10-20%,Rural,Total,Pupil residence,Provisional,501,2785,119029,42.7,2659,95.5,1044,37.5,1652,59.3,685,24.6,10072.46,3.62,308,11.1,455,16.3,2696,-833.334,-0.31,-0.36,-0.26
202122,Academic year,National,E92000001,England,,,10-20%,Total,Total,Pupil residence,Provisional,3526,69652,3049498.64,43.8,66431,95.4,28090,40.3,41692,59.9,24516,35.2,264125.58,3.79,10290,14.8,14563,20.9,65469,-13905.091,-0.21,-0.22,-0.2
202122,Academic year,National,E92000001,England,,,10-20%,Urban,Total,Pupil residence,Provisional,3459,66867,2930469.64,43.8,63772,95.4,27046,40.4,40040,59.9,23831,35.6,254053.12,3.8,9982,14.9,14108,21.1,62773,-13071.757,-0.21,-0.22,-0.2
202122,Academic year,National,E92000001,England,,,20-30%,Rural,Total,Pupil residence,Provisional,798,4270,186904.75,43.8,4108,96.2,1662,38.9,2574,60.3,1173,27.5,15914.31,3.73,545,12.8,751,17.6,4145,-1324.917,-0.32,-0.36,-0.28
202122,Academic year,National,E92000001,England,,,20-30%,Total,Total,Pupil residence,Provisional,3646,62912,2855738.38,45.4,60260,95.8,27393,43.5,39603,62.9,22692,36.1,248290.97,3.95,10183,16.2,14143,22.5,59139,-8353.176,-0.14,-0.15,-0.13
202122,Academic year,National,E92000001,England,,,20-30%,Urban,Total,Pupil residence,Provisional,3519,58642,2668833.63,45.5,56152,95.8,25731,43.9,37029,63.1,21519,36.7,232376.66,3.96,9638,16.4,13392,22.8,54994,-7028.259,-0.13,-0.14,-0.12
202122,Academic year,National,E92000001,England,,,30-40%,Rural,Total,Pupil residence,Provisional,1098,6855,309015.25,45.1,6581,96,2833,41.3,4340,63.3,2001,29.2,26519.34,3.87,922,13.5,1338,19.5,6609,-1642.32,-0.25,-0.28,-0.21
202122,Academic year,National,E92000001,England,,,30-40%,Total,Total,Pupil residence,Provisional,3692,60702,2856959.14,47.1,58366,96.2,28074,46.2,40098,66.1,22339,36.8,249044.21,4.1,10776,17.8,14601,24.1,57143,-4600.922,-0.08,-0.09,-0.07
202122,Academic year,National,E92000001,England,,,30-40%,Urban,Total,Pupil residence,Provisional,3559,53847,2547943.89,47.3,51785,96.2,25241,46.9,35758,66.4,20338,37.8,222524.87,4.13,9854,18.3,13263,24.6,50534,-2958.602,-0.06,-0.07,-0.05
202122,Academic year,National,E92000001,England,,,40-50%,Rural,Total,Pupil residence,Provisional,1302,9140,434171.25,47.5,8820,96.5,4242,46.4,6161,67.4,3054,33.4,37715.96,4.13,1559,17.1,2102,23,8763,-1114.054,-0.13,-0.16,-0.1
202122,Academic year,National,E92000001,England,,,40-50%,Total,Total,Pupil residence,Provisional,3657,56855,2771495.02,48.7,54895,96.6,28122,49.5,39220,69,22113,38.9,243158.93,4.28,11393,20,15037,26.4,53779,-614.396,-0.01,-0.02,0
202122,Academic year,National,E92000001,England,,,40-50%,Urban,Total,Pupil residence,Provisional,3498,47715,2337323.77,49,46075,96.6,23880,50,33059,69.3,19059,39.9,205442.97,4.31,9834,20.6,12935,27.1,45016,499.658,0.01,0,0.02
202122,Academic year,National,E92000001,England,,,50-60%,Rural,Total,Pupil residence,Provisional,1585,13245,649982.13,49.1,12833,96.9,6581,49.7,9347,70.6,4675,35.3,56759.14,4.29,2466,18.6,3354,25.3,12729,-358.755,-0.03,-0.05,0
202122,Academic year,National,E92000001,England,,,50-60%,Total,Total,Pupil residence,Provisional,3598,54433,2736111.68,50.3,52731,96.9,28400,52.2,39171,72,21741,39.9,240675.82,4.42,11670,21.4,15430,28.3,51580,1920.324,0.04,0.03,0.05
202122,Academic year,National,E92000001,England,,,50-60%,Urban,Total,Pupil residence,Provisional,3372,41188,2086129.55,50.6,39898,96.9,21819,53,29824,72.4,17066,41.4,183916.68,4.47,9204,22.3,12076,29.3,38851,2279.079,0.06,0.04,0.07
202122,Academic year,National,E92000001,England,,,60-70%,Rural,Total,Pupil residence,Provisional,1638,14882,755849,50.8,14487,97.3,7900,53.1,10904,73.3,5490,36.9,66200.86,4.45,3080,20.7,4029,27.1,14330,501.387,0.03,0.01,0.06
202122,Academic year,National,E92000001,England,,,60-70%,Total,Total,Pupil residence,Provisional,3479,52968,2742619.26,51.8,51512,97.3,29322,55.4,39558,74.7,21408,40.4,241619.73,4.56,12093,22.8,15690,29.6,50577,4026.721,0.08,0.07,0.09
202122,Academic year,National,E92000001,England,,,60-70%,Urban,Total,Pupil residence,Provisional,3218,38086,1986770.26,52.2,37025,97.2,21422,56.2,28654,75.2,15918,41.8,175418.87,4.61,9013,23.7,11661,30.6,36247,3525.334,0.1,0.08,0.11
202122,Academic year,National,E92000001,England,,,70-80%,Rural,Total,Pupil residence,Provisional,1643,14662,765487.5,52.2,14264,97.3,8238,56.2,11150,76,5749,39.2,67387.14,4.6,3339,22.8,4330,29.5,14051,1484.833,0.11,0.08,0.13
202122,Academic year,National,E92000001,England,,,70-80%,Total,Total,Pupil residence,Provisional,3328,52217,2778437.55,53.2,50874,97.4,30531,58.5,40407,77.4,22276,42.7,245976.71,4.71,13122,25.1,16784,32.1,49823,6671.354,0.13,0.12,0.15
202122,Academic year,National,E92000001,England,,,70-80%,Urban,Total,Pupil residence,Provisional,3074,37555,2012950.05,53.6,36610,97.5,22293,59.4,29257,77.9,16527,44,178589.57,4.76,9783,26,12454,33.2,35772,5186.521,0.14,0.13,0.16
202122,Academic year,National,E92000001,England,,,80-90%,Rural,Total,Pupil residence,Provisional,1625,15051,811685.76,53.9,14711,97.7,8986,59.7,11806,78.4,6187,41.1,71669.78,4.76,3784,25.1,4785,31.8,14408,2583.454,0.18,0.16,0.2
202122,Academic year,National,E92000001,England,,,80-90%,Total,Total,Pupil residence,Provisional,3072,51239,2826603.55,55.2,50139,97.9,31789,62,41153,80.3,22891,44.7,251216.03,4.9,14180,27.7,17874,34.9,48996,10914.921,0.22,0.21,0.24
202122,Academic year,National,E92000001,England,,,80-90%,Urban,Total,Pupil residence,Provisional,2814,36188,2014917.79,55.7,35428,97.9,22803,63,29347,81.1,16704,46.2,179546.25,4.96,10396,28.7,13089,36.2,34588,8331.467,0.24,0.23,0.26
202122,Academic year,National,E92000001,England,,,90-100%,Rural,Total,Pupil residence,Provisional,1269,11630,653012.25,56.1,11375,97.8,7360,63.3,9435,81.1,5314,45.7,58260.26,5.01,3376,29,4177,35.9,11005,3149.296,0.29,0.26,0.31
202122,Academic year,National,E92000001,England,,,90-100%,Total,Total,Pupil residence,Provisional,2648,49811,2903840.58,58.3,48838,98,33903,68.1,42027,84.4,24762,49.7,260872.02,5.24,16358,32.8,20046,40.2,46982,16906.342,0.36,0.35,0.37
202122,Academic year,National,E92000001,England,,,90-100%,Urban,Total,Pupil residence,Provisional,2414,38181,2250828.33,59,37463,98.1,26543,69.5,32592,85.4,19448,50.9,202611.76,5.31,12982,34,15869,41.6,35977,13757.046,0.38,0.37,0.4
202122,Academic year,National,E92000001,England,,,Total,Rural,4 Rural - Town and fringe,Pupil residence,Provisional,2529,50580,2502173.88,49.5,49032,96.9,25633,50.7,35893,71,17859,35.3,218130.31,4.31,9772,19.3,12971,25.6,48834,-2026.82,-0.04,-0.05,-0.03
202122,Academic year,National,E92000001,England,,,Total,Rural,5 Rural - Village,Pupil residence,Provisional,2147,27520,1417278.76,51.5,26742,97.2,14952,54.3,20361,74,10597,38.5,124788.29,4.53,6181,22.5,7963,28.9,26286,2423.527,0.09,0.08,0.11
202122,Academic year,National,E92000001,England,,,Total,Rural,6 Rural - Hamlet and isolated dwellings,Pupil residence,Provisional,1962,15934,827009.25,51.9,15501,97.3,8773,55.1,11924,74.8,6211,39,72728.68,4.56,3575,22.4,4605,28.9,15087,1352.528,0.09,0.07,0.11
202122,Academic year,National,E92000001,England,,,Total,Rural,Total,Pupil residence,Provisional,2919,94034,4746461.89,50.5,91275,97.1,49358,52.5,68178,72.5,34667,36.9,415647.28,4.42,19528,20.8,25539,27.2,90207,1749.235,0.02,0.01,0.03
202122,Academic year,National,E92000001,England,,,Total,Total,Total,Pupil residence,Provisional,4014,584325,28506500.56,48.8,563380,96.4,290964,49.8,402293,68.8,226704,38.8,2499460.08,4.28,118356,20.3,156428,26.8,552954,-16421.052,-0.03,-0.03,-0.03
202122,Academic year,National,E92000001,England,,,Total,Urban,1 Urban - Major conurbation,Pupil residence,Provisional,1898,216037,10703941.8,49.5,207999,96.3,111487,51.6,150044,69.5,96555,44.7,947570.28,4.39,48816,22.6,64597,29.9,201497,7602.291,0.04,0.03,0.04
202122,Academic year,National,E92000001,England,,,Total,Urban,2 Urban - minor conurbation,Pupil residence,Provisional,237,20746,958359.75,46.2,19998,96.4,9545,46,13531,65.2,6375,30.7,82513.97,3.98,3273,15.8,4357,21,19822,-2584.654,-0.13,-0.15,-0.11
202122,Academic year,National,E92000001,England,,,Total,Urban,3 Urban - City and town,Pupil residence,Provisional,3227,253508,12097737.12,47.7,244108,96.3,120574,47.6,170540,67.3,89107,35.1,1053728.55,4.16,46739,18.4,61935,24.4,241428,-23187.924,-0.1,-0.1,-0.09
202122,Academic year,National,E92000001,England,,,Total,Urban,Total,Pupil residence,Provisional,3994,490291,23760038.67,48.5,472105,96.3,241606,49.3,334115,68.1,192037,39.2,2083812.8,4.25,98828,20.2,130889,26.7,462747,-18170.287,-0.04,-0.04,-0.04
202122,Academic year,Regional,E92000001,England,E12000004,East Midlands,0-10%,Rural,Total,Pupil residence,Provisional,46,249,9994.75,40.1,242,97.2,76,30.5,126,50.6,46,18.5,826.22,3.32,18,7.2,26,10.4,242,-108.282,-0.45,-0.62,-0.27
202122,Academic year,Regional,E92000001,England,E12000004,East Midlands,0-10%,Total,Total,Pupil residence,Provisional,303,6071,239982.25,39.5,5772,95.1,1906,31.4,3122,51.4,1464,24.1,20424,3.36,564,9.3,844,13.9,5781,-2614.81,-0.45,-0.49,-0.42
202122,Academic year,Regional,E92000001,England,E12000004,East Midlands,0-10%,Urban,Total,Pupil residence,Provisional,289,5822,229987.5,39.5,5530,95,1830,31.4,2996,51.5,1418,24.4,19597.78,3.37,546,9.4,818,14.1,5539,-2506.528,-0.45,-0.49,-0.42
202122,Academic year,Regional,E92000001,England,E12000004,East Midlands,10-20%,Rural,Total,Pupil residence,Provisional,87,515,22870,44.4,496,96.3,201,39,317,61.6,136,26.4,1955.28,3.8,60,11.7,93,18.1,504,-49.48,-0.1,-0.22,0.02
202122,Academic year,Regional,E92000001,England,E12000004,East Midlands,10-20%,Total,Total,Pupil residence,Provisional,338,5161,214462,41.6,4934,95.6,1817,35.2,2890,56,1468,28.4,18428.97,3.57,602,11.7,877,17,4850,-1353.298,-0.28,-0.32,-0.24
202122,Academic year,Regional,E92000001,England,E12000004,East Midlands,10-20%,Urban,Total,Pupil residence,Provisional,322,4646,191592,41.2,4438,95.5,1616,34.8,2573,55.4,1332,28.7,16473.69,3.55,542,11.7,784,16.9,4346,-1303.818,-0.3,-0.34,-0.26
202122,Academic year,Regional,E92000001,England,E12000004,East Midlands,20-30%,Rural,Total,Pupil residence,Provisional,108,644,26963.25,41.9,609,94.6,240,37.3,375,58.2,178,27.6,2309.99,3.59,81,12.6,110,17.1,628,-212.955,-0.34,-0.45,-0.23
202122,Academic year,Regional,E92000001,England,E12000004,East Midlands,20-30%,Total,Total,Pupil residence,Provisional,340,5136,222501.25,43.3,4898,95.4,2031,39.5,3051,59.4,1601,31.2,19278.48,3.75,697,13.6,1014,19.7,4820,-726.479,-0.15,-0.19,-0.11
202122,Academic year,Regional,E92000001,England,E12000004,East Midlands,20-30%,Urban,Total,Pupil residence,Provisional,316,4492,195538,43.5,4289,95.5,1791,39.9,2676,59.6,1423,31.7,16968.49,3.78,616,13.7,904,20.1,4192,-513.524,-0.12,-0.17,-0.08
202122,Academic year,Regional,E92000001,England,E12000004,East Midlands,30-40%,Rural,Total,Pupil residence,Provisional,126,894,39296.25,44,856,95.7,350,39.1,567,63.4,265,29.6,3393.95,3.8,139,15.5,191,21.4,853,-207.205,-0.24,-0.34,-0.15
202122,Academic year,Regional,E92000001,England,E12000004,East Midlands,30-40%,Total,Total,Pupil residence,Provisional,338,4825,217908.25,45.2,4656,96.5,2033,42.1,3059,63.4,1529,31.7,18916.14,3.92,759,15.7,1050,21.8,4548,-433.076,-0.1,-0.14,-0.05
202122,Academic year,Regional,E92000001,England,E12000004,East Midlands,30-40%,Urban,Total,Pupil residence,Provisional,301,3931,178612,45.4,3800,96.7,1683,42.8,2492,63.4,1264,32.2,15522.19,3.95,620,15.8,859,21.9,3695,-225.871,-0.06,-0.11,-0.02
202122,Academic year,Regional,E92000001,England,E12000004,East Midlands,40-50%,Rural,Total,Pupil residence,Provisional,182,1384,66224.75,47.9,1346,97.3,664,48,947,68.4,460,33.2,5766.95,4.17,250,18.1,339,24.5,1340,-38.028,-0.03,-0.1,0.05
202122,Academic year,Regional,E92000001,England,E12000004,East Midlands,40-50%,Total,Total,Pupil residence,Provisional,361,5267,246175.5,46.7,5062,96.1,2444,46.4,3525,66.9,1942,36.9,21643.06,4.11,986,18.7,1337,25.4,5007,-134.357,-0.03,-0.07,0.01
202122,Academic year,Regional,E92000001,England,E12000004,East Midlands,40-50%,Urban,Total,Pupil residence,Provisional,320,3883,179950.75,46.3,3716,95.7,1780,45.8,2578,66.4,1482,38.2,15876.11,4.09,736,19,998,25.7,3667,-96.329,-0.03,-0.07,0.02
202122,Academic year,Regional,E92000001,England,E12000004,East Midlands,50-60%,Rural,Total,Pupil residence,Provisional,219,1701,84443,49.6,1655,97.3,860,50.6,1210,71.1,646,38,7403.13,4.35,345,20.3,484,28.5,1636,68.543,0.04,-0.03,0.11
202122,Academic year,Regional,E92000001,England,E12000004,East Midlands,50-60%,Total,Total,Pupil residence,Provisional,366,5051,250596.5,49.6,4916,97.3,2590,51.3,3628,71.8,1863,36.9,21958.85,4.35,1016,20.1,1356,26.8,4813,317.709,0.07,0.03,0.11
202122,Academic year,Regional,E92000001,England,E12000004,East Midlands,50-60%,Urban,Total,Pupil residence,Provisional,307,3350,166153.5,49.6,3261,97.3,1730,51.6,2418,72.2,1217,36.3,14555.72,4.34,671,20,872,26,3177,249.166,0.08,0.03,0.13
202122,Academic year,Regional,E92000001,England,E12000004,East Midlands,60-70%,Rural,Total,Pupil residence,Provisional,217,2120,106143.5,50.1,2070,97.6,1079,50.9,1541,72.7,783,36.9,9262.14,4.37,429,20.2,574,27.1,2069,144.843,0.07,0.01,0.13
202122,Academic year,Regional,E92000001,England,E12000004,East Midlands,60-70%,Total,Total,Pupil residence,Provisional,357,5293,265183,50.1,5174,97.8,2725,51.5,3840,72.5,2087,39.4,23322.56,4.41,1098,20.7,1489,28.1,5116,456.502,0.09,0.05,0.13
202122,Academic year,Regional,E92000001,England,E12000004,East Midlands,60-70%,Urban,Total,Pupil residence,Provisional,297,3173,159039.5,50.1,3104,97.8,1646,51.9,2299,72.5,1304,41.1,14060.42,4.43,669,21.1,915,28.8,3047,311.659,0.1,0.05,0.15
202122,Academic year,Regional,E92000001,England,E12000004,East Midlands,70-80%,Rural,Total,Pupil residence,Provisional,241,1912,99236,51.9,1858,97.2,1070,56,1462,76.5,748,39.1,8743.21,4.57,446,23.3,571,29.9,1848,224.268,0.12,0.06,0.19
202122,Academic year,Regional,E92000001,England,E12000004,East Midlands,70-80%,Total,Total,Pupil residence,Provisional,353,4945,257976.25,52.2,4819,97.5,2768,56,3786,76.6,1972,39.9,22737.48,4.6,1136,23,1469,29.7,4753,687.531,0.14,0.1,0.18
202122,Academic year,Regional,E92000001,England,E12000004,East Midlands,70-80%,Urban,Total,Pupil residence,Provisional,293,3033,158740.25,52.3,2961,97.6,1698,56,2324,76.6,1224,40.4,13994.27,4.61,690,22.7,898,29.6,2905,463.263,0.16,0.11,0.21
202122,Academic year,Regional,E92000001,England,E12000004,East Midlands,80-90%,Rural,Total,Pupil residence,Provisional,217,2146,115989,54,2101,97.9,1307,60.9,1730,80.6,865,40.3,10227.45,4.77,516,24,675,31.5,2088,370.14,0.18,0.12,0.24
202122,Academic year,Regional,E92000001,England,E12000004,East Midlands,80-90%,Total,Total,Pupil residence,Provisional,331,5338,287423.5,53.8,5238,98.1,3203,60,4262,79.8,2282,42.8,25456.01,4.77,1349,25.3,1764,33,5174,1094.071,0.21,0.17,0.25
202122,Academic year,Regional,E92000001,England,E12000004,East Midlands,80-90%,Urban,Total,Pupil residence,Provisional,282,3192,171434.5,53.7,3137,98.3,1896,59.4,2532,79.3,1417,44.4,15228.56,4.77,833,26.1,1089,34.1,3086,723.931,0.23,0.18,0.28
202122,Academic year,Regional,E92000001,England,E12000004,East Midlands,90-100%,Rural,Total,Pupil residence,Provisional,160,1397,77600,55.5,1370,98.1,862,61.7,1127,80.7,616,44.1,6930.8,4.96,381,27.3,490,35.1,1356,376.892,0.28,0.2,0.35
202122,Academic year,Regional,E92000001,England,E12000004,East Midlands,90-100%,Total,Total,Pupil residence,Provisional,281,4205,235735,56.1,4132,98.3,2684,63.8,3448,82,1946,46.3,21055.76,5.01,1207,28.7,1537,36.6,4086,1353.14,0.33,0.29,0.37
202122,Academic year,Regional,E92000001,England,E12000004,East Midlands,90-100%,Urban,Total,Pupil residence,Provisional,235,2808,158135,56.3,2762,98.4,1822,64.9,2321,82.7,1330,47.4,14124.96,5.03,826,29.4,1047,37.3,2730,976.248,0.36,0.3,0.41
202122,Academic year,Regional,E92000001,England,E12000004,East Midlands,Total,Rural,4 Rural - Town and fringe,Pupil residence,Provisional,370,7717,379213.5,49.1,7502,97.2,3873,50.2,5513,71.4,2711,35.1,33085.93,4.29,1468,19,1995,25.9,7514,-111.192,-0.01,-0.05,0.02
202122,Academic year,Regional,E92000001,England,E12000004,East Midlands,Total,Rural,5 Rural - Village,Pupil residence,Provisional,311,3960,204445.5,51.6,3846,97.1,2157,54.5,2941,74.3,1565,39.5,18034.3,4.55,935,23.6,1209,30.5,3824,573.092,0.15,0.11,0.19
202122,Academic year,Regional,E92000001,England,E12000004,East Midlands,Total,Rural,6 Rural - Hamlet and isolated dwellings,Pupil residence,Provisional,218,1285,65101.5,50.7,1255,97.7,679,52.8,948,73.8,467,36.3,5698.89,4.43,262,20.4,349,27.2,1226,106.836,0.09,0.01,0.17
202122,Academic year,Regional,E92000001,England,E12000004,East Midlands,Total,Rural,Total,Pupil residence,Provisional,429,12962,648760.5,50.1,12603,97.2,6709,51.8,9402,72.5,4743,36.6,56819.12,4.38,2665,20.6,3553,27.4,12564,568.736,0.05,0.02,0.07
202122,Academic year,Regional,E92000001,England,E12000004,East Midlands,Total,Total,Total,Pupil residence,Provisional,522,51292,2437943.5,47.5,49601,96.7,24201,47.2,34611,67.5,18154,35.4,213221.31,4.16,9414,18.4,12737,24.8,48948,-1353.067,-0.03,-0.04,-0.02
202122,Academic year,Regional,E92000001,England,E12000004,East Midlands,Total,Urban,1 Urban - Major conurbation,Pupil residence,Provisional,16,332,14849.25,44.7,319,96.1,128,38.6,206,62,67,20.2,1247.32,3.76,33,9.9,48,14.5,326,-81.443,-0.25,-0.4,-0.1
202122,Academic year,Regional,E92000001,England,E12000004,East Midlands,Total,Urban,2 Urban - minor conurbation,Pupil residence,Provisional,131,8519,402350.5,47.2,8239,96.7,4032,47.3,5660,66.4,2520,29.6,34911.58,4.1,1373,16.1,1803,21.2,8120,-950.869,-0.12,-0.15,-0.09
202122,Academic year,Regional,E92000001,England,E12000004,East Midlands,Total,Urban,3 Urban - City and town,Pupil residence,Provisional,411,29479,1371983.25,46.5,28440,96.5,13332,45.2,19343,65.6,10824,36.7,120243.29,4.08,5343,18.1,7333,24.9,27938,-889.491,-0.03,-0.05,-0.02
202122,Academic year,Regional,E92000001,England,E12000004,East Midlands,Total,Urban,Total,Pupil residence,Provisional,449,38330,1789183,46.7,36998,96.5,17492,45.6,25209,65.8,13411,35,156402.19,4.08,6749,17.6,9184,24,36384,-1921.803,-0.05,-0.07,-0.04
202122,Academic year,Regional,E92000001,England,E12000006,East of England,0-10%,Rural,Total,Pupil residence,Provisional,36,147,6487.5,44.1,138,93.9,59,40.1,92,62.6,38,25.9,548.87,3.73,21,14.3,30,20.4,141,1.852,0.01,-0.22,0.25
202122,Academic year,Regional,E92000001,England,E12000006,East of England,0-10%,Total,Total,Pupil residence,Provisional,297,3612,141262.5,39.1,3379,93.5,1163,32.2,1867,51.7,954,26.4,11957.71,3.31,367,10.2,549,15.2,3452,-1528.455,-0.44,-0.49,-0.4
202122,Academic year,Regional,E92000001,England,E12000006,East of England,0-10%,Urban,Total,Pupil residence,Provisional,284,3465,134775,38.9,3241,93.5,1104,31.9,1775,51.2,916,26.4,11408.84,3.29,346,10,519,15,3311,-1530.307,-0.46,-0.51,-0.41
202122,Academic year,Regional,E92000001,England,E12000006,East of England,10-20%,Rural,Total,Pupil residence,Provisional,62,211,8737.25,41.4,200,94.8,76,36,121,57.3,52,24.6,740.67,3.51,21,10,36,17.1,201,-42.926,-0.21,-0.41,-0.02
202122,Academic year,Regional,E92000001,England,E12000006,East of England,10-20%,Total,Total,Pupil residence,Provisional,422,5066,209993,41.5,4819,95.1,1755,34.6,2789,55.1,1393,27.5,17916.83,3.54,549,10.8,816,16.1,4829,-1447.816,-0.3,-0.34,-0.26
202122,Academic year,Regional,E92000001,England,E12000006,East of England,10-20%,Urban,Total,Pupil residence,Provisional,406,4855,201255.75,41.5,4619,95.1,1679,34.6,2668,55,1341,27.6,17176.16,3.54,528,10.9,780,16.1,4628,-1404.89,-0.3,-0.34,-0.26
202122,Academic year,Regional,E92000001,England,E12000006,East of England,20-30%,Rural,Total,Pupil residence,Provisional,160,709,30692,43.3,678,95.6,263,37.1,433,61.1,209,29.5,2644.12,3.73,100,14.1,140,19.7,683,-165.934,-0.24,-0.35,-0.14
202122,Academic year,Regional,E92000001,England,E12000006,East of England,20-30%,Total,Total,Pupil residence,Provisional,483,6476,279938.75,43.2,6168,95.2,2564,39.6,3865,59.7,2142,33.1,24237.18,3.74,939,14.5,1319,20.4,6124,-1389.547,-0.23,-0.26,-0.19
202122,Academic year,Regional,E92000001,England,E12000006,East of England,20-30%,Urban,Total,Pupil residence,Provisional,446,5767,249246.75,43.2,5490,95.2,2301,39.9,3432,59.5,1933,33.5,21593.06,3.74,839,14.5,1179,20.4,5441,-1223.613,-0.22,-0.26,-0.19
202122,Academic year,Regional,E92000001,England,E12000006,East of England,30-40%,Rural,Total,Pupil residence,Provisional,200,1152,51193.25,44.4,1104,95.8,455,39.5,716,62.2,296,25.7,4363.61,3.79,129,11.2,188,16.3,1110,-263.515,-0.24,-0.32,-0.15
202122,Academic year,Regional,E92000001,England,E12000006,East of England,30-40%,Total,Total,Pupil residence,Provisional,498,7274,334467.25,46,6998,96.2,3163,43.5,4690,64.5,2473,34,29040.54,3.99,1202,16.5,1613,22.2,6874,-777.937,-0.11,-0.15,-0.08
202122,Academic year,Regional,E92000001,England,E12000006,East of England,30-40%,Urban,Total,Pupil residence,Provisional,464,6122,283274,46.3,5894,96.3,2708,44.2,3974,64.9,2177,35.6,24676.93,4.03,1073,17.5,1425,23.3,5764,-514.422,-0.09,-0.13,-0.05
202122,Academic year,Regional,E92000001,England,E12000006,East of England,40-50%,Rural,Total,Pupil residence,Provisional,249,1966,92422.25,47,1890,96.1,890,45.3,1342,68.3,632,32.1,8033.27,4.09,308,15.7,429,21.8,1899,-199.166,-0.1,-0.17,-0.04
202122,Academic year,Regional,E92000001,England,E12000006,East of England,40-50%,Total,Total,Pupil residence,Provisional,488,7607,359932.5,47.3,7330,96.4,3510,46.1,5106,67.1,2678,35.2,31339.59,4.12,1304,17.1,1752,23,7284,-592.63,-0.08,-0.11,-0.05
202122,Academic year,Regional,E92000001,England,E12000006,East of England,40-50%,Urban,Total,Pupil residence,Provisional,454,5641,267510.25,47.4,5440,96.4,2620,46.4,3764,66.7,2046,36.3,23306.32,4.13,996,17.7,1323,23.5,5385,-393.464,-0.07,-0.11,-0.04
202122,Academic year,Regional,E92000001,England,E12000006,East of England,50-60%,Rural,Total,Pupil residence,Provisional,299,2720,132733,48.8,2633,96.8,1345,49.4,1950,71.7,944,34.7,11620.16,4.27,475,17.5,663,24.4,2629,-214.095,-0.08,-0.14,-0.03
202122,Academic year,Regional,E92000001,England,E12000006,East of England,50-60%,Total,Total,Pupil residence,Provisional,482,7700,377337,49,7432,96.5,3822,49.6,5419,70.4,2981,38.7,33213.16,4.31,1519,19.7,2055,26.7,7372,-254.889,-0.03,-0.07,0
202122,Academic year,Regional,E92000001,England,E12000006,East of England,50-60%,Urban,Total,Pupil residence,Provisional,429,4980,244604,49.1,4799,96.4,2477,49.7,3469,69.7,2037,40.9,21593,4.34,1044,21,1392,28,4743,-40.794,-0.01,-0.05,0.03
202122,Academic year,Regional,E92000001,England,E12000006,East of England,60-70%,Rural,Total,Pupil residence,Provisional,290,3186,159877.5,50.2,3097,97.2,1672,52.5,2318,72.8,1207,37.9,14080.18,4.42,679,21.3,892,28,3080,111.544,0.04,-0.01,0.09
202122,Academic year,Regional,E92000001,England,E12000006,East of England,60-70%,Total,Total,Pupil residence,Provisional,482,7402,378007,51.1,7190,97.1,4003,54.1,5472,73.9,2976,40.2,33363.54,4.51,1659,22.4,2198,29.7,7083,615.747,0.09,0.05,0.12
202122,Academic year,Regional,E92000001,England,E12000006,East of England,60-70%,Urban,Total,Pupil residence,Provisional,417,4216,218129.5,51.7,4093,97.1,2331,55.3,3154,74.8,1769,42,19283.36,4.57,980,23.2,1306,31,4003,504.203,0.13,0.08,0.17
202122,Academic year,Regional,E92000001,England,E12000006,East of England,70-80%,Rural,Total,Pupil residence,Provisional,286,3076,159169,51.7,2985,97,1689,54.9,2317,75.3,1203,39.1,14028.39,4.56,704,22.9,907,29.5,2943,390.711,0.13,0.08,0.18
202122,Academic year,Regional,E92000001,England,E12000006,East of England,70-80%,Total,Total,Pupil residence,Provisional,455,7766,408623.75,52.6,7569,97.5,4433,57.1,5963,76.8,3359,43.3,36238.08,4.67,1938,25,2517,32.4,7421,1019.98,0.14,0.11,0.17
202122,Academic year,Regional,E92000001,England,E12000006,East of England,70-80%,Urban,Total,Pupil residence,Provisional,382,4690,249454.75,53.2,4584,97.7,2744,58.5,3646,77.7,2156,46,22209.69,4.74,1234,26.3,1610,34.3,4478,629.269,0.14,0.1,0.18
202122,Academic year,Regional,E92000001,England,E12000006,East of England,80-90%,Rural,Total,Pupil residence,Provisional,263,2330,125895.75,54,2283,98,1390,59.7,1839,78.9,1006,43.2,11179.26,4.8,617,26.5,769,33,2248,491.965,0.22,0.16,0.28
202122,Academic year,Regional,E92000001,England,E12000006,East of England,80-90%,Total,Total,Pupil residence,Provisional,414,6624,364056.13,55,6490,98,4067,61.4,5324,80.4,2948,44.5,32411.71,4.89,1849,27.9,2318,35,6344,1615.449,0.25,0.22,0.29
202122,Academic year,Regional,E92000001,England,E12000006,East of England,80-90%,Urban,Total,Pupil residence,Provisional,358,4294,238160.38,55.5,4207,98,2677,62.3,3485,81.2,1942,45.2,21232.45,4.94,1232,28.7,1549,36.1,4096,1123.484,0.27,0.23,0.32
202122,Academic year,Regional,E92000001,England,E12000006,East of England,90-100%,Rural,Total,Pupil residence,Provisional,185,1644,91485.25,55.6,1614,98.2,1021,62.1,1338,81.4,814,49.5,8237.1,5.01,512,31.1,641,39,1551,410.593,0.26,0.19,0.33
202122,Academic year,Regional,E92000001,England,E12000006,East of England,90-100%,Total,Total,Pupil residence,Provisional,311,5764,341176,59.2,5667,98.3,3990,69.2,4922,85.4,3003,52.1,30884.38,5.36,2032,35.3,2487,43.1,5389,2199.119,0.41,0.37,0.45
202122,Academic year,Regional,E92000001,England,E12000006,East of England,90-100%,Urban,Total,Pupil residence,Provisional,271,4120,249690.75,60.6,4053,98.4,2969,72.1,3584,87,2189,53.1,22647.28,5.5,1520,36.9,1846,44.8,3838,1788.526,0.47,0.42,0.51
202122,Academic year,Regional,E92000001,England,E12000006,East of England,Total,Rural,4 Rural - Town and fringe,Pupil residence,Provisional,422,9155,456734,49.9,8886,97.1,4687,51.2,6646,72.6,3329,36.4,40005.03,4.37,1839,20.1,2423,26.5,8869,194.894,0.02,-0.01,0.05
202122,Academic year,Regional,E92000001,England,E12000006,East of England,Total,Rural,5 Rural - Village,Pupil residence,Provisional,377,5413,272024.5,50.3,5247,96.9,2823,52.2,3922,72.5,2081,38.4,24013.5,4.44,1181,21.8,1543,28.5,5177,244.649,0.05,0.01,0.09
202122,Academic year,Regional,E92000001,England,E12000006,East of England,Total,Rural,6 Rural - Hamlet and isolated dwellings,Pupil residence,Provisional,337,2573,129934.25,50.5,2489,96.7,1350,52.5,1898,73.8,991,38.5,11457.1,4.45,546,21.2,729,28.3,2439,81.486,0.03,-0.02,0.09
202122,Academic year,Regional,E92000001,England,E12000006,East of England,Total,Rural,Total,Pupil residence,Provisional,500,17141,858692.75,50.1,16622,97,8860,51.7,12466,72.7,6401,37.3,75475.63,4.4,3566,20.8,4695,27.4,16485,521.029,0.03,0.01,0.05
202122,Academic year,Regional,E92000001,England,E12000006,East of England,Total,Total,Total,Pupil residence,Provisional,698,65291,3194793.88,48.9,63042,96.6,32470,49.7,45417,69.6,24907,38.1,280602.72,4.3,13358,20.5,17624,27,62172,-540.979,-0.01,-0.02,0
202122,Academic year,Regional,E92000001,England,E12000006,East of England,Total,Urban,1 Urban - Major conurbation,Pupil residence,Provisional,280,7286,367147.75,50.4,7031,96.5,3855,52.9,5214,71.6,3454,47.4,32648.07,4.48,1735,23.8,2296,31.5,6891,285.666,0.04,0.01,0.07
202122,Academic year,Regional,E92000001,England,E12000006,East of England,Total,Urban,3 Urban - City and town,Pupil residence,Provisional,580,40864,1968953.38,48.2,39389,96.4,19755,48.3,27737,67.9,15052,36.8,172479.02,4.22,8057,19.7,10633,26,38796,-1347.674,-0.03,-0.05,-0.02
202122,Academic year,Regional,E92000001,England,E12000006,East of England,Total,Urban,Total,Pupil residence,Provisional,678,48150,2336101.13,48.5,46420,96.4,23610,49,32951,68.4,18506,38.4,205127.09,4.26,9792,20.3,12929,26.9,45687,-1062.008,-0.02,-0.04,-0.01
202122,Academic year,Regional,E92000001,England,E13000001,Inner London,0-10%,Total,Total,Pupil residence,Provisional,320,4978,247238.25,49.7,4814,96.7,2604,52.3,3505,70.4,2875,57.8,22456.15,4.51,1255,25.2,1743,35,4705,278.64,0.06,0.02,0.1
202122,Academic year,Regional,E92000001,England,E13000001,Inner London,0-10%,Urban,Total,Pupil residence,Provisional,320,4978,247238.25,49.7,4814,96.7,2604,52.3,3505,70.4,2875,57.8,22456.15,4.51,1255,25.2,1743,35,4705,278.64,0.06,0.02,0.1
202122,Academic year,Regional,E92000001,England,E13000001,Inner London,10-20%,Total,Total,Pupil residence,Provisional,395,8197,409378,49.9,7897,96.3,4309,52.6,5784,70.6,4613,56.3,37063.42,4.52,2108,25.7,2826,34.5,7593,644.831,0.08,0.05,0.12
202122,Academic year,Regional,E92000001,England,E13000001,Inner London,10-20%,Urban,Total,Pupil residence,Provisional,395,8197,409378,49.9,7897,96.3,4309,52.6,5784,70.6,4613,56.3,37063.42,4.52,2108,25.7,2826,34.5,7593,644.831,0.08,0.05,0.12
202122,Academic year,Regional,E92000001,England,E13000001,Inner London,20-30%,Rural,Total,Pupil residence,Provisional,5,7,368.5,52.6,7,100,3,42.9,5,71.4,3,42.9,32.83,4.69,2,28.6,3,42.9,7,-1.941,-0.28,-1.32,0.77
202122,Academic year,Regional,E92000001,England,E13000001,Inner London,20-30%,Total,Total,Pupil residence,Provisional,373,5877,304121.25,51.7,5680,96.6,3314,56.4,4296,73.1,3395,57.8,27595.77,4.7,1602,27.3,2148,36.5,5378,1111.186,0.21,0.17,0.24
202122,Academic year,Regional,E92000001,England,E13000001,Inner London,20-30%,Urban,Total,Pupil residence,Provisional,373,5870,303752.75,51.7,5673,96.6,3311,56.4,4291,73.1,3392,57.8,27562.94,4.7,1600,27.3,2145,36.5,5371,1113.127,0.21,0.17,0.24
202122,Academic year,Regional,E92000001,England,E13000001,Inner London,30-40%,Total,Total,Pupil residence,Provisional,340,3596,191917.5,53.4,3477,96.7,2102,58.5,2708,75.3,2191,60.9,17480.68,4.86,1090,30.3,1435,39.9,3235,989.019,0.31,0.26,0.35
202122,Academic year,Regional,E92000001,England,E13000001,Inner London,30-40%,Urban,Total,Pupil residence,Provisional,340,3596,191917.5,53.4,3477,96.7,2102,58.5,2708,75.3,2191,60.9,17480.68,4.86,1090,30.3,1435,39.9,3235,989.019,0.31,0.26,0.35
202122,Academic year,Regional,E92000001,England,E13000001,Inner London,40-50%,Total,Total,Pupil residence,Provisional,291,2043,112236.75,54.9,1982,97,1272,62.3,1577,77.2,1277,62.5,10277.16,5.03,667,32.6,853,41.8,1831,654.374,0.36,0.29,0.42
202122,Academic year,Regional,E92000001,England,E13000001,Inner London,40-50%,Urban,Total,Pupil residence,Provisional,291,2043,112236.75,54.9,1982,97,1272,62.3,1577,77.2,1277,62.5,10277.16,5.03,667,32.6,853,41.8,1831,654.374,0.36,0.29,0.42
202122,Academic year,Regional,E92000001,England,E13000001,Inner London,50-60%,Total,Total,Pupil residence,Provisional,248,1287,70686,54.9,1248,97,775,60.2,999,77.6,762,59.2,6465.77,5.02,404,31.4,515,40,1136,424.182,0.37,0.29,0.46
202122,Academic year,Regional,E92000001,England,E13000001,Inner London,50-60%,Urban,Total,Pupil residence,Provisional,248,1287,70686,54.9,1248,97,775,60.2,999,77.6,762,59.2,6465.77,5.02,404,31.4,515,40,1136,424.182,0.37,0.29,0.46
202122,Academic year,Regional,E92000001,England,E13000001,Inner London,60-70%,Total,Total,Pupil residence,Provisional,201,869,49346.25,56.8,842,96.9,560,64.4,697,80.2,517,59.5,4526.79,5.21,310,35.7,389,44.8,784,268.171,0.34,0.24,0.44
202122,Academic year,Regional,E92000001,England,E13000001,Inner London,60-70%,Urban,Total,Pupil residence,Provisional,201,869,49346.25,56.8,842,96.9,560,64.4,697,80.2,517,59.5,4526.79,5.21,310,35.7,389,44.8,784,268.171,0.34,0.24,0.44
202122,Academic year,Regional,E92000001,England,E13000001,Inner London,70-80%,Total,Total,Pupil residence,Provisional,125,418,23976,57.4,404,96.7,280,67,344,82.3,243,58.1,2196.06,5.25,150,35.9,188,45,375,144.747,0.39,0.24,0.53
202122,Academic year,Regional,E92000001,England,E13000001,Inner London,70-80%,Urban,Total,Pupil residence,Provisional,125,418,23976,57.4,404,96.7,280,67,344,82.3,243,58.1,2196.06,5.25,150,35.9,188,45,375,144.747,0.39,0.24,0.53
202122,Academic year,Regional,E92000001,England,E13000001,Inner London,80-90%,Total,Total,Pupil residence,Provisional,108,477,29631,62.1,462,96.9,352,73.8,418,87.6,291,61,2725,5.71,190,39.8,239,50.1,428,194.184,0.45,0.32,0.59
202122,Academic year,Regional,E92000001,England,E13000001,Inner London,80-90%,Urban,Total,Pupil residence,Provisional,108,477,29631,62.1,462,96.9,352,73.8,418,87.6,291,61,2725,5.71,190,39.8,239,50.1,428,194.184,0.45,0.32,0.59
202122,Academic year,Regional,E92000001,England,E13000001,Inner London,90-100%,Total,Total,Pupil residence,Provisional,82,371,23100,62.3,355,95.7,291,78.4,330,88.9,257,69.3,2170.49,5.85,158,42.6,184,49.6,301,186.331,0.62,0.46,0.78
202122,Academic year,Regional,E92000001,England,E13000001,Inner London,90-100%,Urban,Total,Pupil residence,Provisional,82,371,23100,62.3,355,95.7,291,78.4,330,88.9,257,69.3,2170.49,5.85,158,42.6,184,49.6,301,186.331,0.62,0.46,0.78
202122,Academic year,Regional,E92000001,England,E13000001,Inner London,Total,Rural,4 Rural - Town and fringe,Pupil residence,Provisional,5,7,368.5,52.6,7,100,3,42.9,5,71.4,3,42.9,32.83,4.69,2,28.6,3,42.9,7,-1.941,-0.28,-1.32,0.77
202122,Academic year,Regional,E92000001,England,E13000001,Inner London,Total,Rural,Total,Pupil residence,Provisional,5,7,368.5,52.6,7,100,3,42.9,5,71.4,3,42.9,32.83,4.69,2,28.6,3,42.9,7,-1.941,-0.28,-1.32,0.77
202122,Academic year,Regional,E92000001,England,E13000001,Inner London,Total,Total,Total,Pupil residence,Provisional,517,28113,1461631,52,27161,96.6,15859,56.4,20658,73.5,16421,58.4,132957.29,4.73,7934,28.2,10520,37.4,25766,4895.665,0.19,0.17,0.21
202122,Academic year,Regional,E92000001,England,E13000001,Inner London,Total,Urban,1 Urban - Major conurbation,Pupil residence,Provisional,517,28106,1461262.5,52,27154,96.6,15856,56.4,20653,73.5,16418,58.4,132924.46,4.73,7932,28.2,10517,37.4,25759,4897.606,0.19,0.17,0.21
202122,Academic year,Regional,E92000001,England,E13000001,Inner London,Total,Urban,Total,Pupil residence,Provisional,517,28106,1461262.5,52,27154,96.6,15856,56.4,20653,73.5,16418,58.4,132924.46,4.73,7932,28.2,10517,37.4,25759,4897.606,0.19,0.17,0.21
202122,Academic year,Regional,E92000001,England,E12000001,North East,0-10%,Rural,Total,Pupil residence,Provisional,76,537,22235.75,41.4,505,94,195,36.3,289,53.8,114,21.2,1844.36,3.43,56,10.4,79,14.7,525,-235.063,-0.45,-0.57,-0.33
202122,Academic year,Regional,E92000001,England,E12000001,North East,0-10%,Total,Total,Pupil residence,Provisional,195,7186,284234.75,39.6,6654,92.6,2322,32.3,3728,51.9,1825,25.4,23835.1,3.32,751,10.5,1096,15.3,6906,-4445.173,-0.64,-0.68,-0.61
202122,Academic year,Regional,E92000001,England,E12000001,North East,0-10%,Urban,Total,Pupil residence,Provisional,185,6649,261999,39.4,6149,92.5,2127,32,3439,51.7,1711,25.7,21990.74,3.31,695,10.5,1017,15.3,6381,-4210.11,-0.66,-0.69,-0.63
202122,Academic year,Regional,E92000001,England,E12000001,North East,10-20%,Rural,Total,Pupil residence,Provisional,74,607,26403.5,43.5,578,95.2,244,40.2,376,61.9,132,21.7,2200.82,3.63,67,11,99,16.3,598,-215.753,-0.36,-0.47,-0.25
202122,Academic year,Regional,E92000001,England,E12000001,North East,10-20%,Total,Total,Pupil residence,Provisional,189,3801,161094.5,42.4,3570,93.9,1424,37.5,2187,57.5,1084,28.5,13603.62,3.58,498,13.1,714,18.8,3672,-1829.008,-0.5,-0.54,-0.45
202122,Academic year,Regional,E92000001,England,E12000001,North East,10-20%,Urban,Total,Pupil residence,Provisional,181,3194,134691,42.2,2992,93.7,1180,36.9,1811,56.7,952,29.8,11402.8,3.57,431,13.5,615,19.3,3074,-1613.255,-0.52,-0.57,-0.48
202122,Academic year,Regional,E92000001,England,E12000001,North East,20-30%,Rural,Total,Pupil residence,Provisional,84,682,30349.25,44.5,653,95.7,275,40.3,419,61.4,179,26.2,2549.04,3.74,95,13.9,125,18.3,666,-249.093,-0.37,-0.48,-0.27
202122,Academic year,Regional,E92000001,England,E12000001,North East,20-30%,Total,Total,Pupil residence,Provisional,183,2970,133057.25,44.8,2829,95.3,1225,41.2,1846,62.2,895,30.1,11291.86,3.8,444,14.9,602,20.3,2885,-1057.625,-0.37,-0.42,-0.32
202122,Academic year,Regional,E92000001,England,E12000001,North East,20-30%,Urban,Total,Pupil residence,Provisional,169,2288,102708,44.9,2176,95.1,950,41.5,1427,62.4,716,31.3,8742.82,3.82,349,15.3,477,20.8,2219,-808.532,-0.36,-0.42,-0.31
202122,Academic year,Regional,E92000001,England,E12000001,North East,30-40%,Rural,Total,Pupil residence,Provisional,76,492,22724.75,46.2,472,95.9,218,44.3,322,65.4,140,28.5,1927.45,3.92,72,14.6,101,20.5,482,-74.941,-0.16,-0.28,-0.03
202122,Academic year,Regional,E92000001,England,E12000001,North East,30-40%,Total,Total,Pupil residence,Provisional,178,2331,108237,46.4,2223,95.4,1027,44.1,1537,65.9,756,32.4,9243.92,3.97,381,16.3,529,22.7,2272,-489.653,-0.22,-0.27,-0.16
202122,Academic year,Regional,E92000001,England,E12000001,North East,30-40%,Urban,Total,Pupil residence,Provisional,168,1839,85512.25,46.5,1751,95.2,809,44,1215,66.1,616,33.5,7316.47,3.98,309,16.8,428,23.3,1790,-414.712,-0.23,-0.3,-0.17
202122,Academic year,Regional,E92000001,England,E12000001,North East,40-50%,Rural,Total,Pupil residence,Provisional,79,453,21733.75,48,435,96,223,49.2,305,67.3,146,32.2,1868.38,4.12,88,19.4,106,23.4,446,-65.962,-0.15,-0.28,-0.02
202122,Academic year,Regional,E92000001,England,E12000001,North East,40-50%,Total,Total,Pupil residence,Provisional,180,2106,102730,48.8,2028,96.3,1035,49.1,1463,69.5,759,36,8889.22,4.22,437,20.8,559,26.5,2065,-412.506,-0.2,-0.26,-0.14
202122,Academic year,Regional,E92000001,England,E12000001,North East,40-50%,Urban,Total,Pupil residence,Provisional,163,1653,80996.25,49,1593,96.4,812,49.1,1158,70.1,613,37.1,7020.84,4.25,349,21.1,453,27.4,1619,-346.544,-0.21,-0.28,-0.15
202122,Academic year,Regional,E92000001,England,E12000001,North East,50-60%,Rural,Total,Pupil residence,Provisional,70,477,23588,49.5,462,96.9,238,49.9,339,71.1,149,31.2,2027.35,4.25,83,17.4,106,22.2,458,-9.308,-0.02,-0.15,0.11
202122,Academic year,Regional,E92000001,England,E12000001,North East,50-60%,Total,Total,Pupil residence,Provisional,168,1874,94463.25,50.4,1813,96.7,953,50.9,1360,72.6,683,36.4,8166.74,4.36,385,20.5,519,27.7,1824,-138.262,-0.08,-0.14,-0.01
202122,Academic year,Regional,E92000001,England,E12000001,North East,50-60%,Urban,Total,Pupil residence,Provisional,150,1397,70875.25,50.7,1351,96.7,715,51.2,1021,73.1,534,38.2,6139.39,4.39,302,21.6,413,29.6,1366,-128.954,-0.09,-0.17,-0.02
202122,Academic year,Regional,E92000001,England,E12000001,North East,60-70%,Rural,Total,Pupil residence,Provisional,69,415,21992.25,53,406,97.8,240,57.8,322,77.6,172,41.4,1916.76,4.62,97,23.4,125,30.1,407,14.567,0.04,-0.1,0.17
202122,Academic year,Regional,E92000001,England,E12000001,North East,60-70%,Total,Total,Pupil residence,Provisional,150,1649,88023.25,53.4,1605,97.3,977,59.2,1291,78.3,732,44.4,7723.2,4.68,429,26,558,33.8,1620,123.088,0.08,0.01,0.14
202122,Academic year,Regional,E92000001,England,E12000001,North East,60-70%,Urban,Total,Pupil residence,Provisional,127,1234,66031,53.5,1199,97.2,737,59.7,969,78.5,560,45.4,5806.44,4.71,332,26.9,433,35.1,1213,108.521,0.09,0.01,0.17
202122,Academic year,Regional,E92000001,England,E12000001,North East,70-80%,Rural,Total,Pupil residence,Provisional,69,456,24184.75,53,445,97.6,270,59.2,359,78.7,210,46.1,2113.16,4.63,97,21.3,131,28.7,449,7.343,0.02,-0.11,0.15
202122,Academic year,Regional,E92000001,England,E12000001,North East,70-80%,Total,Total,Pupil residence,Provisional,159,1692,90200.75,53.3,1646,97.3,988,58.4,1323,78.2,758,44.8,7937.11,4.69,432,25.5,557,32.9,1666,46.428,0.03,-0.04,0.1
202122,Academic year,Regional,E92000001,England,E12000001,North East,70-80%,Urban,Total,Pupil residence,Provisional,133,1236,66016,53.4,1201,97.2,718,58.1,964,78,548,44.3,5823.95,4.71,335,27.1,426,34.5,1217,39.085,0.03,-0.05,0.11
202122,Academic year,Regional,E92000001,England,E12000001,North East,80-90%,Rural,Total,Pupil residence,Provisional,85,525,28607.75,54.5,510,97.1,332,63.2,413,78.7,204,38.9,2490.34,4.74,127,24.2,165,31.4,509,17.959,0.04,-0.09,0.16
202122,Academic year,Regional,E92000001,England,E12000001,North East,80-90%,Total,Total,Pupil residence,Provisional,159,2328,130599.5,56.1,2278,97.9,1484,63.7,1906,81.9,1039,44.6,11465.64,4.93,648,27.8,836,35.9,2277,309.026,0.14,0.08,0.19
202122,Academic year,Regional,E92000001,England,E12000001,North East,80-90%,Urban,Total,Pupil residence,Provisional,136,1803,101991.75,56.6,1768,98.1,1152,63.9,1493,82.8,835,46.3,8975.3,4.98,521,28.9,671,37.2,1768,291.067,0.16,0.1,0.23
202122,Academic year,Regional,E92000001,England,E12000001,North East,90-100%,Rural,Total,Pupil residence,Provisional,33,215,12019.25,55.9,208,96.7,133,61.9,175,81.4,89,41.4,1057.53,4.92,57,26.5,71,33,207,28.857,0.14,-0.05,0.33
202122,Academic year,Regional,E92000001,England,E12000001,North East,90-100%,Total,Total,Pupil residence,Provisional,111,1867,109073,58.4,1826,97.8,1299,69.6,1610,86.2,938,50.2,9728.77,5.21,643,34.4,783,41.9,1817,570.069,0.31,0.25,0.38
202122,Academic year,Regional,E92000001,England,E12000001,North East,90-100%,Urban,Total,Pupil residence,Provisional,101,1652,97053.75,58.7,1618,97.9,1166,70.6,1435,86.9,849,51.4,8671.24,5.25,586,35.5,712,43.1,1610,541.212,0.34,0.27,0.4
202122,Academic year,Regional,E92000001,England,E12000001,North East,Total,Rural,4 Rural - Town and fringe,Pupil residence,Provisional,144,3461,163291.75,47.2,3326,96.1,1631,47.1,2313,66.8,1040,30,13896.3,4.02,553,16,754,21.8,3390,-660.973,-0.19,-0.24,-0.15
202122,Academic year,Regional,E92000001,England,E12000001,North East,Total,Rural,5 Rural - Village,Pupil residence,Provisional,123,890,44502,50,855,96.1,467,52.5,623,70,315,35.4,3859.54,4.34,188,21.1,231,26,865,-64.163,-0.07,-0.17,0.02
202122,Academic year,Regional,E92000001,England,E12000001,North East,Total,Rural,6 Rural - Hamlet and isolated dwellings,Pupil residence,Provisional,88,508,26045.25,51.3,493,97,270,53.1,383,75.4,180,35.4,2239.35,4.41,98,19.3,123,24.2,492,-56.258,-0.11,-0.24,0.01
202122,Academic year,Regional,E92000001,England,E12000001,North East,Total,Rural,Total,Pupil residence,Provisional,169,4859,233839,48.1,4674,96.2,2368,48.7,3319,68.3,1535,31.6,19995.19,4.12,839,17.3,1108,22.8,4747,-781.394,-0.16,-0.2,-0.12
202122,Academic year,Regional,E92000001,England,E12000001,North East,Total,Total,Total,Pupil residence,Provisional,208,27804,1301713.25,46.8,26472,95.2,12734,45.8,18251,65.6,9469,34.1,111885.18,4.02,5048,18.2,6753,24.3,27004,-7323.616,-0.27,-0.29,-0.25
202122,Academic year,Regional,E92000001,England,E12000001,North East,Total,Urban,1 Urban - Major conurbation,Pupil residence,Provisional,123,11706,546630.25,46.7,11042,94.3,5337,45.6,7566,64.6,4431,37.9,47427.59,4.05,2334,19.9,3103,26.5,11325,-3550.127,-0.31,-0.34,-0.29
202122,Academic year,Regional,E92000001,England,E12000001,North East,Total,Urban,3 Urban - City and town,Pupil residence,Provisional,174,11239,521244,46.4,10756,95.7,5029,44.7,7366,65.5,3503,31.2,44462.4,3.96,1875,16.7,2542,22.6,10932,-2992.095,-0.27,-0.3,-0.25
202122,Academic year,Regional,E92000001,England,E12000001,North East,Total,Urban,Total,Pupil residence,Provisional,201,22945,1067874.25,46.5,21798,95,10366,45.2,14932,65.1,7934,34.6,91889.99,4,4209,18.3,5645,24.6,22257,-6542.222,-0.29,-0.31,-0.28
202122,Academic year,Regional,E92000001,England,E12000002,North West,0-10%,Rural,Total,Pupil residence,Provisional,37,141,5399.25,38.3,134,95,48,34,74,52.5,32,22.7,462.33,3.28,13,9.2,20,14.2,135,-121.943,-0.9,-1.14,-0.67
202122,Academic year,Regional,E92000001,England,E12000002,North West,0-10%,Total,Total,Pupil residence,Provisional,510,16909,669291.13,39.6,15877,93.9,5400,31.9,8633,51.1,4830,28.6,56662.71,3.35,1688,10,2595,15.3,15809,-8309.578,-0.53,-0.55,-0.5
202122,Academic year,Regional,E92000001,England,E12000002,North West,0-10%,Urban,Total,Pupil residence,Provisional,509,16768,663891.88,39.6,15743,93.9,5352,31.9,8559,51,4798,28.6,56200.38,3.35,1675,10,2575,15.4,15674,-8187.635,-0.52,-0.54,-0.5
202122,Academic year,Regional,E92000001,England,E12000002,North West,10-20%,Rural,Total,Pupil residence,Provisional,31,108,4520,41.9,102,94.4,41,38,66,61.1,37,34.3,395.66,3.66,15,13.9,23,21.3,105,-60.318,-0.57,-0.84,-0.31
202122,Academic year,Regional,E92000001,England,E12000002,North West,10-20%,Total,Total,Pupil residence,Provisional,531,11287,481083.5,42.6,10763,95.4,4298,38.1,6553,58.1,3544,31.4,41165.04,3.65,1402,12.4,2062,18.3,10539,-3068.959,-0.29,-0.32,-0.26
202122,Academic year,Regional,E92000001,England,E12000002,North West,10-20%,Urban,Total,Pupil residence,Provisional,531,11179,476563.5,42.6,10661,95.4,4257,38.1,6487,58,3507,31.4,40769.38,3.65,1387,12.4,2039,18.2,10434,-3008.641,-0.29,-0.32,-0.26
202122,Academic year,Regional,E92000001,England,E12000002,North West,20-30%,Rural,Total,Pupil residence,Provisional,45,251,10577.25,42.1,244,97.2,89,35.5,146,58.2,65,25.9,886.72,3.53,16,6.4,30,12,246,-125.333,-0.51,-0.69,-0.33
202122,Academic year,Regional,E92000001,England,E12000002,North West,20-30%,Total,Total,Pupil residence,Provisional,525,7913,349416,44.2,7574,95.7,3199,40.4,4840,61.2,2580,32.6,29976.64,3.79,1040,13.1,1481,18.7,7473,-1827.113,-0.24,-0.28,-0.21
202122,Academic year,Regional,E92000001,England,E12000002,North West,20-30%,Urban,Total,Pupil residence,Provisional,517,7662,338838.75,44.2,7330,95.7,3110,40.6,4694,61.3,2515,32.8,29089.92,3.8,1024,13.4,1451,18.9,7227,-1701.78,-0.24,-0.27,-0.2
202122,Academic year,Regional,E92000001,England,E12000002,North West,30-40%,Rural,Total,Pupil residence,Provisional,86,514,22843,44.4,494,96.1,208,40.5,322,62.6,140,27.2,1952.39,3.8,57,11.1,83,16.1,506,-210.607,-0.42,-0.54,-0.29
202122,Academic year,Regional,E92000001,England,E12000002,North West,30-40%,Total,Total,Pupil residence,Provisional,535,7489,341582.13,45.6,7198,96.1,3296,44,4806,64.2,2546,34,29432.48,3.93,1136,15.2,1538,20.5,7167,-1672.185,-0.23,-0.27,-0.2
202122,Academic year,Regional,E92000001,England,E12000002,North West,30-40%,Urban,Total,Pupil residence,Provisional,526,6975,318739.13,45.7,6704,96.1,3088,44.3,4484,64.3,2406,34.5,27480.09,3.94,1079,15.5,1455,20.9,6661,-1461.578,-0.22,-0.25,-0.19
202122,Academic year,Regional,E92000001,England,E12000002,North West,40-50%,Rural,Total,Pupil residence,Provisional,70,271,12746.75,47,262,96.7,128,47.2,179,66.1,80,29.5,1095.35,4.04,43,15.9,56,20.7,265,-58.088,-0.22,-0.39,-0.05
202122,Academic year,Regional,E92000001,England,E12000002,North West,40-50%,Total,Total,Pupil residence,Provisional,500,5478,258345,47.2,5282,96.4,2545,46.5,3671,67,2003,36.6,22412.03,4.09,953,17.4,1294,23.6,5274,-820.939,-0.16,-0.19,-0.12
202122,Academic year,Regional,E92000001,England,E12000002,North West,40-50%,Urban,Total,Pupil residence,Provisional,489,5207,245598.25,47.2,5020,96.4,2417,46.4,3492,67.1,1923,36.9,21316.68,4.09,910,17.5,1238,23.8,5009,-762.851,-0.15,-0.19,-0.11
202122,Academic year,Regional,E92000001,England,E12000002,North West,50-60%,Rural,Total,Pupil residence,Provisional,160,822,40614,49.4,805,97.9,410,49.9,566,68.9,262,31.9,3540.68,4.31,148,18,197,24,800,-70.725,-0.09,-0.19,0.01
202122,Academic year,Regional,E92000001,England,E12000002,North West,50-60%,Total,Total,Pupil residence,Provisional,495,5492,275099.51,50.1,5348,97.4,2840,51.7,3967,72.2,2158,39.3,23980.16,4.37,1068,19.4,1486,27.1,5296,-229.718,-0.04,-0.08,-0.01
202122,Academic year,Regional,E92000001,England,E12000002,North West,50-60%,Urban,Total,Pupil residence,Provisional,475,4670,234485.51,50.2,4543,97.3,2430,52,3401,72.8,1896,40.6,20439.48,4.38,920,19.7,1289,27.6,4496,-158.993,-0.04,-0.08,0.01
202122,Academic year,Regional,E92000001,England,E12000002,North West,60-70%,Rural,Total,Pupil residence,Provisional,143,1121,57207.25,51,1098,97.9,613,54.7,816,72.8,378,33.7,4992.35,4.45,218,19.4,271,24.2,1086,37.777,0.03,-0.05,0.12
202122,Academic year,Regional,E92000001,England,E12000002,North West,60-70%,Total,Total,Pupil residence,Provisional,492,6096,310581.13,50.9,5935,97.4,3286,53.9,4531,74.3,2206,36.2,27044.64,4.44,1189,19.5,1547,25.4,5920,-191.081,-0.03,-0.07,0
202122,Academic year,Regional,E92000001,England,E12000002,North West,60-70%,Urban,Total,Pupil residence,Provisional,463,4975,253373.88,50.9,4837,97.2,2673,53.7,3715,74.7,1828,36.7,22052.29,4.43,971,19.5,1276,25.6,4834,-228.858,-0.05,-0.09,-0.01
202122,Academic year,Regional,E92000001,England,E12000002,North West,70-80%,Rural,Total,Pupil residence,Provisional,186,1342,70841.5,52.8,1304,97.2,786,58.6,1040,77.5,509,37.9,6224.29,4.64,308,23,388,28.9,1304,143.338,0.11,0.03,0.19
202122,Academic year,Regional,E92000001,England,E12000002,North West,70-80%,Total,Total,Pupil residence,Provisional,478,6173,330042.89,53.5,6034,97.7,3663,59.3,4855,78.6,2580,41.8,29042,4.7,1481,24,1907,30.9,5956,552.591,0.09,0.06,0.13
202122,Academic year,Regional,E92000001,England,E12000002,North West,70-80%,Urban,Total,Pupil residence,Provisional,453,4831,259201.39,53.7,4730,97.9,2877,59.6,3815,79,2071,42.9,22817.71,4.72,1173,24.3,1519,31.4,4652,409.253,0.09,0.05,0.13
202122,Academic year,Regional,E92000001,England,E12000002,North West,80-90%,Rural,Total,Pupil residence,Provisional,191,1511,81354,53.8,1486,98.3,896,59.3,1178,78,559,37,7111.46,4.71,352,23.3,421,27.9,1470,256.82,0.17,0.1,0.25
202122,Academic year,Regional,E92000001,England,E12000002,North West,80-90%,Total,Total,Pupil residence,Provisional,450,6672,366528.51,54.9,6521,97.7,4152,62.2,5321,79.8,2839,42.6,32333.17,4.85,1724,25.8,2168,32.5,6450,1175.461,0.18,0.15,0.22
202122,Academic year,Regional,E92000001,England,E12000002,North West,80-90%,Urban,Total,Pupil residence,Provisional,419,5161,285174.51,55.3,5035,97.6,3256,63.1,4143,80.3,2280,44.2,25221.71,4.89,1372,26.6,1747,33.9,4980,918.641,0.18,0.15,0.22
202122,Academic year,Regional,E92000001,England,E12000002,North West,90-100%,Rural,Total,Pupil residence,Provisional,176,1369,78308.5,57.2,1344,98.2,898,65.6,1132,82.7,596,43.5,6962.77,5.09,392,28.6,480,35.1,1323,364.193,0.28,0.2,0.35
202122,Academic year,Regional,E92000001,England,E12000002,North West,90-100%,Total,Total,Pupil residence,Provisional,407,7518,431613.14,57.4,7384,98.2,5031,66.9,6281,83.5,3422,45.5,38318.53,5.1,2181,29,2695,35.8,7203,2015.275,0.28,0.25,0.31
202122,Academic year,Regional,E92000001,England,E12000002,North West,90-100%,Urban,Total,Pupil residence,Provisional,386,6149,353304.64,57.5,6040,98.2,4133,67.2,5149,83.7,2826,46,31355.76,5.1,1789,29.1,2215,36,5880,1651.082,0.28,0.24,0.32
202122,Academic year,Regional,E92000001,England,E12000002,North West,Total,Rural,4 Rural - Town and fringe,Pupil residence,Provisional,290,3913,195221,49.9,3815,97.5,2039,52.1,2803,71.6,1320,33.7,16987.95,4.34,737,18.8,937,23.9,3823,-392.534,-0.1,-0.15,-0.06
202122,Academic year,Regional,E92000001,England,E12000002,North West,Total,Rural,5 Rural - Village,Pupil residence,Provisional,219,1875,99706,53.2,1836,97.9,1078,57.5,1446,77.1,720,38.4,8789.43,4.69,437,23.3,552,29.4,1812,226.717,0.13,0.06,0.19
202122,Academic year,Regional,E92000001,England,E12000002,North West,Total,Rural,6 Rural - Hamlet and isolated dwellings,Pupil residence,Provisional,248,1662,89484.5,53.8,1622,97.6,1000,60.2,1270,76.4,618,37.2,7846.62,4.72,388,23.3,480,28.9,1605,320.931,0.2,0.13,0.27
202122,Academic year,Regional,E92000001,England,E12000002,North West,Total,Rural,Total,Pupil residence,Provisional,376,7450,384411.5,51.6,7273,97.6,4117,55.3,5519,74.1,2658,35.7,33624,4.51,1562,21,1969,26.4,7240,155.114,0.02,-0.01,0.05
202122,Academic year,Regional,E92000001,England,E12000002,North West,Total,Total,Total,Pupil residence,Provisional,612,81027,3813582.94,47.1,77916,96.2,37710,46.5,53458,66,28708,35.4,330367.4,4.08,13862,17.1,18773,23.2,77087,-12376.246,-0.16,-0.17,-0.15
202122,Academic year,Regional,E92000001,England,E12000002,North West,Total,Urban,1 Urban - Major conurbation,Pupil residence,Provisional,396,46875,2177006.19,46.4,44911,95.8,21279,45.4,30255,64.5,16995,36.3,188576.45,4.02,8125,17.3,11142,23.8,44173,-8362.968,-0.19,-0.2,-0.18
202122,Academic year,Regional,E92000001,England,E12000002,North West,Total,Urban,3 Urban - City and town,Pupil residence,Provisional,450,26702,1252165.25,46.9,25732,96.4,12314,46.1,17684,66.2,9055,33.9,108166.95,4.05,4175,15.6,5662,21.2,25674,-4168.392,-0.16,-0.18,-0.15
202122,Academic year,Regional,E92000001,England,E12000002,North West,Total,Urban,Total,Pupil residence,Provisional,598,73577,3429171.44,46.6,70643,96,33593,45.7,47939,65.2,26050,35.4,296743.4,4.03,12300,16.7,16804,22.8,69847,-12531.36,-0.18,-0.19,-0.17
202122,Academic year,Regional,E92000001,England,E13000002,Outer London,0-10%,Rural,Total,Pupil residence,Provisional,5,6,306.5,51.1,6,100,3,50,4,66.7,3,50,27.5,4.58,2,33.3,2,33.3,6,-1.524,-0.25,-1.38,0.87
202122,Academic year,Regional,E92000001,England,E13000002,Outer London,0-10%,Total,Total,Pupil residence,Provisional,421,2933,134172,45.7,2798,95.4,1293,44.1,1860,63.4,1359,46.3,11947.86,4.07,580,19.8,819,27.9,2759,-397.56,-0.14,-0.2,-0.09
202122,Academic year,Regional,E92000001,England,E13000002,Outer London,0-10%,Urban,Total,Pupil residence,Provisional,420,2927,133865.5,45.7,2792,95.4,1290,44.1,1856,63.4,1356,46.3,11920.36,4.07,578,19.7,817,27.9,2753,-396.036,-0.14,-0.2,-0.09
202122,Academic year,Regional,E92000001,England,E13000002,Outer London,10-20%,Rural,Total,Pupil residence,Provisional,4,4,214,53.5,4,100,1,25,2,50,1,25,18,4.5,1,25,1,25,4,1.04,0.26,-1.12,1.64
202122,Academic year,Regional,E92000001,England,E13000002,Outer London,10-20%,Total,Total,Pupil residence,Provisional,583,8345,400244.76,48,8010,96,4073,48.8,5566,66.7,4180,50.1,35827.22,4.29,1800,21.6,2516,30.1,7731,332.886,0.04,0.01,0.07
202122,Academic year,Regional,E92000001,England,E13000002,Outer London,10-20%,Urban,Total,Pupil residence,Provisional,583,8341,400030.76,48,8006,96,4072,48.8,5564,66.7,4179,50.1,35809.22,4.29,1799,21.6,2515,30.2,7727,331.846,0.04,0.01,0.07
202122,Academic year,Regional,E92000001,England,E13000002,Outer London,20-30%,Rural,Total,Pupil residence,Provisional,20,45,1893.75,42.1,42,93.3,23,51.1,29,64.4,14,31.1,162.49,3.61,4,8.9,8,17.8,39,-20.083,-0.51,-0.96,-0.07
202122,Academic year,Regional,E92000001,England,E13000002,Outer London,20-30%,Total,Total,Pupil residence,Provisional,604,9274,459240.75,49.5,8910,96.1,4859,52.4,6492,70,4614,49.8,41090.62,4.43,2180,23.5,2974,32.1,8514,1013.956,0.12,0.09,0.15
202122,Academic year,Regional,E92000001,England,E13000002,Outer London,20-30%,Urban,Total,Pupil residence,Provisional,603,9229,457347,49.6,8868,96.1,4836,52.4,6463,70,4600,49.8,40928.13,4.43,2176,23.6,2966,32.1,8475,1034.039,0.12,0.09,0.15
202122,Academic year,Regional,E92000001,England,E13000002,Outer London,30-40%,Rural,Total,Pupil residence,Provisional,19,29,1072,37,24,82.8,9,31,13,44.8,5,17.2,86.19,2.97,1,3.4,1,3.4,28,-25.825,-0.92,-1.44,-0.4
202122,Academic year,Regional,E92000001,England,E13000002,Outer London,30-40%,Total,Total,Pupil residence,Provisional,602,8748,452149.38,51.7,8441,96.5,4835,55.3,6353,72.6,4519,51.7,40619.8,4.64,2220,25.4,2966,33.9,7882,1846.4,0.23,0.2,0.27
202122,Academic year,Regional,E92000001,England,E13000002,Outer London,30-40%,Urban,Total,Pupil residence,Provisional,600,8719,451077.38,51.7,8417,96.5,4826,55.4,6340,72.7,4514,51.8,40533.61,4.65,2219,25.5,2965,34,7854,1872.225,0.24,0.21,0.27
202122,Academic year,Regional,E92000001,England,E13000002,Outer London,40-50%,Rural,Total,Pupil residence,Provisional,6,14,553.75,39.6,13,92.9,4,28.6,10,71.4,3,21.4,48.01,3.43,1,7.1,1,7.1,13,-21.797,-1.68,-2.44,-0.91
202122,Academic year,Regional,E92000001,England,E13000002,Outer London,40-50%,Total,Total,Pupil residence,Provisional,572,8061,436020.14,54.1,7850,97.4,4815,59.7,6147,76.3,4480,55.6,39575.59,4.91,2405,29.8,3091,38.3,7300,2590.721,0.35,0.32,0.39
202122,Academic year,Regional,E92000001,England,E13000002,Outer London,40-50%,Urban,Total,Pupil residence,Provisional,571,8047,435466.39,54.1,7837,97.4,4811,59.8,6137,76.3,4477,55.6,39527.58,4.91,2404,29.9,3090,38.4,7287,2612.518,0.36,0.33,0.39
202122,Academic year,Regional,E92000001,England,E13000002,Outer London,50-60%,Rural,Total,Pupil residence,Provisional,5,7,402.5,57.5,7,100,5,71.4,6,85.7,3,42.9,34.99,5,1,14.3,3,42.9,7,-1.795,-0.26,-1.3,0.79
202122,Academic year,Regional,E92000001,England,E13000002,Outer London,50-60%,Total,Total,Pupil residence,Provisional,531,6188,342685.9,55.4,6011,97.1,3819,61.7,4796,77.5,3545,57.3,31272.84,5.05,2017,32.6,2551,41.2,5550,2195.613,0.4,0.36,0.43
202122,Academic year,Regional,E92000001,England,E13000002,Outer London,50-60%,Urban,Total,Pupil residence,Provisional,530,6181,342283.4,55.4,6004,97.1,3814,61.7,4790,77.5,3542,57.3,31237.85,5.05,2016,32.6,2548,41.2,5543,2197.408,0.4,0.36,0.43
202122,Academic year,Regional,E92000001,England,E13000002,Outer London,60-70%,Rural,Total,Pupil residence,Provisional,14,24,1386.25,57.8,24,100,12,50,19,79.2,13,54.2,126.69,5.28,10,41.7,11,45.8,24,-3.251,-0.14,-0.7,0.43
202122,Academic year,Regional,E92000001,England,E13000002,Outer London,60-70%,Total,Total,Pupil residence,Provisional,458,4982,284442.13,57.1,4880,98,3267,65.6,3997,80.2,2870,57.6,25918.76,5.2,1712,34.4,2170,43.6,4508,1788.388,0.4,0.36,0.44
202122,Academic year,Regional,E92000001,England,E13000002,Outer London,60-70%,Urban,Total,Pupil residence,Provisional,457,4958,283055.88,57.1,4856,97.9,3255,65.7,3978,80.2,2857,57.6,25792.07,5.2,1702,34.3,2159,43.5,4484,1791.639,0.4,0.36,0.44
202122,Academic year,Regional,E92000001,England,E13000002,Outer London,70-80%,Rural,Total,Pupil residence,Provisional,7,9,455,50.6,9,100,5,55.6,6,66.7,6,66.7,40.33,4.48,2,22.2,3,33.3,9,6.358,0.71,-0.21,1.63
202122,Academic year,Regional,E92000001,England,E13000002,Outer London,70-80%,Total,Total,Pupil residence,Provisional,439,4316,253453.27,58.7,4211,97.6,2948,68.3,3587,83.1,2555,59.2,23190.21,5.37,1660,38.5,1981,45.9,3933,1596.3,0.41,0.36,0.45
202122,Academic year,Regional,E92000001,England,E13000002,Outer London,70-80%,Urban,Total,Pupil residence,Provisional,437,4307,252998.27,58.7,4202,97.6,2943,68.3,3581,83.1,2549,59.2,23149.88,5.37,1658,38.5,1978,45.9,3924,1589.942,0.41,0.36,0.45
202122,Academic year,Regional,E92000001,England,E13000002,Outer London,80-90%,Rural,Total,Pupil residence,Provisional,7,13,690.5,53.1,13,100,7,53.8,10,76.9,7,53.8,59.99,4.61,3,23.1,3,23.1,10,-2.866,-0.29,-1.16,0.59
202122,Academic year,Regional,E92000001,England,E13000002,Outer London,80-90%,Total,Total,Pupil residence,Provisional,356,3052,186603.75,61.1,3007,98.5,2208,72.3,2623,85.9,1887,61.8,17146.28,5.62,1246,40.8,1493,48.9,2775,1428.175,0.51,0.46,0.57
202122,Academic year,Regional,E92000001,England,E13000002,Outer London,80-90%,Urban,Total,Pupil residence,Provisional,356,3039,185913.25,61.2,2994,98.5,2201,72.4,2613,86,1880,61.9,17086.29,5.62,1243,40.9,1490,49,2765,1431.041,0.52,0.47,0.57
202122,Academic year,Regional,E92000001,England,E13000002,Outer London,90-100%,Rural,Total,Pupil residence,Provisional,1,1,63,63,1,100,1,100,1,100,1,100,5.83,5.83,0,0,1,100,1,1.732,1.73,-1.03,4.49
202122,Academic year,Regional,E92000001,England,E13000002,Outer London,90-100%,Total,Total,Pupil residence,Provisional,293,2886,183142.27,63.5,2835,98.2,2228,77.2,2581,89.4,1921,66.6,16962,5.88,1322,45.8,1597,55.3,2607,1440.744,0.55,0.5,0.61
202122,Academic year,Regional,E92000001,England,E13000002,Outer London,90-100%,Urban,Total,Pupil residence,Provisional,293,2885,183079.27,63.5,2834,98.2,2227,77.2,2580,89.4,1920,66.6,16956.17,5.88,1322,45.8,1596,55.3,2606,1439.012,0.55,0.5,0.61
202122,Academic year,Regional,E92000001,England,E13000002,Outer London,Total,Rural,4 Rural - Town and fringe,Pupil residence,Provisional,35,93,3978,42.8,87,93.5,38,40.9,57,61.3,31,33.3,343.69,3.7,14,15.1,18,19.4,86,-59.492,-0.69,-0.99,-0.39
202122,Academic year,Regional,E92000001,England,E13000002,Outer London,Total,Rural,5 Rural - Village,Pupil residence,Provisional,24,33,1660,50.3,31,93.9,15,45.5,24,72.7,10,30.3,141.02,4.27,5,15.2,6,18.2,32,-9.541,-0.3,-0.79,0.19
202122,Academic year,Regional,E92000001,England,E13000002,Outer London,Total,Rural,6 Rural - Hamlet and isolated dwellings,Pupil residence,Provisional,18,26,1399.25,53.8,25,96.2,17,65.4,19,73.1,15,57.7,125.31,4.82,6,23.1,10,38.5,23,1.022,0.04,-0.53,0.62
202122,Academic year,Regional,E92000001,England,E13000002,Outer London,Total,Rural,Total,Pupil residence,Provisional,67,152,7037.25,46.3,143,94.1,70,46.1,100,65.8,56,36.8,610.02,4.01,25,16.4,34,22.4,141,-68.011,-0.48,-0.71,-0.25
202122,Academic year,Regional,E92000001,England,E13000002,Outer London,Total,Total,Total,Pupil residence,Provisional,765,58785,3132154.35,53.3,56953,96.9,34345,58.4,44002,74.9,31930,54.3,283551.18,4.82,17142,29.2,22158,37.7,53559,13835.623,0.26,0.25,0.27
202122,Academic year,Regional,E92000001,England,E13000002,Outer London,Total,Urban,1 Urban - Major conurbation,Pupil residence,Provisional,762,58426,3114757.85,53.3,56612,96.9,34165,58.5,43747,74.9,31789,54.4,282032.77,4.83,17073,29.2,22064,37.8,53225,13946.329,0.26,0.25,0.27
202122,Academic year,Regional,E92000001,England,E13000002,Outer London,Total,Urban,3 Urban - City and town,Pupil residence,Provisional,70,207,10359.25,50,198,95.7,110,53.1,155,74.9,85,41.1,908.39,4.39,44,21.3,60,29,193,-42.695,-0.22,-0.42,-0.02
202122,Academic year,Regional,E92000001,England,E13000002,Outer London,Total,Urban,Total,Pupil residence,Provisional,764,58633,3125117.1,53.3,56810,96.9,34275,58.5,43902,74.9,31874,54.4,282941.16,4.83,17117,29.2,22124,37.7,53418,13903.634,0.26,0.25,0.27
202122,Academic year,Regional,E92000001,England,E12000008,South East,0-10%,Rural,Total,Pupil residence,Provisional,23,98,3749.5,38.3,94,95.9,30,30.6,52,53.1,26,26.5,314.97,3.21,11,11.2,15,15.3,92,-56.889,-0.62,-0.91,-0.33
202122,Academic year,Regional,E92000001,England,E12000008,South East,0-10%,Total,Total,Pupil residence,Provisional,339,4060,152490.75,37.6,3781,93.1,1155,28.4,1936,47.7,976,24,12824.04,3.16,390,9.6,567,14,3859,-2770.096,-0.72,-0.76,-0.67
202122,Academic year,Regional,E92000001,England,E12000008,South East,0-10%,Urban,Total,Pupil residence,Provisional,338,3962,148741.25,37.5,3687,93.1,1125,28.4,1884,47.6,950,24,12509.07,3.16,379,9.6,552,13.9,3767,-2713.207,-0.72,-0.77,-0.68
202122,Academic year,Regional,E92000001,England,E12000008,South East,10-20%,Rural,Total,Pupil residence,Provisional,95,342,14893,43.5,329,96.2,136,39.8,205,59.9,92,26.9,1259.52,3.68,43,12.6,58,17,324,-114.421,-0.35,-0.51,-0.2
202122,Academic year,Regional,E92000001,England,E12000008,South East,10-20%,Total,Total,Pupil residence,Provisional,499,5838,236452.25,40.5,5504,94.3,1991,34.1,3133,53.7,1550,26.6,20130.31,3.45,700,12,948,16.2,5564,-2722.409,-0.49,-0.53,-0.45
202122,Academic year,Regional,E92000001,England,E12000008,South East,10-20%,Urban,Total,Pupil residence,Provisional,492,5496,221559.25,40.3,5175,94.2,1855,33.8,2928,53.3,1458,26.5,18870.79,3.43,657,12,890,16.2,5240,-2607.988,-0.5,-0.54,-0.46
202122,Academic year,Regional,E92000001,England,E12000008,South East,20-30%,Rural,Total,Pupil residence,Provisional,134,533,23876,44.8,517,97,210,39.4,314,58.9,167,31.3,2053.81,3.85,86,16.1,114,21.4,516,-132.258,-0.26,-0.38,-0.13
202122,Academic year,Regional,E92000001,England,E12000008,South East,20-30%,Total,Total,Pupil residence,Provisional,568,6815,292633.88,42.9,6503,95.4,2614,38.4,3968,58.2,2016,29.6,25098.08,3.68,932,13.7,1266,18.6,6491,-2159.631,-0.33,-0.37,-0.3
202122,Academic year,Regional,E92000001,England,E12000008,South East,20-30%,Urban,Total,Pupil residence,Provisional,555,6282,268757.88,42.8,5986,95.3,2404,38.3,3654,58.2,1849,29.4,23044.27,3.67,846,13.5,1152,18.3,5975,-2027.373,-0.34,-0.38,-0.3
202122,Academic year,Regional,E92000001,England,E12000008,South East,30-40%,Rural,Total,Pupil residence,Provisional,239,1075,48950.75,45.5,1033,96.1,456,42.4,678,63.1,331,30.8,4197.03,3.9,161,15,226,21,1034,-338.743,-0.33,-0.41,-0.24
202122,Academic year,Regional,E92000001,England,E12000008,South East,30-40%,Total,Total,Pupil residence,Provisional,665,9957,450504.38,45.2,9540,95.8,4241,42.6,6275,63,3162,31.8,38872.08,3.9,1510,15.2,2061,20.7,9402,-1996.682,-0.21,-0.24,-0.18
202122,Academic year,Regional,E92000001,England,E12000008,South East,30-40%,Urban,Total,Pupil residence,Provisional,641,8882,401553.63,45.2,8507,95.8,3785,42.6,5597,63,2831,31.9,34675.05,3.9,1349,15.2,1835,20.7,8368,-1657.939,-0.2,-0.23,-0.17
202122,Academic year,Regional,E92000001,England,E12000008,South East,40-50%,Rural,Total,Pupil residence,Provisional,283,1398,67359.25,48.2,1349,96.5,688,49.2,951,68,519,37.1,5868.73,4.2,281,20.1,370,26.5,1288,-272.979,-0.21,-0.29,-0.14
202122,Academic year,Regional,E92000001,England,E12000008,South East,40-50%,Total,Total,Pupil residence,Provisional,673,9864,471631,47.8,9476,96.1,4726,47.9,6614,67.1,3596,36.5,41206.75,4.18,1882,19.1,2471,25.1,9271,-776.327,-0.08,-0.11,-0.06
202122,Academic year,Regional,E92000001,England,E12000008,South East,40-50%,Urban,Total,Pupil residence,Provisional,639,8466,404271.75,47.8,8127,96,4038,47.7,5663,66.9,3077,36.3,35338.02,4.17,1601,18.9,2101,24.8,7983,-503.348,-0.06,-0.09,-0.03
202122,Academic year,Regional,E92000001,England,E12000008,South East,50-60%,Rural,Total,Pupil residence,Provisional,309,2037,100531,49.4,1970,96.7,1046,51.4,1426,70,781,38.3,8800.75,4.32,413,20.3,558,27.4,1938,-91.05,-0.05,-0.11,0.02
202122,Academic year,Regional,E92000001,England,E12000008,South East,50-60%,Total,Total,Pupil residence,Provisional,670,10308,508930.88,49.4,9954,96.6,5213,50.6,7236,70.2,3995,38.8,44745.29,4.34,2175,21.1,2841,27.6,9711,-436.878,-0.04,-0.07,-0.02
202122,Academic year,Regional,E92000001,England,E12000008,South East,50-60%,Urban,Total,Pupil residence,Provisional,644,8271,408399.88,49.4,7984,96.5,4167,50.4,5810,70.2,3214,38.9,35944.54,4.35,1762,21.3,2283,27.6,7773,-345.828,-0.04,-0.08,-0.01
202122,Academic year,Regional,E92000001,England,E12000008,South East,60-70%,Rural,Total,Pupil residence,Provisional,379,2613,134056,51.3,2528,96.7,1416,54.2,1921,73.5,1038,39.7,11785.16,4.51,586,22.4,761,29.1,2464,21.239,0.01,-0.05,0.06
202122,Academic year,Regional,E92000001,England,E12000008,South East,60-70%,Total,Total,Pupil residence,Provisional,681,10202,522492.5,51.2,9849,96.5,5575,54.6,7486,73.4,4120,40.4,46078.82,4.52,2394,23.5,3022,29.6,9674,212.533,0.02,-0.01,0.05
202122,Academic year,Regional,E92000001,England,E12000008,South East,60-70%,Urban,Total,Pupil residence,Provisional,626,7589,388436.5,51.2,7321,96.5,4159,54.8,5565,73.3,3082,40.6,34293.66,4.52,1808,23.8,2261,29.8,7210,191.294,0.03,-0.01,0.06
202122,Academic year,Regional,E92000001,England,E12000008,South East,70-80%,Rural,Total,Pupil residence,Provisional,376,2576,133929.75,52,2492,96.7,1430,55.5,1939,75.3,1046,40.6,11814.75,4.59,589,22.9,773,30,2430,179.552,0.07,0.02,0.13
202122,Academic year,Regional,E92000001,England,E12000008,South East,70-80%,Total,Total,Pupil residence,Provisional,667,10605,557044.89,52.5,10275,96.9,6047,57,8078,76.2,4465,42.1,49369.27,4.66,2598,24.5,3336,31.5,10039,894.116,0.09,0.06,0.12
202122,Academic year,Regional,E92000001,England,E12000008,South East,70-80%,Urban,Total,Pupil residence,Provisional,612,8029,423115.14,52.7,7783,96.9,4617,57.5,6139,76.5,3419,42.6,37554.52,4.68,2009,25,2563,31.9,7609,714.564,0.09,0.06,0.13
202122,Academic year,Regional,E92000001,England,E12000008,South East,80-90%,Rural,Total,Pupil residence,Provisional,404,3508,190550.01,54.3,3422,97.5,2121,60.5,2776,79.1,1544,44,16903.95,4.82,935,26.7,1176,33.5,3274,653.376,0.2,0.15,0.25
202122,Academic year,Regional,E92000001,England,E12000008,South East,80-90%,Total,Total,Pupil residence,Provisional,658,11706,644526.14,55.1,11431,97.7,7193,61.4,9379,80.1,5258,44.9,57483.22,4.91,3299,28.2,4116,35.2,11046,2313.278,0.21,0.18,0.24
202122,Academic year,Regional,E92000001,England,E12000008,South East,80-90%,Urban,Total,Pupil residence,Provisional,594,8198,453976.13,55.4,8009,97.7,5072,61.9,6603,80.5,3714,45.3,40579.27,4.95,2364,28.8,2940,35.9,7772,1659.902,0.21,0.18,0.24
202122,Academic year,Regional,E92000001,England,E12000008,South East,90-100%,Rural,Total,Pupil residence,Provisional,331,3187,181101.5,56.8,3100,97.3,2057,64.5,2592,81.3,1521,47.7,16167,5.07,951,29.8,1167,36.6,2918,821.515,0.28,0.23,0.33
202122,Academic year,Regional,E92000001,England,E12000008,South East,90-100%,Total,Total,Pupil residence,Provisional,592,13000,768408.67,59.1,12709,97.8,8956,68.9,11016,84.7,6620,50.9,69225.57,5.33,4392,33.8,5358,41.2,11992,4788.104,0.4,0.37,0.42
202122,Academic year,Regional,E92000001,England,E12000008,South East,90-100%,Urban,Total,Pupil residence,Provisional,533,9813,587307.17,59.8,9609,97.9,6899,70.3,8424,85.8,5099,52,53058.57,5.41,3441,35.1,4191,42.7,9074,3966.589,0.44,0.41,0.47
202122,Academic year,Regional,E92000001,England,E12000008,South East,Total,Rural,4 Rural - Town and fringe,Pupil residence,Provisional,581,9315,475726,51.1,9017,96.8,5013,53.8,6782,72.8,3624,38.9,41671.69,4.47,2039,21.9,2635,28.3,8793,40.034,0,-0.02,0.03
202122,Academic year,Regional,E92000001,England,E12000008,South East,Total,Rural,5 Rural - Village,Pupil residence,Provisional,483,5184,271723.76,52.4,5043,97.3,2917,56.3,3907,75.4,2111,40.7,24018.85,4.63,1255,24.2,1595,30.8,4849,417.924,0.09,0.05,0.13
202122,Academic year,Regional,E92000001,England,E12000008,South East,Total,Rural,6 Rural - Hamlet and isolated dwellings,Pupil residence,Provisional,430,2868,151547,52.8,2774,96.7,1660,57.9,2165,75.5,1330,46.4,13475.13,4.7,762,26.6,988,34.4,2636,211.384,0.08,0.03,0.13
202122,Academic year,Regional,E92000001,England,E12000008,South East,Total,Rural,Total,Pupil residence,Provisional,662,17367,898996.76,51.8,16834,96.9,9590,55.2,12854,74,7065,40.7,79165.67,4.56,4056,23.4,5218,30,16278,669.342,0.04,0.02,0.06
202122,Academic year,Regional,E92000001,England,E12000008,South East,Total,Total,Total,Pupil residence,Provisional,916,92355,4605115.34,49.9,89022,96.4,47711,51.7,65121,70.5,35758,38.7,405033.43,4.39,20272,22,25986,28.1,87049,-2653.992,-0.03,-0.04,-0.02
202122,Academic year,Regional,E92000001,England,E12000008,South East,Total,Urban,1 Urban - Major conurbation,Pupil residence,Provisional,289,8167,428535.25,52.5,7876,96.4,4736,58,6118,74.9,3184,39,37763.07,4.62,1961,24,2458,30.1,7680,1126.056,0.15,0.12,0.18
202122,Academic year,Regional,E92000001,England,E12000008,South East,Total,Urban,3 Urban - City and town,Pupil residence,Provisional,804,66821,3277583.33,49.1,64312,96.2,33385,50,46149,69.1,25509,38.2,288104.69,4.31,14255,21.3,18310,27.4,63091,-4449.39,-0.07,-0.08,-0.06
202122,Academic year,Regional,E92000001,England,E12000008,South East,Total,Urban,Total,Pupil residence,Provisional,878,74988,3706118.58,49.4,72188,96.3,38121,50.8,52267,69.7,28693,38.3,325867.76,4.35,16216,21.6,20768,27.7,70771,-3323.334,-0.05,-0.06,-0.04
202122,Academic year,Regional,E92000001,England,E12000009,South West,0-10%,Rural,Total,Pupil residence,Provisional,13,87,3153,36.2,82,94.3,17,19.5,39,44.8,28,32.2,274.15,3.15,5,5.7,13,14.9,85,-68.817,-0.81,-1.11,-0.51
202122,Academic year,Regional,E92000001,England,E12000009,South West,0-10%,Total,Total,Pupil residence,Provisional,249,3355,129342.5,38.6,3126,93.2,1007,30,1671,49.8,710,21.2,10837.33,3.23,261,7.8,393,11.7,3186,-1752.656,-0.55,-0.6,-0.5
202122,Academic year,Regional,E92000001,England,E12000009,South West,0-10%,Urban,Total,Pupil residence,Provisional,244,3268,126189.5,38.6,3044,93.1,990,30.3,1632,49.9,682,20.9,10563.18,3.23,256,7.8,380,11.6,3101,-1683.839,-0.54,-0.59,-0.49
202122,Academic year,Regional,E92000001,England,E12000009,South West,10-20%,Rural,Total,Pupil residence,Provisional,69,504,21639.5,42.9,480,95.2,181,35.9,297,58.9,141,28,1837.83,3.65,56,11.1,83,16.5,474,-160.293,-0.34,-0.46,-0.21
202122,Academic year,Regional,E92000001,England,E12000009,South West,10-20%,Total,Total,Pupil residence,Provisional,309,3656,152346.75,41.7,3481,95.2,1277,34.9,2066,56.5,841,23,12867.49,3.52,352,9.6,508,13.9,3474,-1250.46,-0.36,-0.41,-0.31
202122,Academic year,Regional,E92000001,England,E12000009,South West,10-20%,Urban,Total,Pupil residence,Provisional,288,3152,130707.25,41.5,3001,95.2,1096,34.8,1769,56.1,700,22.2,11029.66,3.5,296,9.4,425,13.5,3000,-1090.167,-0.36,-0.41,-0.31
202122,Academic year,Regional,E92000001,England,E12000009,South West,20-30%,Rural,Total,Pupil residence,Provisional,97,639,28461.5,44.5,619,96.9,257,40.2,386,60.4,149,23.3,2397.2,3.75,68,10.6,97,15.2,614,-187.62,-0.31,-0.42,-0.19
202122,Academic year,Regional,E92000001,England,E12000009,South West,20-30%,Total,Total,Pupil residence,Provisional,341,4503,196591,43.7,4297,95.4,1803,40,2699,59.9,1093,24.3,16696.03,3.71,515,11.4,720,16,4282,-1226.045,-0.29,-0.33,-0.24
202122,Academic year,Regional,E92000001,England,E12000009,South West,20-30%,Urban,Total,Pupil residence,Provisional,312,3864,168129.5,43.5,3678,95.2,1546,40,2313,59.9,944,24.4,14298.83,3.7,447,11.6,623,16.1,3668,-1038.425,-0.28,-0.33,-0.24
202122,Academic year,Regional,E92000001,England,E12000009,South West,30-40%,Rural,Total,Pupil residence,Provisional,168,1391,64653.5,46.5,1342,96.5,596,42.8,894,64.3,459,33,5613.58,4.04,210,15.1,303,21.8,1326,-179.339,-0.14,-0.21,-0.06
202122,Academic year,Regional,E92000001,England,E12000009,South West,30-40%,Total,Total,Pupil residence,Provisional,369,5435,251403.75,46.3,5207,95.8,2395,44.1,3511,64.6,1617,29.8,21659.49,3.99,809,14.9,1090,20.1,5198,-957.839,-0.18,-0.22,-0.15
202122,Academic year,Regional,E92000001,England,E12000009,South West,30-40%,Urban,Total,Pupil residence,Provisional,330,4044,186750.25,46.2,3865,95.6,1799,44.5,2617,64.7,1158,28.6,16045.91,3.97,599,14.8,787,19.5,3872,-778.5,-0.2,-0.25,-0.16
202122,Academic year,Regional,E92000001,England,E12000009,South West,40-50%,Rural,Total,Pupil residence,Provisional,219,2339,110480.25,47.2,2260,96.6,1048,44.8,1541,65.9,771,33,9599.56,4.1,354,15.1,492,21,2234,-334.498,-0.15,-0.21,-0.09
202122,Academic year,Regional,E92000001,England,E12000009,South West,40-50%,Total,Total,Pupil residence,Provisional,375,6773,321025.25,47.4,6534,96.5,3160,46.7,4527,66.8,2081,30.7,27690.72,4.09,1029,15.2,1406,20.8,6488,-852.147,-0.13,-0.17,-0.1
202122,Academic year,Regional,E92000001,England,E12000009,South West,40-50%,Urban,Total,Pupil residence,Provisional,338,4434,210545,47.5,4274,96.4,2112,47.6,2986,67.3,1310,29.5,18091.16,4.08,675,15.2,914,20.6,4254,-517.649,-0.12,-0.16,-0.08
202122,Academic year,Regional,E92000001,England,E12000009,South West,50-60%,Rural,Total,Pupil residence,Provisional,276,3275,159952.75,48.8,3170,96.8,1575,48.1,2287,69.8,1099,33.6,13956.95,4.26,577,17.6,771,23.5,3120,25.799,0.01,-0.04,0.06
202122,Academic year,Regional,E92000001,England,E12000009,South West,50-60%,Total,Total,Pupil residence,Provisional,384,7297,357637,49,7059,96.7,3577,49,5127,70.3,2335,32,31018.44,4.25,1255,17.2,1668,22.9,6957,16.726,0,-0.03,0.04
202122,Academic year,Regional,E92000001,England,E12000009,South West,50-60%,Urban,Total,Pupil residence,Provisional,312,4022,197684.25,49.2,3889,96.7,2002,49.8,2840,70.6,1236,30.7,17061.49,4.24,678,16.9,897,22.3,3837,-9.073,0,-0.05,0.04
202122,Academic year,Regional,E92000001,England,E12000009,South West,60-70%,Rural,Total,Pupil residence,Provisional,265,2834,143827.75,50.8,2758,97.3,1491,52.6,2054,72.5,966,34.1,12579.25,4.44,555,19.6,704,24.8,2718,42.46,0.02,-0.04,0.07
202122,Academic year,Regional,E92000001,England,E12000009,South West,60-70%,Total,Total,Pupil residence,Provisional,368,6916,352391.5,51,6744,97.5,3662,52.9,5080,73.5,2325,33.6,30666.96,4.43,1346,19.5,1722,24.9,6613,186.991,0.03,-0.01,0.06
202122,Academic year,Regional,E92000001,England,E12000009,South West,60-70%,Urban,Total,Pupil residence,Provisional,313,4082,208563.75,51.1,3986,97.6,2171,53.2,3026,74.1,1359,33.3,18087.71,4.43,791,19.4,1018,24.9,3895,144.531,0.04,-0.01,0.08
202122,Academic year,Regional,E92000001,England,E12000009,South West,70-80%,Rural,Total,Pupil residence,Provisional,238,2634,137825.25,52.3,2577,97.8,1477,56.1,1999,75.9,944,35.8,12071.98,4.58,560,21.3,733,27.8,2500,196.677,0.08,0.02,0.13
202122,Academic year,Regional,E92000001,England,E12000009,South West,70-80%,Total,Total,Pupil residence,Provisional,353,6525,340685.75,52.2,6374,97.7,3687,56.5,4965,76.1,2314,35.5,29738.19,4.56,1362,20.9,1782,27.3,6220,570.144,0.09,0.06,0.13
202122,Academic year,Regional,E92000001,England,E12000009,South West,70-80%,Urban,Total,Pupil residence,Provisional,289,3891,202860.5,52.1,3797,97.6,2210,56.8,2966,76.2,1370,35.2,17666.21,4.54,802,20.6,1049,27,3720,373.467,0.1,0.06,0.15
202122,Academic year,Regional,E92000001,England,E12000009,South West,80-90%,Rural,Total,Pupil residence,Provisional,213,1963,106490.5,54.2,1913,97.5,1166,59.4,1521,77.5,803,40.9,9439.62,4.81,512,26.1,636,32.4,1851,293.595,0.16,0.09,0.22
202122,Academic year,Regional,E92000001,England,E12000009,South West,80-90%,Total,Total,Pupil residence,Provisional,326,5206,282916.38,54.3,5078,97.5,3161,60.7,4095,78.7,2035,39.1,24918.21,4.79,1275,24.5,1613,31,4954,865.615,0.17,0.14,0.21
202122,Academic year,Regional,E92000001,England,E12000009,South West,80-90%,Urban,Total,Pupil residence,Provisional,255,3243,176425.88,54.4,3165,97.6,1995,61.5,2574,79.4,1232,38,15478.59,4.77,763,23.5,977,30.1,3103,572.02,0.18,0.13,0.23
202122,Academic year,Regional,E92000001,England,E12000009,South West,90-100%,Rural,Total,Pupil residence,Provisional,158,1115,60343,54.1,1087,97.5,662,59.4,859,77,454,40.7,5338.66,4.79,271,24.3,346,31,1049,239.951,0.23,0.14,0.31
202122,Academic year,Regional,E92000001,England,E12000009,South West,90-100%,Total,Total,Pupil residence,Provisional,277,4328,244280.25,56.4,4245,98.1,2768,64,3540,81.8,1881,43.5,21741.22,5.02,1209,27.9,1511,34.9,4088,1127.92,0.28,0.23,0.32
202122,Academic year,Regional,E92000001,England,E12000009,South West,90-100%,Urban,Total,Pupil residence,Provisional,222,3213,183937.25,57.2,3158,98.3,2106,65.5,2681,83.4,1427,44.4,16402.56,5.11,938,29.2,1165,36.3,3039,887.969,0.29,0.24,0.34
202122,Academic year,Regional,E92000001,England,E12000009,South West,Total,Rural,4 Rural - Town and fringe,Pupil residence,Provisional,329,7641,369077.75,48.3,7393,96.8,3654,47.8,5199,68,2517,32.9,32107.3,4.2,1298,17,1765,23.1,7304,-837.13,-0.11,-0.15,-0.08
202122,Academic year,Regional,E92000001,England,E12000009,South West,Total,Rural,5 Rural - Village,Pupil residence,Provisional,322,5322,272428.5,51.2,5173,97.2,2806,52.7,3881,72.9,1942,36.5,23922.56,4.5,1107,20.8,1432,26.9,5058,412.757,0.08,0.04,0.12
202122,Academic year,Regional,E92000001,England,E12000009,South West,Total,Rural,6 Rural - Hamlet and isolated dwellings,Pupil residence,Provisional,329,3818,195320.75,51.2,3722,97.5,2010,52.6,2797,73.3,1355,35.5,17078.92,4.47,763,20,981,25.7,3609,292.288,0.08,0.04,0.13
202122,Academic year,Regional,E92000001,England,E12000009,South West,Total,Rural,Total,Pupil residence,Provisional,394,16781,836827,49.9,16288,97.1,8470,50.5,11877,70.8,5814,34.6,73108.78,4.36,3168,18.9,4178,24.9,15971,-132.085,-0.01,-0.03,0.01
202122,Academic year,Regional,E92000001,England,E12000009,South West,Total,Total,Total,Pupil residence,Provisional,436,53994,2628620.13,48.7,52145,96.6,26497,49.1,37281,69,17232,31.9,227834.08,4.22,9413,17.4,12413,23,51460,-3271.751,-0.06,-0.08,-0.05
202122,Academic year,Regional,E92000001,England,E12000009,South West,Total,Urban,3 Urban - City and town,Pupil residence,Provisional,405,37213,1791793.13,48.1,35857,96.4,18027,48.4,25404,68.3,11418,30.7,154725.3,4.16,6245,16.8,8235,22.1,35489,-3139.666,-0.09,-0.1,-0.07
202122,Academic year,Regional,E92000001,England,E12000009,South West,Total,Urban,Total,Pupil residence,Provisional,405,37213,1791793.13,48.1,35857,96.4,18027,48.4,25404,68.3,11418,30.7,154725.3,4.16,6245,16.8,8235,22.1,35489,-3139.666,-0.09,-0.1,-0.07
202122,Academic year,Regional,E92000001,England,E12000005,West Midlands,0-10%,Rural,Total,Pupil residence,Provisional,11,28,1084,38.7,27,96.4,8,28.6,12,42.9,5,17.9,87.82,3.14,2,7.1,2,7.1,28,-22.043,-0.79,-1.31,-0.27
202122,Academic year,Regional,E92000001,England,E12000005,West Midlands,0-10%,Total,Total,Pupil residence,Provisional,404,13271,556311.13,41.9,12618,95.1,4842,36.5,7341,55.3,3914,29.5,47032.26,3.54,1416,10.7,2113,15.9,12479,-3269.326,-0.26,-0.29,-0.24
202122,Academic year,Regional,E92000001,England,E12000005,West Midlands,0-10%,Urban,Total,Pupil residence,Provisional,404,13243,555227.13,41.9,12591,95.1,4834,36.5,7329,55.3,3909,29.5,46944.44,3.54,1414,10.7,2111,15.9,12451,-3247.283,-0.26,-0.29,-0.24
202122,Academic year,Regional,E92000001,England,E12000005,West Midlands,10-20%,Rural,Total,Pupil residence,Provisional,13,44,1501,34.1,39,88.6,13,29.5,20,45.5,9,20.5,123.65,2.81,2,4.5,3,6.8,42,-37.542,-0.89,-1.32,-0.47
202122,Academic year,Regional,E92000001,England,E12000005,West Midlands,10-20%,Total,Total,Pupil residence,Provisional,437,10409,457095.38,43.9,9933,95.4,4254,40.9,6257,60.1,3534,34,39107.22,3.76,1365,13.1,1972,18.9,9707,-1294.612,-0.13,-0.16,-0.11
202122,Academic year,Regional,E92000001,England,E12000005,West Midlands,10-20%,Urban,Total,Pupil residence,Provisional,433,10365,455594.38,44,9894,95.5,4241,40.9,6237,60.2,3525,34,38983.57,3.76,1363,13.2,1969,19,9665,-1257.07,-0.13,-0.16,-0.1
202122,Academic year,Regional,E92000001,England,E12000005,West Midlands,20-30%,Rural,Total,Pupil residence,Provisional,73,328,14765,45,319,97.3,127,38.7,196,59.8,83,25.3,1254.48,3.82,36,11,48,14.6,320,-88.135,-0.28,-0.43,-0.12
202122,Academic year,Regional,E92000001,England,E12000005,West Midlands,20-30%,Total,Total,Pupil residence,Provisional,453,6867,308167.5,44.9,6611,96.3,2845,41.4,4188,61,2120,30.9,26316.99,3.83,910,13.3,1281,18.7,6437,-683.885,-0.11,-0.14,-0.07
202122,Academic year,Regional,E92000001,England,E12000005,West Midlands,20-30%,Urban,Total,Pupil residence,Provisional,433,6539,293402.5,44.9,6292,96.2,2718,41.6,3992,61,2037,31.2,25062.51,3.83,874,13.4,1233,18.9,6117,-595.75,-0.1,-0.13,-0.06
202122,Academic year,Regional,E92000001,England,E12000005,West Midlands,30-40%,Rural,Total,Pupil residence,Provisional,116,689,30212.5,43.8,661,95.9,271,39.3,424,61.5,214,31.1,2610.9,3.79,77,11.2,133,19.3,660,-233.71,-0.35,-0.46,-0.25
202122,Academic year,Regional,E92000001,England,E12000005,West Midlands,30-40%,Total,Total,Pupil residence,Provisional,449,5708,262333.5,46,5482,96,2524,44.2,3655,64,1821,31.9,22575.23,3.96,842,14.8,1174,20.6,5404,-768.11,-0.14,-0.18,-0.1
202122,Academic year,Regional,E92000001,England,E12000005,West Midlands,30-40%,Urban,Total,Pupil residence,Provisional,433,5019,232121,46.2,4821,96.1,2253,44.9,3231,64.4,1607,32,19964.33,3.98,765,15.2,1041,20.7,4744,-534.4,-0.11,-0.15,-0.07
202122,Academic year,Regional,E92000001,England,E12000005,West Midlands,40-50%,Rural,Total,Pupil residence,Provisional,122,611,27972,45.8,585,95.7,251,41.1,391,64,213,34.9,2431.32,3.98,95,15.5,132,21.6,591,-110.965,-0.19,-0.3,-0.07
202122,Academic year,Regional,E92000001,England,E12000005,West Midlands,40-50%,Total,Total,Pupil residence,Provisional,422,5182,248958.38,48,5014,96.8,2456,47.4,3530,68.1,1778,34.3,21513.62,4.15,917,17.7,1228,23.7,4918,-307.302,-0.06,-0.1,-0.02
202122,Academic year,Regional,E92000001,England,E12000005,West Midlands,40-50%,Urban,Total,Pupil residence,Provisional,406,4571,220986.38,48.3,4429,96.9,2205,48.2,3139,68.7,1565,34.2,19082.3,4.17,822,18,1096,24,4327,-196.337,-0.05,-0.09,0
202122,Academic year,Regional,E92000001,England,E12000005,West Midlands,50-60%,Rural,Total,Pupil residence,Provisional,176,1159,56279.13,48.6,1117,96.4,569,49.1,820,70.8,420,36.2,4913.04,4.24,220,19,300,25.9,1117,-92.425,-0.08,-0.17,0
202122,Academic year,Regional,E92000001,England,E12000005,West Midlands,50-60%,Total,Total,Pupil residence,Provisional,430,4797,240474.89,50.1,4644,96.8,2489,51.9,3464,72.2,1849,38.5,20935.29,4.36,989,20.6,1319,27.5,4601,15.009,0,-0.04,0.04
202122,Academic year,Regional,E92000001,England,E12000005,West Midlands,50-60%,Urban,Total,Pupil residence,Provisional,393,3638,184195.76,50.6,3527,96.9,1920,52.8,2644,72.7,1429,39.3,16022.25,4.4,769,21.1,1019,28,3484,107.434,0.03,-0.02,0.08
202122,Academic year,Regional,E92000001,England,E12000005,West Midlands,60-70%,Rural,Total,Pupil residence,Provisional,194,1452,73958.75,50.9,1415,97.5,754,51.9,1082,74.5,521,35.9,6438.46,4.43,286,19.7,384,26.4,1400,34.324,0.02,-0.05,0.1
202122,Academic year,Regional,E92000001,England,E12000005,West Midlands,60-70%,Total,Total,Pupil residence,Provisional,420,5205,266418.25,51.2,5060,97.2,2781,53.4,3872,74.4,1915,36.8,23174.85,4.45,1006,19.3,1372,26.4,5006,145.597,0.03,-0.01,0.07
202122,Academic year,Regional,E92000001,England,E12000005,West Midlands,60-70%,Urban,Total,Pupil residence,Provisional,390,3753,192459.5,51.3,3645,97.1,2027,54,2790,74.3,1394,37.1,16736.39,4.46,720,19.2,988,26.3,3606,111.273,0.03,-0.02,0.08
202122,Academic year,Regional,E92000001,England,E12000005,West Midlands,70-80%,Rural,Total,Pupil residence,Provisional,167,1301,69345,53.3,1265,97.2,735,56.5,998,76.7,556,42.7,6143.51,4.72,341,26.2,436,33.5,1244,175.401,0.14,0.06,0.22
202122,Academic year,Regional,E92000001,England,E12000005,West Midlands,70-80%,Total,Total,Pupil residence,Provisional,398,4811,254523.5,52.9,4693,97.5,2760,57.4,3658,76,2038,42.4,22444.65,4.67,1187,24.7,1553,32.3,4621,515.04,0.11,0.07,0.15
202122,Academic year,Regional,E92000001,England,E12000005,West Midlands,70-80%,Urban,Total,Pupil residence,Provisional,362,3510,185178.5,52.8,3428,97.7,2025,57.7,2660,75.8,1482,42.2,16301.14,4.64,846,24.1,1117,31.8,3377,339.639,0.1,0.05,0.15
202122,Academic year,Regional,E92000001,England,E12000005,West Midlands,80-90%,Rural,Total,Pupil residence,Provisional,184,1272,66589.75,52.4,1239,97.4,715,56.2,973,76.5,502,39.5,5860.94,4.61,287,22.6,385,30.3,1224,46.249,0.04,-0.04,0.12
202122,Academic year,Regional,E92000001,England,E12000005,West Midlands,80-90%,Total,Total,Pupil residence,Provisional,354,4829,260612.89,54,4730,97.9,2844,58.9,3817,79,2128,44.1,23026.3,4.77,1227,25.4,1602,33.2,4672,636.55,0.14,0.1,0.18
202122,Academic year,Regional,E92000001,England,E12000005,West Midlands,80-90%,Urban,Total,Pupil residence,Provisional,325,3557,194023.14,54.5,3491,98.1,2129,59.9,2844,80,1626,45.7,17165.36,4.83,940,26.4,1217,34.2,3448,590.301,0.17,0.12,0.22
202122,Academic year,Regional,E92000001,England,E12000005,West Midlands,90-100%,Rural,Total,Pupil residence,Provisional,149,1142,63019,55.2,1117,97.8,695,60.9,902,79,475,41.6,5574.13,4.88,317,27.8,383,33.5,1097,341.112,0.31,0.23,0.39
202122,Academic year,Regional,E92000001,England,E12000005,West Midlands,90-100%,Total,Total,Pupil residence,Provisional,317,4706,268826,57.1,4597,97.7,3110,66.1,3892,82.7,2249,47.8,23977.95,5.1,1467,31.2,1802,38.3,4504,1433.562,0.32,0.28,0.36
202122,Academic year,Regional,E92000001,England,E12000005,West Midlands,90-100%,Urban,Total,Pupil residence,Provisional,284,3564,205807,57.7,3480,97.6,2415,67.8,2990,83.9,1774,49.8,18403.82,5.16,1150,32.3,1419,39.8,3407,1092.45,0.32,0.27,0.37
202122,Academic year,Regional,E92000001,England,E12000005,West Midlands,Total,Rural,4 Rural - Town and fringe,Pupil residence,Provisional,267,3632,178674.88,49.2,3508,96.6,1783,49.1,2557,70.4,1314,36.2,15575.11,4.29,697,19.2,962,26.5,3517,-232.944,-0.07,-0.11,-0.02
202122,Academic year,Regional,E92000001,England,E12000005,West Midlands,Total,Rural,5 Rural - Village,Pupil residence,Provisional,258,2460,125939.25,51.2,2385,97,1323,53.8,1807,73.5,955,38.8,11068.23,4.5,539,21.9,704,28.6,2356,173.139,0.07,0.02,0.13
202122,Academic year,Regional,E92000001,England,E12000005,West Midlands,Total,Rural,6 Rural - Hamlet and isolated dwellings,Pupil residence,Provisional,239,1934,100112,51.8,1891,97.8,1032,53.4,1454,75.2,729,37.7,8794.91,4.55,427,22.1,540,27.9,1850,72.071,0.04,-0.03,0.1
202122,Academic year,Regional,E92000001,England,E12000005,West Midlands,Total,Rural,Total,Pupil residence,Provisional,356,8026,404726.13,50.4,7784,97,4138,51.6,5818,72.5,2998,37.4,35438.25,4.42,1663,20.7,2206,27.5,7723,12.266,0,-0.03,0.03
202122,Academic year,Regional,E92000001,England,E12000005,West Midlands,Total,Total,Total,Pupil residence,Provisional,545,65785,3123721.42,47.5,63382,96.3,30905,47,43674,66.4,23346,35.5,270104.36,4.11,11326,17.2,15416,23.4,62349,-3577.477,-0.06,-0.07,-0.05
202122,Academic year,Regional,E92000001,England,E12000005,West Midlands,Total,Urban,1 Urban - Major conurbation,Pupil residence,Provisional,311,33605,1597167.51,47.5,32395,96.4,15884,47.3,22185,66,12295,36.6,137808.08,4.1,5828,17.3,7894,23.5,31592,258.268,0.01,-0.01,0.02
202122,Academic year,Regional,E92000001,England,E12000005,West Midlands,Total,Urban,3 Urban - City and town,Pupil residence,Provisional,371,24154,1121827.78,46.4,23203,96.1,10883,45.1,15671,64.9,8053,33.3,96858.03,4.01,3835,15.9,5316,22,23034,-3848.011,-0.17,-0.19,-0.15
202122,Academic year,Regional,E92000001,England,E12000005,West Midlands,Total,Urban,Total,Pupil residence,Provisional,520,57759,2718995.29,47.1,55598,96.3,26767,46.3,37856,65.5,20348,35.2,234666.11,4.06,9663,16.7,13210,22.9,54626,-3589.743,-0.07,-0.08,-0.05
202122,Academic year,Regional,E92000001,England,E12000003,Yorkshire and The Humber,0-10%,Rural,Total,Pupil residence,Provisional,47,221,8914.75,40.3,209,94.6,76,34.4,121,54.8,47,21.3,761.81,3.45,21,9.5,31,14,217,-83.646,-0.39,-0.57,-0.2
202122,Academic year,Regional,E92000001,England,E12000003,Yorkshire and The Humber,0-10%,Total,Total,Pupil residence,Provisional,351,11161,430871.5,38.6,10515,94.2,3648,32.7,5701,51.1,3059,27.4,36502.92,3.27,1019,9.1,1541,13.8,10530,-4578.115,-0.43,-0.46,-0.41
202122,Academic year,Regional,E92000001,England,E12000003,Yorkshire and The Humber,0-10%,Urban,Total,Pupil residence,Provisional,347,10940,421956.75,38.6,10306,94.2,3572,32.7,5580,51,3012,27.5,35741.11,3.27,998,9.1,1510,13.8,10313,-4494.469,-0.44,-0.46,-0.41
202122,Academic year,Regional,E92000001,England,E12000003,Yorkshire and The Humber,10-20%,Rural,Total,Pupil residence,Provisional,73,450,18250.75,40.6,431,95.8,151,33.6,248,55.1,85,18.9,1541.03,3.42,43,9.6,59,13.1,444,-153.641,-0.35,-0.48,-0.22
202122,Academic year,Regional,E92000001,England,E12000003,Yorkshire and The Humber,10-20%,Total,Total,Pupil residence,Provisional,359,7892,327348.5,41.5,7520,95.3,2892,36.6,4467,56.6,2309,29.3,28015.46,3.55,914,11.6,1324,16.8,7510,-1916.246,-0.26,-0.29,-0.22
202122,Academic year,Regional,E92000001,England,E12000003,Yorkshire and The Humber,10-20%,Urban,Total,Pupil residence,Provisional,342,7442,309097.75,41.5,7089,95.3,2741,36.8,4219,56.7,2224,29.9,26474.43,3.56,871,11.7,1265,17,7066,-1762.605,-0.25,-0.28,-0.22
202122,Academic year,Regional,E92000001,England,E12000003,Yorkshire and The Humber,20-30%,Rural,Total,Pupil residence,Provisional,85,432,18958.25,43.9,420,97.2,175,40.5,271,62.7,126,29.2,1623.63,3.76,57,13.2,76,17.6,426,-141.565,-0.33,-0.47,-0.2
202122,Academic year,Regional,E92000001,England,E12000003,Yorkshire and The Humber,20-30%,Total,Total,Pupil residence,Provisional,360,7081,310070.75,43.8,6790,95.9,2939,41.5,4358,61.5,2236,31.6,26709.32,3.77,924,13,1338,18.9,6735,-1407.993,-0.21,-0.24,-0.18
202122,Academic year,Regional,E92000001,England,E12000003,Yorkshire and The Humber,20-30%,Urban,Total,Pupil residence,Provisional,351,6649,291112.5,43.8,6370,95.8,2764,41.6,4087,61.5,2110,31.7,25085.69,3.77,867,13,1262,19,6309,-1266.428,-0.2,-0.24,-0.17
202122,Academic year,Regional,E92000001,England,E12000003,Yorkshire and The Humber,30-40%,Rural,Total,Pupil residence,Provisional,94,619,28069.25,45.3,595,96.1,270,43.6,404,65.3,151,24.4,2374.24,3.84,76,12.3,112,18.1,610,-108.435,-0.18,-0.29,-0.07
202122,Academic year,Regional,E92000001,England,E12000003,Yorkshire and The Humber,30-40%,Total,Total,Pupil residence,Provisional,337,5339,246456,46.2,5144,96.3,2458,46,3504,65.6,1725,32.3,21203.85,3.97,827,15.5,1145,21.4,5161,-340.859,-0.07,-0.1,-0.03
202122,Academic year,Regional,E92000001,England,E12000003,Yorkshire and The Humber,30-40%,Urban,Total,Pupil residence,Provisional,326,4720,218386.75,46.3,4549,96.4,2188,46.4,3100,65.7,1574,33.3,18829.61,3.99,751,15.9,1033,21.9,4551,-232.424,-0.05,-0.09,-0.01
202122,Academic year,Regional,E92000001,England,E12000003,Yorkshire and The Humber,40-50%,Rural,Total,Pupil residence,Provisional,132,704,34678.5,49.3,680,96.6,346,49.1,495,70.3,230,32.7,3004.39,4.27,139,19.7,177,25.1,687,-12.571,-0.02,-0.12,0.09
202122,Academic year,Regional,E92000001,England,E12000003,Yorkshire and The Humber,40-50%,Total,Total,Pupil residence,Provisional,356,4474,214440.5,47.9,4337,96.9,2159,48.3,3060,68.4,1519,34,18611.19,4.16,813,18.2,1046,23.4,4341,36.717,0.01,-0.03,0.05
202122,Academic year,Regional,E92000001,England,E12000003,Yorkshire and The Humber,40-50%,Urban,Total,Pupil residence,Provisional,337,3770,179762,47.7,3657,97,1813,48.1,2565,68,1289,34.2,15606.8,4.14,674,17.9,869,23.1,3654,49.288,0.01,-0.03,0.06
202122,Academic year,Regional,E92000001,England,E12000003,Yorkshire and The Humber,50-60%,Rural,Total,Pupil residence,Provisional,142,1047,51438.75,49.1,1014,96.8,533,50.9,743,71,371,35.4,4462.09,4.26,204,19.5,272,26,1024,26.301,0.03,-0.06,0.11
202122,Academic year,Regional,E92000001,England,E12000003,Yorkshire and The Humber,50-60%,Total,Total,Pupil residence,Provisional,346,4439,218200.75,49.2,4306,97,2322,52.3,3175,71.5,1570,35.4,18919.28,4.26,842,19,1120,25.2,4320,10.832,0,-0.04,0.04
202122,Academic year,Regional,E92000001,England,E12000003,Yorkshire and The Humber,50-60%,Urban,Total,Pupil residence,Provisional,321,3392,166762,49.2,3292,97.1,1789,52.7,2432,71.7,1199,35.3,14457.19,4.26,638,18.8,848,25,3296,-15.469,0,-0.05,0.04
202122,Academic year,Regional,E92000001,England,E12000003,Yorkshire and The Humber,60-70%,Rural,Total,Pupil residence,Provisional,149,1117,57399.75,51.4,1091,97.7,623,55.8,831,74.4,412,36.9,5019.87,4.49,220,19.7,307,27.5,1082,97.884,0.09,0.01,0.17
202122,Academic year,Regional,E92000001,England,E12000003,Yorkshire and The Humber,60-70%,Total,Total,Pupil residence,Provisional,325,4354,225734.25,51.8,4233,97.2,2486,57.1,3292,75.6,1660,38.1,19799.61,4.55,950,21.8,1223,28.1,4253,420.785,0.1,0.06,0.14
202122,Academic year,Regional,E92000001,England,E12000003,Yorkshire and The Humber,60-70%,Urban,Total,Pupil residence,Provisional,291,3237,168334.5,52,3142,97.1,1863,57.6,2461,76,1248,38.6,14779.74,4.57,730,22.6,916,28.3,3171,322.901,0.1,0.05,0.15
202122,Academic year,Regional,E92000001,England,E12000003,Yorkshire and The Humber,70-80%,Rural,Total,Pupil residence,Provisional,175,1356,70501.25,52,1329,98,776,57.2,1030,76,527,38.9,6207.52,4.58,292,21.5,388,28.6,1324,161.185,0.12,0.05,0.2
202122,Academic year,Regional,E92000001,England,E12000003,Yorkshire and The Humber,70-80%,Total,Total,Pupil residence,Provisional,324,4966,261910.5,52.7,4849,97.6,2957,59.5,3848,77.5,1992,40.1,23083.66,4.65,1178,23.7,1494,30.1,4839,644.477,0.13,0.09,0.17
202122,Academic year,Regional,E92000001,England,E12000003,Yorkshire and The Humber,70-80%,Urban,Total,Pupil residence,Provisional,292,3610,191409.25,53,3520,97.5,2181,60.4,2818,78.1,1465,40.6,16876.14,4.67,886,24.5,1106,30.6,3515,483.292,0.14,0.09,0.18
202122,Academic year,Regional,E92000001,England,E12000003,Yorkshire and The Humber,80-90%,Rural,Total,Pupil residence,Provisional,173,1783,95518.5,53.6,1744,97.8,1052,59,1366,76.6,697,39.1,8396.77,4.71,435,24.4,555,31.1,1734,456.216,0.26,0.2,0.33
202122,Academic year,Regional,E92000001,England,E12000003,Yorkshire and The Humber,80-90%,Total,Total,Pupil residence,Provisional,311,5007,273705.75,54.7,4904,97.9,3125,62.4,4008,80,2184,43.6,24250.49,4.84,1373,27.4,1725,34.5,4876,1283.112,0.26,0.22,0.3
202122,Academic year,Regional,E92000001,England,E12000003,Yorkshire and The Humber,80-90%,Urban,Total,Pupil residence,Provisional,268,3224,178187.25,55.3,3160,98,2073,64.3,2642,81.9,1487,46.1,15853.72,4.92,938,29.1,1170,36.3,3142,826.896,0.26,0.21,0.31
202122,Academic year,Regional,E92000001,England,E12000003,Yorkshire and The Humber,90-100%,Rural,Total,Pupil residence,Provisional,133,1560,89072.75,57.1,1534,98.3,1031,66.1,1309,83.9,748,47.9,7986.44,5.12,495,31.7,598,38.3,1503,564.451,0.38,0.3,0.45
202122,Academic year,Regional,E92000001,England,E12000003,Yorkshire and The Humber,90-100%,Total,Total,Pupil residence,Provisional,263,5166,298486.25,57.8,5088,98.5,3546,68.6,4407,85.3,2525,48.9,26807.35,5.19,1747,33.8,2092,40.5,4995,1792.078,0.36,0.32,0.4
202122,Academic year,Regional,E92000001,England,E12000003,Yorkshire and The Humber,90-100%,Urban,Total,Pupil residence,Provisional,234,3606,209413.5,58.1,3554,98.6,2515,69.7,3098,85.9,1777,49.3,18820.91,5.22,1252,34.7,1494,41.4,3492,1227.627,0.35,0.3,0.4
202122,Academic year,Regional,E92000001,England,E12000003,Yorkshire and The Humber,Total,Rural,4 Rural - Town and fringe,Pupil residence,Provisional,283,5646,279888.5,49.6,5491,97.3,2912,51.6,4018,71.2,1970,34.9,24424.48,4.33,1125,19.9,1479,26.2,5531,34.458,0.01,-0.03,0.04
202122,Academic year,Regional,E92000001,England,E12000003,Yorkshire and The Humber,Total,Rural,5 Rural - Village,Pupil residence,Provisional,228,2383,124849.25,52.4,2326,97.6,1366,57.3,1810,76,898,37.7,10940.86,4.59,534,22.4,691,29,2313,448.953,0.19,0.14,0.25
202122,Academic year,Regional,E92000001,England,E12000003,Yorkshire and The Humber,Total,Rural,6 Rural - Hamlet and isolated dwellings,Pupil residence,Provisional,195,1260,68064.75,54,1230,97.6,755,59.9,990,78.6,526,41.7,6012.45,4.77,323,25.6,405,32.1,1207,322.768,0.27,0.19,0.35
202122,Academic year,Regional,E92000001,England,E12000003,Yorkshire and The Humber,Total,Rural,Total,Pupil residence,Provisional,339,9289,472802.5,50.9,9047,97.4,5033,54.2,6818,73.4,3394,36.5,41377.79,4.45,1982,21.3,2575,27.7,9051,806.179,0.09,0.06,0.12
202122,Academic year,Regional,E92000001,England,E12000003,Yorkshire and The Humber,Total,Total,Total,Pupil residence,Provisional,443,59879,2807224.75,46.9,57686,96.3,28532,47.6,39820,66.5,20779,34.7,243903.13,4.07,10587,17.7,14048,23.5,57560,-4055.212,-0.07,-0.08,-0.06
202122,Academic year,Regional,E92000001,England,E12000003,Yorkshire and The Humber,Total,Urban,1 Urban - Major conurbation,Pupil residence,Provisional,173,21534,996585.25,46.3,20659,95.9,10247,47.6,14100,65.5,7922,36.8,87142.47,4.05,3795,17.6,5075,23.6,20526,-917.096,-0.04,-0.06,-0.03
202122,Academic year,Regional,E92000001,England,E12000003,Yorkshire and The Humber,Total,Urban,2 Urban - minor conurbation,Pupil residence,Provisional,124,12227,556009.25,45.5,11759,96.2,5513,45.1,7871,64.4,3855,31.5,47602.39,3.89,1900,15.5,2554,20.9,11702,-1633.785,-0.14,-0.17,-0.11
202122,Academic year,Regional,E92000001,England,E12000003,Yorkshire and The Humber,Total,Urban,3 Urban - City and town,Pupil residence,Provisional,334,16829,781827.75,46.5,16221,96.4,7739,46,11031,65.5,5608,33.3,67780.48,4.03,2910,17.3,3844,22.8,16281,-2310.51,-0.14,-0.16,-0.12
202122,Academic year,Regional,E92000001,England,E12000003,Yorkshire and The Humber,Total,Urban,Total,Pupil residence,Provisional,417,50590,2334422.25,46.1,48639,96.1,23499,46.4,33002,65.2,17385,34.4,202525.34,4,8605,17,11473,22.7,48509,-4861.391,-0.1,-0.11,-0.09
