time_period,time_identifier,version,geographic_level,country_code,country_name,school_type,subject,qualification_type,grade,number_achieving
202122,Academic year,Provisional,National,E92000001,England,All Schools,Ancient History,GCSE,Total exam entries,1072
202122,Academic year,Provisional,National,E92000001,England,All Schools,Ancient History,GCSE,9,144
202122,Academic year,Provisional,National,E92000001,England,All Schools,Ancient History,GCSE,8,158
202122,Academic year,Provisional,National,E92000001,England,All Schools,Ancient History,GCSE,7,177
202122,Academic year,Provisional,National,E92000001,England,All Schools,Ancient History,GCSE,6,158
202122,Academic year,Provisional,National,E92000001,England,All Schools,Ancient History,GCSE,5,117
202122,Academic year,Provisional,National,E92000001,England,All Schools,Ancient History,GCSE,4,93
202122,Academic year,Provisional,National,E92000001,England,All Schools,Ancient History,GCSE,3,67
202122,Academic year,Provisional,National,E92000001,England,All Schools,Ancient History,GCSE,2,59
202122,Academic year,Provisional,National,E92000001,England,All Schools,Ancient History,GCSE,1,42
202122,Academic year,Provisional,National,E92000001,England,All Schools,Ancient History,GCSE,U,51
202122,Academic year,Provisional,National,E92000001,England,All Schools,Ancient History,GCSE,X,6
202122,Academic year,Provisional,National,E92000001,England,All Schools,Any classical study,GCSE,Total exam entries,13653
202122,Academic year,Provisional,National,E92000001,England,All Schools,Any classical study,GCSE,9,5053
202122,Academic year,Provisional,National,E92000001,England,All Schools,Any classical study,GCSE,8,2797
202122,Academic year,Provisional,National,E92000001,England,All Schools,Any classical study,GCSE,7,1999
202122,Academic year,Provisional,National,E92000001,England,All Schools,Any classical study,GCSE,6,1540
202122,Academic year,Provisional,National,E92000001,England,All Schools,Any classical study,GCSE,5,982
202122,Academic year,Provisional,National,E92000001,England,All Schools,Any classical study,GCSE,4,597
202122,Academic year,Provisional,National,E92000001,England,All Schools,Any classical study,GCSE,3,331
202122,Academic year,Provisional,National,E92000001,England,All Schools,Any classical study,GCSE,2,183
202122,Academic year,Provisional,National,E92000001,England,All Schools,Any classical study,GCSE,1,92
202122,Academic year,Provisional,National,E92000001,England,All Schools,Any classical study,GCSE,U,38
202122,Academic year,Provisional,National,E92000001,England,All Schools,Any classical study,GCSE,X,41
202122,Academic year,Provisional,National,E92000001,England,All Schools,Any design & technology,GCSE,Total exam entries,129577
202122,Academic year,Provisional,National,E92000001,England,All Schools,Any design & technology,GCSE,9,8369
202122,Academic year,Provisional,National,E92000001,England,All Schools,Any design & technology,GCSE,8,10866
202122,Academic year,Provisional,National,E92000001,England,All Schools,Any design & technology,GCSE,7,13913
202122,Academic year,Provisional,National,E92000001,England,All Schools,Any design & technology,GCSE,6,20281
202122,Academic year,Provisional,National,E92000001,England,All Schools,Any design & technology,GCSE,5,20717
202122,Academic year,Provisional,National,E92000001,England,All Schools,Any design & technology,GCSE,4,18792
202122,Academic year,Provisional,National,E92000001,England,All Schools,Any design & technology,GCSE,3,18037
202122,Academic year,Provisional,National,E92000001,England,All Schools,Any design & technology,GCSE,2,11009
202122,Academic year,Provisional,National,E92000001,England,All Schools,Any design & technology,GCSE,1,5092
202122,Academic year,Provisional,National,E92000001,England,All Schools,Any design & technology,GCSE,U,1895
202122,Academic year,Provisional,National,E92000001,England,All Schools,Any design & technology,GCSE,X,606
202122,Academic year,Provisional,National,E92000001,England,All Schools,Any modern language,GCSE,Total exam entries,303578
202122,Academic year,Provisional,National,E92000001,England,All Schools,Any modern language,GCSE,9,37050
202122,Academic year,Provisional,National,E92000001,England,All Schools,Any modern language,GCSE,8,31271
202122,Academic year,Provisional,National,E92000001,England,All Schools,Any modern language,GCSE,7,37332
202122,Academic year,Provisional,National,E92000001,England,All Schools,Any modern language,GCSE,6,28006
202122,Academic year,Provisional,National,E92000001,England,All Schools,Any modern language,GCSE,5,75727
202122,Academic year,Provisional,National,E92000001,England,All Schools,Any modern language,GCSE,4,31224
202122,Academic year,Provisional,National,E92000001,England,All Schools,Any modern language,GCSE,3,36560
202122,Academic year,Provisional,National,E92000001,England,All Schools,Any modern language,GCSE,2,15251
202122,Academic year,Provisional,National,E92000001,England,All Schools,Any modern language,GCSE,1,5135
202122,Academic year,Provisional,National,E92000001,England,All Schools,Any modern language,GCSE,U,3956
202122,Academic year,Provisional,National,E92000001,England,All Schools,Any modern language,GCSE,X,2066
202122,Academic year,Provisional,National,E92000001,England,All Schools,Any science,GCSE,Total exam entries,1004948
202122,Academic year,Provisional,National,E92000001,England,All Schools,Any science,GCSE,9,88080
202122,Academic year,Provisional,National,E92000001,England,All Schools,Any science,GCSE,8,93813
202122,Academic year,Provisional,National,E92000001,England,All Schools,Any science,GCSE,7,97021
202122,Academic year,Provisional,National,E92000001,England,All Schools,Any science,GCSE,6,107331
202122,Academic year,Provisional,National,E92000001,England,All Schools,Any science,GCSE,5,87115
202122,Academic year,Provisional,National,E92000001,England,All Schools,Any science,GCSE,4,51089
202122,Academic year,Provisional,National,E92000001,England,All Schools,Any science,GCSE,3,28596
202122,Academic year,Provisional,National,E92000001,England,All Schools,Any science,GCSE,2,14228
202122,Academic year,Provisional,National,E92000001,England,All Schools,Any science,GCSE,1,7326
202122,Academic year,Provisional,National,E92000001,England,All Schools,Any science,GCSE,99,5491
202122,Academic year,Provisional,National,E92000001,England,All Schools,Any science,GCSE,98,4989
202122,Academic year,Provisional,National,E92000001,England,All Schools,Any science,GCSE,88,7783
202122,Academic year,Provisional,National,E92000001,England,All Schools,Any science,GCSE,87,10670
202122,Academic year,Provisional,National,E92000001,England,All Schools,Any science,GCSE,77,14425
202122,Academic year,Provisional,National,E92000001,England,All Schools,Any science,GCSE,76,19589
202122,Academic year,Provisional,National,E92000001,England,All Schools,Any science,GCSE,66,23090
202122,Academic year,Provisional,National,E92000001,England,All Schools,Any science,GCSE,65,24851
202122,Academic year,Provisional,National,E92000001,England,All Schools,Any science,GCSE,55,53962
202122,Academic year,Provisional,National,E92000001,England,All Schools,Any science,GCSE,54,45997
202122,Academic year,Provisional,National,E92000001,England,All Schools,Any science,GCSE,44,43585
202122,Academic year,Provisional,National,E92000001,England,All Schools,Any science,GCSE,43,51967
202122,Academic year,Provisional,National,E92000001,England,All Schools,Any science,GCSE,33,39798
202122,Academic year,Provisional,National,E92000001,England,All Schools,Any science,GCSE,32,28131
202122,Academic year,Provisional,National,E92000001,England,All Schools,Any science,GCSE,22,18770
202122,Academic year,Provisional,National,E92000001,England,All Schools,Any science,GCSE,21,12248
202122,Academic year,Provisional,National,E92000001,England,All Schools,Any science,GCSE,11,7397
202122,Academic year,Provisional,National,E92000001,England,All Schools,Any science,GCSE,U,11274
202122,Academic year,Provisional,National,E92000001,England,All Schools,Any science,GCSE,X,6332
202122,Academic year,Provisional,National,E92000001,England,All Schools,Any subject,GCSE,Total exam entries,628525
202122,Academic year,Provisional,National,E92000001,England,All Schools,Any subject,GCSE,9,0
202122,Academic year,Provisional,National,E92000001,England,All Schools,Any subject,GCSE,8,0
202122,Academic year,Provisional,National,E92000001,England,All Schools,Any subject,GCSE,7,0
202122,Academic year,Provisional,National,E92000001,England,All Schools,Any subject,GCSE,6,0
202122,Academic year,Provisional,National,E92000001,England,All Schools,Any subject,GCSE,5,0
202122,Academic year,Provisional,National,E92000001,England,All Schools,Any subject,GCSE,4,0
202122,Academic year,Provisional,National,E92000001,England,All Schools,Any subject,GCSE,3,0
202122,Academic year,Provisional,National,E92000001,England,All Schools,Any subject,GCSE,2,0
202122,Academic year,Provisional,National,E92000001,England,All Schools,Any subject,GCSE,1,0
202122,Academic year,Provisional,National,E92000001,England,All Schools,Any subject,GCSE,U,0
202122,Academic year,Provisional,National,E92000001,England,All Schools,Any subject,GCSE,X,0
202122,Academic year,Provisional,National,E92000001,England,All Schools,Art and Design,GCSE,Total exam entries,190618
202122,Academic year,Provisional,National,E92000001,England,All Schools,Art and Design,GCSE,9,12452
202122,Academic year,Provisional,National,E92000001,England,All Schools,Art and Design,GCSE,8,16612
202122,Academic year,Provisional,National,E92000001,England,All Schools,Art and Design,GCSE,7,24387
202122,Academic year,Provisional,National,E92000001,England,All Schools,Art and Design,GCSE,6,37362
202122,Academic year,Provisional,National,E92000001,England,All Schools,Art and Design,GCSE,5,35005
202122,Academic year,Provisional,National,E92000001,England,All Schools,Art and Design,GCSE,4,28744
202122,Academic year,Provisional,National,E92000001,England,All Schools,Art and Design,GCSE,3,21064
202122,Academic year,Provisional,National,E92000001,England,All Schools,Art and Design,GCSE,2,9329
202122,Academic year,Provisional,National,E92000001,England,All Schools,Art and Design,GCSE,1,3737
202122,Academic year,Provisional,National,E92000001,England,All Schools,Art and Design,GCSE,U,777
202122,Academic year,Provisional,National,E92000001,England,All Schools,Art and Design,GCSE,X,1149
202122,Academic year,Provisional,National,E92000001,England,All Schools,Biblical Hebrew,GCSE,Total exam entries,562
202122,Academic year,Provisional,National,E92000001,England,All Schools,Biblical Hebrew,GCSE,9,111
202122,Academic year,Provisional,National,E92000001,England,All Schools,Biblical Hebrew,GCSE,8,110
202122,Academic year,Provisional,National,E92000001,England,All Schools,Biblical Hebrew,GCSE,7,122
202122,Academic year,Provisional,National,E92000001,England,All Schools,Biblical Hebrew,GCSE,6,100
202122,Academic year,Provisional,National,E92000001,England,All Schools,Biblical Hebrew,GCSE,5,59
202122,Academic year,Provisional,National,E92000001,England,All Schools,Biblical Hebrew,GCSE,4,30
202122,Academic year,Provisional,National,E92000001,England,All Schools,Biblical Hebrew,GCSE,3,9
202122,Academic year,Provisional,National,E92000001,England,All Schools,Biblical Hebrew,GCSE,2,7
202122,Academic year,Provisional,National,E92000001,England,All Schools,Biblical Hebrew,GCSE,1,4
202122,Academic year,Provisional,National,E92000001,England,All Schools,Biblical Hebrew,GCSE,U,4
202122,Academic year,Provisional,National,E92000001,England,All Schools,Biblical Hebrew,GCSE,X,6
202122,Academic year,Provisional,National,E92000001,England,All Schools,Biology,GCSE,Total exam entries,169570
202122,Academic year,Provisional,National,E92000001,England,All Schools,Biology,GCSE,9,27851
202122,Academic year,Provisional,National,E92000001,England,All Schools,Biology,GCSE,8,27857
202122,Academic year,Provisional,National,E92000001,England,All Schools,Biology,GCSE,7,30195
202122,Academic year,Provisional,National,E92000001,England,All Schools,Biology,GCSE,6,33140
202122,Academic year,Provisional,National,E92000001,England,All Schools,Biology,GCSE,5,25040
202122,Academic year,Provisional,National,E92000001,England,All Schools,Biology,GCSE,4,12369
202122,Academic year,Provisional,National,E92000001,England,All Schools,Biology,GCSE,3,7157
202122,Academic year,Provisional,National,E92000001,England,All Schools,Biology,GCSE,2,3164
202122,Academic year,Provisional,National,E92000001,England,All Schools,Biology,GCSE,1,1396
202122,Academic year,Provisional,National,E92000001,England,All Schools,Biology,GCSE,U,683
202122,Academic year,Provisional,National,E92000001,England,All Schools,Biology,GCSE,X,718
202122,Academic year,Provisional,National,E92000001,England,All Schools,Business,GCSE,Total exam entries,99590
202122,Academic year,Provisional,National,E92000001,England,All Schools,Business,GCSE,9,7194
202122,Academic year,Provisional,National,E92000001,England,All Schools,Business,GCSE,8,9232
202122,Academic year,Provisional,National,E92000001,England,All Schools,Business,GCSE,7,11823
202122,Academic year,Provisional,National,E92000001,England,All Schools,Business,GCSE,6,16893
202122,Academic year,Provisional,National,E92000001,England,All Schools,Business,GCSE,5,16430
202122,Academic year,Provisional,National,E92000001,England,All Schools,Business,GCSE,4,13006
202122,Academic year,Provisional,National,E92000001,England,All Schools,Business,GCSE,3,12306
202122,Academic year,Provisional,National,E92000001,England,All Schools,Business,GCSE,2,7167
202122,Academic year,Provisional,National,E92000001,England,All Schools,Business,GCSE,1,3858
202122,Academic year,Provisional,National,E92000001,England,All Schools,Business,GCSE,U,1018
202122,Academic year,Provisional,National,E92000001,England,All Schools,Business,GCSE,X,663
202122,Academic year,Provisional,National,E92000001,England,All Schools,Chemistry,GCSE,Total exam entries,165100
202122,Academic year,Provisional,National,E92000001,England,All Schools,Chemistry,GCSE,9,26562
202122,Academic year,Provisional,National,E92000001,England,All Schools,Chemistry,GCSE,8,27386
202122,Academic year,Provisional,National,E92000001,England,All Schools,Chemistry,GCSE,7,28145
202122,Academic year,Provisional,National,E92000001,England,All Schools,Chemistry,GCSE,6,29451
202122,Academic year,Provisional,National,E92000001,England,All Schools,Chemistry,GCSE,5,25894
202122,Academic year,Provisional,National,E92000001,England,All Schools,Chemistry,GCSE,4,15585
202122,Academic year,Provisional,National,E92000001,England,All Schools,Chemistry,GCSE,3,6946
202122,Academic year,Provisional,National,E92000001,England,All Schools,Chemistry,GCSE,2,2946
202122,Academic year,Provisional,National,E92000001,England,All Schools,Chemistry,GCSE,1,1129
202122,Academic year,Provisional,National,E92000001,England,All Schools,Chemistry,GCSE,U,563
202122,Academic year,Provisional,National,E92000001,England,All Schools,Chemistry,GCSE,X,493
202122,Academic year,Provisional,National,E92000001,England,All Schools,Classical Civilisation,GCSE,Total exam entries,3454
202122,Academic year,Provisional,National,E92000001,England,All Schools,Classical Civilisation,GCSE,9,626
202122,Academic year,Provisional,National,E92000001,England,All Schools,Classical Civilisation,GCSE,8,570
202122,Academic year,Provisional,National,E92000001,England,All Schools,Classical Civilisation,GCSE,7,622
202122,Academic year,Provisional,National,E92000001,England,All Schools,Classical Civilisation,GCSE,6,597
202122,Academic year,Provisional,National,E92000001,England,All Schools,Classical Civilisation,GCSE,5,438
202122,Academic year,Provisional,National,E92000001,England,All Schools,Classical Civilisation,GCSE,4,287
202122,Academic year,Provisional,National,E92000001,England,All Schools,Classical Civilisation,GCSE,3,172
202122,Academic year,Provisional,National,E92000001,England,All Schools,Classical Civilisation,GCSE,2,74
202122,Academic year,Provisional,National,E92000001,England,All Schools,Classical Civilisation,GCSE,1,45
202122,Academic year,Provisional,National,E92000001,England,All Schools,Classical Civilisation,GCSE,U,14
202122,Academic year,Provisional,National,E92000001,England,All Schools,Classical Civilisation,GCSE,X,9
202122,Academic year,Provisional,National,E92000001,England,All Schools,Classical Greek,GCSE,Total exam entries,982
202122,Academic year,Provisional,National,E92000001,England,All Schools,Classical Greek,GCSE,9,569
202122,Academic year,Provisional,National,E92000001,England,All Schools,Classical Greek,GCSE,8,217
202122,Academic year,Provisional,National,E92000001,England,All Schools,Classical Greek,GCSE,7,106
202122,Academic year,Provisional,National,E92000001,England,All Schools,Classical Greek,GCSE,6,36
202122,Academic year,Provisional,National,E92000001,England,All Schools,Classical Greek,GCSE,5,19
202122,Academic year,Provisional,National,E92000001,England,All Schools,Classical Greek,GCSE,4,13
202122,Academic year,Provisional,National,E92000001,England,All Schools,Classical Greek,GCSE,3,14
202122,Academic year,Provisional,National,E92000001,England,All Schools,Classical Greek,GCSE,2,6
202122,Academic year,Provisional,National,E92000001,England,All Schools,Classical Greek,GCSE,1,0
202122,Academic year,Provisional,National,E92000001,England,All Schools,Classical Greek,GCSE,U,0
202122,Academic year,Provisional,National,E92000001,England,All Schools,Classical Greek,GCSE,X,2
202122,Academic year,Provisional,National,E92000001,England,All Schools,Combined Science,GCSE,Total exam entries,424704
202122,Academic year,Provisional,National,E92000001,England,All Schools,Combined Science,GCSE,9,0
202122,Academic year,Provisional,National,E92000001,England,All Schools,Combined Science,GCSE,8,0
202122,Academic year,Provisional,National,E92000001,England,All Schools,Combined Science,GCSE,7,0
202122,Academic year,Provisional,National,E92000001,England,All Schools,Combined Science,GCSE,6,0
202122,Academic year,Provisional,National,E92000001,England,All Schools,Combined Science,GCSE,5,0
202122,Academic year,Provisional,National,E92000001,England,All Schools,Combined Science,GCSE,4,0
202122,Academic year,Provisional,National,E92000001,England,All Schools,Combined Science,GCSE,3,0
202122,Academic year,Provisional,National,E92000001,England,All Schools,Combined Science,GCSE,2,0
202122,Academic year,Provisional,National,E92000001,England,All Schools,Combined Science,GCSE,1,0
202122,Academic year,Provisional,National,E92000001,England,All Schools,Combined Science,GCSE,99,5491
202122,Academic year,Provisional,National,E92000001,England,All Schools,Combined Science,GCSE,98,4989
202122,Academic year,Provisional,National,E92000001,England,All Schools,Combined Science,GCSE,88,7783
202122,Academic year,Provisional,National,E92000001,England,All Schools,Combined Science,GCSE,87,10670
202122,Academic year,Provisional,National,E92000001,England,All Schools,Combined Science,GCSE,77,14425
202122,Academic year,Provisional,National,E92000001,England,All Schools,Combined Science,GCSE,76,19589
202122,Academic year,Provisional,National,E92000001,England,All Schools,Combined Science,GCSE,66,23090
202122,Academic year,Provisional,National,E92000001,England,All Schools,Combined Science,GCSE,65,24851
202122,Academic year,Provisional,National,E92000001,England,All Schools,Combined Science,GCSE,55,53962
202122,Academic year,Provisional,National,E92000001,England,All Schools,Combined Science,GCSE,54,45997
202122,Academic year,Provisional,National,E92000001,England,All Schools,Combined Science,GCSE,44,43585
202122,Academic year,Provisional,National,E92000001,England,All Schools,Combined Science,GCSE,43,51967
202122,Academic year,Provisional,National,E92000001,England,All Schools,Combined Science,GCSE,33,39798
202122,Academic year,Provisional,National,E92000001,England,All Schools,Combined Science,GCSE,32,28131
202122,Academic year,Provisional,National,E92000001,England,All Schools,Combined Science,GCSE,22,18770
202122,Academic year,Provisional,National,E92000001,England,All Schools,Combined Science,GCSE,21,12248
202122,Academic year,Provisional,National,E92000001,England,All Schools,Combined Science,GCSE,11,7397
202122,Academic year,Provisional,National,E92000001,England,All Schools,Combined Science,GCSE,U,7789
202122,Academic year,Provisional,National,E92000001,England,All Schools,Combined Science,GCSE,X,4172
202122,Academic year,Provisional,National,E92000001,England,All Schools,Computer Science,GCSE,Total exam entries,78453
202122,Academic year,Provisional,National,E92000001,England,All Schools,Computer Science,GCSE,9,7287
202122,Academic year,Provisional,National,E92000001,England,All Schools,Computer Science,GCSE,8,9548
202122,Academic year,Provisional,National,E92000001,England,All Schools,Computer Science,GCSE,7,9925
202122,Academic year,Provisional,National,E92000001,England,All Schools,Computer Science,GCSE,6,11843
202122,Academic year,Provisional,National,E92000001,England,All Schools,Computer Science,GCSE,5,10825
202122,Academic year,Provisional,National,E92000001,England,All Schools,Computer Science,GCSE,4,9469
202122,Academic year,Provisional,National,E92000001,England,All Schools,Computer Science,GCSE,3,7817
202122,Academic year,Provisional,National,E92000001,England,All Schools,Computer Science,GCSE,2,5970
202122,Academic year,Provisional,National,E92000001,England,All Schools,Computer Science,GCSE,1,3850
202122,Academic year,Provisional,National,E92000001,England,All Schools,Computer Science,GCSE,U,1574
202122,Academic year,Provisional,National,E92000001,England,All Schools,Computer Science,GCSE,X,345
202122,Academic year,Provisional,National,E92000001,England,All Schools,Dance,GCSE,Total exam entries,8276
202122,Academic year,Provisional,National,E92000001,England,All Schools,Dance,GCSE,9,856
202122,Academic year,Provisional,National,E92000001,England,All Schools,Dance,GCSE,8,998
202122,Academic year,Provisional,National,E92000001,England,All Schools,Dance,GCSE,7,1161
202122,Academic year,Provisional,National,E92000001,England,All Schools,Dance,GCSE,6,1395
202122,Academic year,Provisional,National,E92000001,England,All Schools,Dance,GCSE,5,1276
202122,Academic year,Provisional,National,E92000001,England,All Schools,Dance,GCSE,4,992
202122,Academic year,Provisional,National,E92000001,England,All Schools,Dance,GCSE,3,854
202122,Academic year,Provisional,National,E92000001,England,All Schools,Dance,GCSE,2,435
202122,Academic year,Provisional,National,E92000001,England,All Schools,Dance,GCSE,1,165
202122,Academic year,Provisional,National,E92000001,England,All Schools,Dance,GCSE,U,106
202122,Academic year,Provisional,National,E92000001,England,All Schools,Dance,GCSE,X,38
202122,Academic year,Provisional,National,E92000001,England,All Schools,Design & Technology,GCSE,Total exam entries,77949
202122,Academic year,Provisional,National,E92000001,England,All Schools,Design & Technology,GCSE,9,5532
202122,Academic year,Provisional,National,E92000001,England,All Schools,Design & Technology,GCSE,8,6868
202122,Academic year,Provisional,National,E92000001,England,All Schools,Design & Technology,GCSE,7,8451
202122,Academic year,Provisional,National,E92000001,England,All Schools,Design & Technology,GCSE,6,11915
202122,Academic year,Provisional,National,E92000001,England,All Schools,Design & Technology,GCSE,5,11951
202122,Academic year,Provisional,National,E92000001,England,All Schools,Design & Technology,GCSE,4,10834
202122,Academic year,Provisional,National,E92000001,England,All Schools,Design & Technology,GCSE,3,10034
202122,Academic year,Provisional,National,E92000001,England,All Schools,Design & Technology,GCSE,2,6942
202122,Academic year,Provisional,National,E92000001,England,All Schools,Design & Technology,GCSE,1,3734
202122,Academic year,Provisional,National,E92000001,England,All Schools,Design & Technology,GCSE,U,1393
202122,Academic year,Provisional,National,E92000001,England,All Schools,Design & Technology,GCSE,X,295
202122,Academic year,Provisional,National,E92000001,England,All Schools,Drama,GCSE,Total exam entries,53597
202122,Academic year,Provisional,National,E92000001,England,All Schools,Drama,GCSE,9,5503
202122,Academic year,Provisional,National,E92000001,England,All Schools,Drama,GCSE,8,6156
202122,Academic year,Provisional,National,E92000001,England,All Schools,Drama,GCSE,7,6644
202122,Academic year,Provisional,National,E92000001,England,All Schools,Drama,GCSE,6,10444
202122,Academic year,Provisional,National,E92000001,England,All Schools,Drama,GCSE,5,8490
202122,Academic year,Provisional,National,E92000001,England,All Schools,Drama,GCSE,4,6114
202122,Academic year,Provisional,National,E92000001,England,All Schools,Drama,GCSE,3,5752
202122,Academic year,Provisional,National,E92000001,England,All Schools,Drama,GCSE,2,2699
202122,Academic year,Provisional,National,E92000001,England,All Schools,Drama,GCSE,1,1107
202122,Academic year,Provisional,National,E92000001,England,All Schools,Drama,GCSE,U,555
202122,Academic year,Provisional,National,E92000001,England,All Schools,Drama,GCSE,X,133
202122,Academic year,Provisional,National,E92000001,England,All Schools,Economics,GCSE,Total exam entries,6698
202122,Academic year,Provisional,National,E92000001,England,All Schools,Economics,GCSE,9,898
202122,Academic year,Provisional,National,E92000001,England,All Schools,Economics,GCSE,8,1011
202122,Academic year,Provisional,National,E92000001,England,All Schools,Economics,GCSE,7,1056
202122,Academic year,Provisional,National,E92000001,England,All Schools,Economics,GCSE,6,1224
202122,Academic year,Provisional,National,E92000001,England,All Schools,Economics,GCSE,5,952
202122,Academic year,Provisional,National,E92000001,England,All Schools,Economics,GCSE,4,718
202122,Academic year,Provisional,National,E92000001,England,All Schools,Economics,GCSE,3,466
202122,Academic year,Provisional,National,E92000001,England,All Schools,Economics,GCSE,2,230
202122,Academic year,Provisional,National,E92000001,England,All Schools,Economics,GCSE,1,107
202122,Academic year,Provisional,National,E92000001,England,All Schools,Economics,GCSE,U,31
202122,Academic year,Provisional,National,E92000001,England,All Schools,Economics,GCSE,X,5
202122,Academic year,Provisional,National,E92000001,England,All Schools,Engineering,GCSE,Total exam entries,2300
202122,Academic year,Provisional,National,E92000001,England,All Schools,Engineering,GCSE,9,141
202122,Academic year,Provisional,National,E92000001,England,All Schools,Engineering,GCSE,8,182
202122,Academic year,Provisional,National,E92000001,England,All Schools,Engineering,GCSE,7,225
202122,Academic year,Provisional,National,E92000001,England,All Schools,Engineering,GCSE,6,416
202122,Academic year,Provisional,National,E92000001,England,All Schools,Engineering,GCSE,5,374
202122,Academic year,Provisional,National,E92000001,England,All Schools,Engineering,GCSE,4,274
202122,Academic year,Provisional,National,E92000001,England,All Schools,Engineering,GCSE,3,321
202122,Academic year,Provisional,National,E92000001,England,All Schools,Engineering,GCSE,2,197
202122,Academic year,Provisional,National,E92000001,England,All Schools,Engineering,GCSE,1,124
202122,Academic year,Provisional,National,E92000001,England,All Schools,Engineering,GCSE,U,40
202122,Academic year,Provisional,National,E92000001,England,All Schools,Engineering,GCSE,X,6
202122,Academic year,Provisional,National,E92000001,England,All Schools,English & mathematics,GCSE,Total exam entries,588912
202122,Academic year,Provisional,National,E92000001,England,All Schools,English & mathematics,GCSE,9,0
202122,Academic year,Provisional,National,E92000001,England,All Schools,English & mathematics,GCSE,8,0
202122,Academic year,Provisional,National,E92000001,England,All Schools,English & mathematics,GCSE,7,0
202122,Academic year,Provisional,National,E92000001,England,All Schools,English & mathematics,GCSE,6,0
202122,Academic year,Provisional,National,E92000001,England,All Schools,English & mathematics,GCSE,5,0
202122,Academic year,Provisional,National,E92000001,England,All Schools,English & mathematics,GCSE,4,0
202122,Academic year,Provisional,National,E92000001,England,All Schools,English & mathematics,GCSE,3,0
202122,Academic year,Provisional,National,E92000001,England,All Schools,English & mathematics,GCSE,2,0
202122,Academic year,Provisional,National,E92000001,England,All Schools,English & mathematics,GCSE,1,0
202122,Academic year,Provisional,National,E92000001,England,All Schools,English & mathematics,GCSE,U,0
202122,Academic year,Provisional,National,E92000001,England,All Schools,English & mathematics,GCSE,X,0
202122,Academic year,Provisional,National,E92000001,England,All Schools,English Language,GCSE,Total exam entries,599455
202122,Academic year,Provisional,National,E92000001,England,All Schools,English Language,GCSE,9,25686
202122,Academic year,Provisional,National,E92000001,England,All Schools,English Language,GCSE,8,44627
202122,Academic year,Provisional,National,E92000001,England,All Schools,English Language,GCSE,7,69122
202122,Academic year,Provisional,National,E92000001,England,All Schools,English Language,GCSE,6,108186
202122,Academic year,Provisional,National,E92000001,England,All Schools,English Language,GCSE,5,115494
202122,Academic year,Provisional,National,E92000001,England,All Schools,English Language,GCSE,4,95866
202122,Academic year,Provisional,National,E92000001,England,All Schools,English Language,GCSE,3,85333
202122,Academic year,Provisional,National,E92000001,England,All Schools,English Language,GCSE,2,31406
202122,Academic year,Provisional,National,E92000001,England,All Schools,English Language,GCSE,1,12947
202122,Academic year,Provisional,National,E92000001,England,All Schools,English Language,GCSE,U,5290
202122,Academic year,Provisional,National,E92000001,England,All Schools,English Language,GCSE,X,5498
202122,Academic year,Provisional,National,E92000001,England,All Schools,English Literature,GCSE,Total exam entries,583766
202122,Academic year,Provisional,National,E92000001,England,All Schools,English Literature,GCSE,9,24740
202122,Academic year,Provisional,National,E92000001,England,All Schools,English Literature,GCSE,8,43327
202122,Academic year,Provisional,National,E92000001,England,All Schools,English Literature,GCSE,7,69862
202122,Academic year,Provisional,National,E92000001,England,All Schools,English Literature,GCSE,6,108277
202122,Academic year,Provisional,National,E92000001,England,All Schools,English Literature,GCSE,5,112606
202122,Academic year,Provisional,National,E92000001,England,All Schools,English Literature,GCSE,4,90158
202122,Academic year,Provisional,National,E92000001,England,All Schools,English Literature,GCSE,3,66227
202122,Academic year,Provisional,National,E92000001,England,All Schools,English Literature,GCSE,2,35216
202122,Academic year,Provisional,National,E92000001,England,All Schools,English Literature,GCSE,1,18553
202122,Academic year,Provisional,National,E92000001,England,All Schools,English Literature,GCSE,U,9265
202122,Academic year,Provisional,National,E92000001,England,All Schools,English Literature,GCSE,X,5535
202122,Academic year,Provisional,National,E92000001,England,All Schools,"English, mathematics & science",GCSE,Total exam entries,579228
202122,Academic year,Provisional,National,E92000001,England,All Schools,"English, mathematics & science",GCSE,9,0
202122,Academic year,Provisional,National,E92000001,England,All Schools,"English, mathematics & science",GCSE,8,0
202122,Academic year,Provisional,National,E92000001,England,All Schools,"English, mathematics & science",GCSE,7,0
202122,Academic year,Provisional,National,E92000001,England,All Schools,"English, mathematics & science",GCSE,6,0
202122,Academic year,Provisional,National,E92000001,England,All Schools,"English, mathematics & science",GCSE,5,0
202122,Academic year,Provisional,National,E92000001,England,All Schools,"English, mathematics & science",GCSE,4,0
202122,Academic year,Provisional,National,E92000001,England,All Schools,"English, mathematics & science",GCSE,3,0
202122,Academic year,Provisional,National,E92000001,England,All Schools,"English, mathematics & science",GCSE,2,0
202122,Academic year,Provisional,National,E92000001,England,All Schools,"English, mathematics & science",GCSE,1,0
202122,Academic year,Provisional,National,E92000001,England,All Schools,"English, mathematics & science",GCSE,U,0
202122,Academic year,Provisional,National,E92000001,England,All Schools,"English, mathematics & science",GCSE,X,0
202122,Academic year,Provisional,National,E92000001,England,All Schools,Film Studies,GCSE,Total exam entries,5348
202122,Academic year,Provisional,National,E92000001,England,All Schools,Film Studies,GCSE,9,248
202122,Academic year,Provisional,National,E92000001,England,All Schools,Film Studies,GCSE,8,415
202122,Academic year,Provisional,National,E92000001,England,All Schools,Film Studies,GCSE,7,513
202122,Academic year,Provisional,National,E92000001,England,All Schools,Film Studies,GCSE,6,896
202122,Academic year,Provisional,National,E92000001,England,All Schools,Film Studies,GCSE,5,993
202122,Academic year,Provisional,National,E92000001,England,All Schools,Film Studies,GCSE,4,691
202122,Academic year,Provisional,National,E92000001,England,All Schools,Film Studies,GCSE,3,731
202122,Academic year,Provisional,National,E92000001,England,All Schools,Film Studies,GCSE,2,468
202122,Academic year,Provisional,National,E92000001,England,All Schools,Film Studies,GCSE,1,232
202122,Academic year,Provisional,National,E92000001,England,All Schools,Film Studies,GCSE,U,121
202122,Academic year,Provisional,National,E92000001,England,All Schools,Film Studies,GCSE,X,40
202122,Academic year,Provisional,National,E92000001,England,All Schools,Food Preparation & Nutrition,GCSE,Total exam entries,51628
202122,Academic year,Provisional,National,E92000001,England,All Schools,Food Preparation & Nutrition,GCSE,9,2837
202122,Academic year,Provisional,National,E92000001,England,All Schools,Food Preparation & Nutrition,GCSE,8,3998
202122,Academic year,Provisional,National,E92000001,England,All Schools,Food Preparation & Nutrition,GCSE,7,5462
202122,Academic year,Provisional,National,E92000001,England,All Schools,Food Preparation & Nutrition,GCSE,6,8366
202122,Academic year,Provisional,National,E92000001,England,All Schools,Food Preparation & Nutrition,GCSE,5,8766
202122,Academic year,Provisional,National,E92000001,England,All Schools,Food Preparation & Nutrition,GCSE,4,7958
202122,Academic year,Provisional,National,E92000001,England,All Schools,Food Preparation & Nutrition,GCSE,3,8003
202122,Academic year,Provisional,National,E92000001,England,All Schools,Food Preparation & Nutrition,GCSE,2,4067
202122,Academic year,Provisional,National,E92000001,England,All Schools,Food Preparation & Nutrition,GCSE,1,1358
202122,Academic year,Provisional,National,E92000001,England,All Schools,Food Preparation & Nutrition,GCSE,U,502
202122,Academic year,Provisional,National,E92000001,England,All Schools,Food Preparation & Nutrition,GCSE,X,311
202122,Academic year,Provisional,National,E92000001,England,All Schools,French,GCSE,Total exam entries,124762
202122,Academic year,Provisional,National,E92000001,England,All Schools,French,GCSE,9,12219
202122,Academic year,Provisional,National,E92000001,England,All Schools,French,GCSE,8,11605
202122,Academic year,Provisional,National,E92000001,England,All Schools,French,GCSE,7,14680
202122,Academic year,Provisional,National,E92000001,England,All Schools,French,GCSE,6,11104
202122,Academic year,Provisional,National,E92000001,England,All Schools,French,GCSE,5,33938
202122,Academic year,Provisional,National,E92000001,England,All Schools,French,GCSE,4,13378
202122,Academic year,Provisional,National,E92000001,England,All Schools,French,GCSE,3,16136
202122,Academic year,Provisional,National,E92000001,England,All Schools,French,GCSE,2,6814
202122,Academic year,Provisional,National,E92000001,England,All Schools,French,GCSE,1,2451
202122,Academic year,Provisional,National,E92000001,England,All Schools,French,GCSE,U,1770
202122,Academic year,Provisional,National,E92000001,England,All Schools,French,GCSE,X,667
202122,Academic year,Provisional,National,E92000001,England,All Schools,Geography,GCSE,Total exam entries,277857
202122,Academic year,Provisional,National,E92000001,England,All Schools,Geography,GCSE,9,21660
202122,Academic year,Provisional,National,E92000001,England,All Schools,Geography,GCSE,8,27926
202122,Academic year,Provisional,National,E92000001,England,All Schools,Geography,GCSE,7,34210
202122,Academic year,Provisional,National,E92000001,England,All Schools,Geography,GCSE,6,41077
202122,Academic year,Provisional,National,E92000001,England,All Schools,Geography,GCSE,5,39671
202122,Academic year,Provisional,National,E92000001,England,All Schools,Geography,GCSE,4,34275
202122,Academic year,Provisional,National,E92000001,England,All Schools,Geography,GCSE,3,35482
202122,Academic year,Provisional,National,E92000001,England,All Schools,Geography,GCSE,2,23412
202122,Academic year,Provisional,National,E92000001,England,All Schools,Geography,GCSE,1,13673
202122,Academic year,Provisional,National,E92000001,England,All Schools,Geography,GCSE,U,4278
202122,Academic year,Provisional,National,E92000001,England,All Schools,Geography,GCSE,X,2193
202122,Academic year,Provisional,National,E92000001,England,All Schools,German,GCSE,Total exam entries,35551
202122,Academic year,Provisional,National,E92000001,England,All Schools,German,GCSE,9,4190
202122,Academic year,Provisional,National,E92000001,England,All Schools,German,GCSE,8,3533
202122,Academic year,Provisional,National,E92000001,England,All Schools,German,GCSE,7,4447
202122,Academic year,Provisional,National,E92000001,England,All Schools,German,GCSE,6,4216
202122,Academic year,Provisional,National,E92000001,England,All Schools,German,GCSE,5,8860
202122,Academic year,Provisional,National,E92000001,England,All Schools,German,GCSE,4,4188
202122,Academic year,Provisional,National,E92000001,England,All Schools,German,GCSE,3,3777
202122,Academic year,Provisional,National,E92000001,England,All Schools,German,GCSE,2,1363
202122,Academic year,Provisional,National,E92000001,England,All Schools,German,GCSE,1,501
202122,Academic year,Provisional,National,E92000001,England,All Schools,German,GCSE,U,314
202122,Academic year,Provisional,National,E92000001,England,All Schools,German,GCSE,X,162
202122,Academic year,Provisional,National,E92000001,England,All Schools,History,GCSE,Total exam entries,276991
202122,Academic year,Provisional,National,E92000001,England,All Schools,History,GCSE,9,21012
202122,Academic year,Provisional,National,E92000001,England,All Schools,History,GCSE,8,26590
202122,Academic year,Provisional,National,E92000001,England,All Schools,History,GCSE,7,33608
202122,Academic year,Provisional,National,E92000001,England,All Schools,History,GCSE,6,40567
202122,Academic year,Provisional,National,E92000001,England,All Schools,History,GCSE,5,39041
202122,Academic year,Provisional,National,E92000001,England,All Schools,History,GCSE,4,33367
202122,Academic year,Provisional,National,E92000001,England,All Schools,History,GCSE,3,35314
202122,Academic year,Provisional,National,E92000001,England,All Schools,History,GCSE,2,24045
202122,Academic year,Provisional,National,E92000001,England,All Schools,History,GCSE,1,14158
202122,Academic year,Provisional,National,E92000001,England,All Schools,History,GCSE,U,6861
202122,Academic year,Provisional,National,E92000001,England,All Schools,History,GCSE,X,2428
202122,Academic year,Provisional,National,E92000001,England,All Schools,Latin,GCSE,Total exam entries,8655
202122,Academic year,Provisional,National,E92000001,England,All Schools,Latin,GCSE,9,3747
202122,Academic year,Provisional,National,E92000001,England,All Schools,Latin,GCSE,8,1900
202122,Academic year,Provisional,National,E92000001,England,All Schools,Latin,GCSE,7,1149
202122,Academic year,Provisional,National,E92000001,England,All Schools,Latin,GCSE,6,807
202122,Academic year,Provisional,National,E92000001,England,All Schools,Latin,GCSE,5,466
202122,Academic year,Provisional,National,E92000001,England,All Schools,Latin,GCSE,4,267
202122,Academic year,Provisional,National,E92000001,England,All Schools,Latin,GCSE,3,136
202122,Academic year,Provisional,National,E92000001,England,All Schools,Latin,GCSE,2,96
202122,Academic year,Provisional,National,E92000001,England,All Schools,Latin,GCSE,1,43
202122,Academic year,Provisional,National,E92000001,England,All Schools,Latin,GCSE,U,20
202122,Academic year,Provisional,National,E92000001,England,All Schools,Latin,GCSE,X,24
202122,Academic year,Provisional,National,E92000001,England,All Schools,Mathematics,GCSE,Total exam entries,595001
202122,Academic year,Provisional,National,E92000001,England,All Schools,Mathematics,GCSE,9,31641
202122,Academic year,Provisional,National,E92000001,England,All Schools,Mathematics,GCSE,8,50750
202122,Academic year,Provisional,National,E92000001,England,All Schools,Mathematics,GCSE,7,59649
202122,Academic year,Provisional,National,E92000001,England,All Schools,Mathematics,GCSE,6,76431
202122,Academic year,Provisional,National,E92000001,England,All Schools,Mathematics,GCSE,5,115694
202122,Academic year,Provisional,National,E92000001,England,All Schools,Mathematics,GCSE,4,109093
202122,Academic year,Provisional,National,E92000001,England,All Schools,Mathematics,GCSE,3,61290
202122,Academic year,Provisional,National,E92000001,England,All Schools,Mathematics,GCSE,2,45273
202122,Academic year,Provisional,National,E92000001,England,All Schools,Mathematics,GCSE,1,30222
202122,Academic year,Provisional,National,E92000001,England,All Schools,Mathematics,GCSE,U,9608
202122,Academic year,Provisional,National,E92000001,England,All Schools,Mathematics,GCSE,X,5350
202122,Academic year,Provisional,National,E92000001,England,All Schools,Mathematics & science,GCSE,Total exam entries,582521
202122,Academic year,Provisional,National,E92000001,England,All Schools,Mathematics & science,GCSE,9,0
202122,Academic year,Provisional,National,E92000001,England,All Schools,Mathematics & science,GCSE,8,0
202122,Academic year,Provisional,National,E92000001,England,All Schools,Mathematics & science,GCSE,7,0
202122,Academic year,Provisional,National,E92000001,England,All Schools,Mathematics & science,GCSE,6,0
202122,Academic year,Provisional,National,E92000001,England,All Schools,Mathematics & science,GCSE,5,0
202122,Academic year,Provisional,National,E92000001,England,All Schools,Mathematics & science,GCSE,4,0
202122,Academic year,Provisional,National,E92000001,England,All Schools,Mathematics & science,GCSE,3,0
202122,Academic year,Provisional,National,E92000001,England,All Schools,Mathematics & science,GCSE,2,0
202122,Academic year,Provisional,National,E92000001,England,All Schools,Mathematics & science,GCSE,1,0
202122,Academic year,Provisional,National,E92000001,England,All Schools,Mathematics & science,GCSE,U,0
202122,Academic year,Provisional,National,E92000001,England,All Schools,Mathematics & science,GCSE,X,0
202122,Academic year,Provisional,National,E92000001,England,All Schools,Media/Film/TV,GCSE,Total exam entries,25486
202122,Academic year,Provisional,National,E92000001,England,All Schools,Media/Film/TV,GCSE,9,1347
202122,Academic year,Provisional,National,E92000001,England,All Schools,Media/Film/TV,GCSE,8,2141
202122,Academic year,Provisional,National,E92000001,England,All Schools,Media/Film/TV,GCSE,7,2794
202122,Academic year,Provisional,National,E92000001,England,All Schools,Media/Film/TV,GCSE,6,4431
202122,Academic year,Provisional,National,E92000001,England,All Schools,Media/Film/TV,GCSE,5,4532
202122,Academic year,Provisional,National,E92000001,England,All Schools,Media/Film/TV,GCSE,4,3775
202122,Academic year,Provisional,National,E92000001,England,All Schools,Media/Film/TV,GCSE,3,3259
202122,Academic year,Provisional,National,E92000001,England,All Schools,Media/Film/TV,GCSE,2,1750
202122,Academic year,Provisional,National,E92000001,England,All Schools,Media/Film/TV,GCSE,1,904
202122,Academic year,Provisional,National,E92000001,England,All Schools,Media/Film/TV,GCSE,U,426
202122,Academic year,Provisional,National,E92000001,England,All Schools,Media/Film/TV,GCSE,X,127
202122,Academic year,Provisional,National,E92000001,England,All Schools,Music,GCSE,Total exam entries,33891
202122,Academic year,Provisional,National,E92000001,England,All Schools,Music,GCSE,9,5177
202122,Academic year,Provisional,National,E92000001,England,All Schools,Music,GCSE,8,4812
202122,Academic year,Provisional,National,E92000001,England,All Schools,Music,GCSE,7,4922
202122,Academic year,Provisional,National,E92000001,England,All Schools,Music,GCSE,6,5526
202122,Academic year,Provisional,National,E92000001,England,All Schools,Music,GCSE,5,4348
202122,Academic year,Provisional,National,E92000001,England,All Schools,Music,GCSE,4,3212
202122,Academic year,Provisional,National,E92000001,England,All Schools,Music,GCSE,3,3155
202122,Academic year,Provisional,National,E92000001,England,All Schools,Music,GCSE,2,1496
202122,Academic year,Provisional,National,E92000001,England,All Schools,Music,GCSE,1,696
202122,Academic year,Provisional,National,E92000001,England,All Schools,Music,GCSE,U,448
202122,Academic year,Provisional,National,E92000001,England,All Schools,Music,GCSE,X,99
202122,Academic year,Provisional,National,E92000001,England,All Schools,Other Modern Languages,GCSE,Total exam entries,29336
202122,Academic year,Provisional,National,E92000001,England,All Schools,Other Modern Languages,GCSE,9,10893
202122,Academic year,Provisional,National,E92000001,England,All Schools,Other Modern Languages,GCSE,8,5638
202122,Academic year,Provisional,National,E92000001,England,All Schools,Other Modern Languages,GCSE,7,3637
202122,Academic year,Provisional,National,E92000001,England,All Schools,Other Modern Languages,GCSE,6,2251
202122,Academic year,Provisional,National,E92000001,England,All Schools,Other Modern Languages,GCSE,5,3031
202122,Academic year,Provisional,National,E92000001,England,All Schools,Other Modern Languages,GCSE,4,1454
202122,Academic year,Provisional,National,E92000001,England,All Schools,Other Modern Languages,GCSE,3,986
202122,Academic year,Provisional,National,E92000001,England,All Schools,Other Modern Languages,GCSE,2,436
202122,Academic year,Provisional,National,E92000001,England,All Schools,Other Modern Languages,GCSE,1,187
202122,Academic year,Provisional,National,E92000001,England,All Schools,Other Modern Languages,GCSE,U,443
202122,Academic year,Provisional,National,E92000001,England,All Schools,Other Modern Languages,GCSE,X,380
202122,Academic year,Provisional,National,E92000001,England,All Schools,Other Sciences,GCSE,Total exam entries,2177
202122,Academic year,Provisional,National,E92000001,England,All Schools,Other Sciences,GCSE,9,498
202122,Academic year,Provisional,National,E92000001,England,All Schools,Other Sciences,GCSE,8,420
202122,Academic year,Provisional,National,E92000001,England,All Schools,Other Sciences,GCSE,7,303
202122,Academic year,Provisional,National,E92000001,England,All Schools,Other Sciences,GCSE,6,282
202122,Academic year,Provisional,National,E92000001,England,All Schools,Other Sciences,GCSE,5,231
202122,Academic year,Provisional,National,E92000001,England,All Schools,Other Sciences,GCSE,4,189
202122,Academic year,Provisional,National,E92000001,England,All Schools,Other Sciences,GCSE,3,116
202122,Academic year,Provisional,National,E92000001,England,All Schools,Other Sciences,GCSE,2,66
202122,Academic year,Provisional,National,E92000001,England,All Schools,Other Sciences,GCSE,1,42
202122,Academic year,Provisional,National,E92000001,England,All Schools,Other Sciences,GCSE,U,12
202122,Academic year,Provisional,National,E92000001,England,All Schools,Other Sciences,GCSE,X,18
202122,Academic year,Provisional,National,E92000001,England,All Schools,Physical Education,GCSE,Total exam entries,70268
202122,Academic year,Provisional,National,E92000001,England,All Schools,Physical Education,GCSE,9,7002
202122,Academic year,Provisional,National,E92000001,England,All Schools,Physical Education,GCSE,8,7677
202122,Academic year,Provisional,National,E92000001,England,All Schools,Physical Education,GCSE,7,9291
202122,Academic year,Provisional,National,E92000001,England,All Schools,Physical Education,GCSE,6,13937
202122,Academic year,Provisional,National,E92000001,England,All Schools,Physical Education,GCSE,5,11429
202122,Academic year,Provisional,National,E92000001,England,All Schools,Physical Education,GCSE,4,8221
202122,Academic year,Provisional,National,E92000001,England,All Schools,Physical Education,GCSE,3,8159
202122,Academic year,Provisional,National,E92000001,England,All Schools,Physical Education,GCSE,2,3255
202122,Academic year,Provisional,National,E92000001,England,All Schools,Physical Education,GCSE,1,1003
202122,Academic year,Provisional,National,E92000001,England,All Schools,Physical Education,GCSE,U,236
202122,Academic year,Provisional,National,E92000001,England,All Schools,Physical Education,GCSE,X,58
202122,Academic year,Provisional,National,E92000001,England,All Schools,Physics,GCSE,Total exam entries,164944
202122,Academic year,Provisional,National,E92000001,England,All Schools,Physics,GCSE,9,25882
202122,Academic year,Provisional,National,E92000001,England,All Schools,Physics,GCSE,8,28602
202122,Academic year,Provisional,National,E92000001,England,All Schools,Physics,GCSE,7,28453
202122,Academic year,Provisional,National,E92000001,England,All Schools,Physics,GCSE,6,32615
202122,Academic year,Provisional,National,E92000001,England,All Schools,Physics,GCSE,5,25125
202122,Academic year,Provisional,National,E92000001,England,All Schools,Physics,GCSE,4,13477
202122,Academic year,Provisional,National,E92000001,England,All Schools,Physics,GCSE,3,6560
202122,Academic year,Provisional,National,E92000001,England,All Schools,Physics,GCSE,2,2082
202122,Academic year,Provisional,National,E92000001,England,All Schools,Physics,GCSE,1,909
202122,Academic year,Provisional,National,E92000001,England,All Schools,Physics,GCSE,U,653
202122,Academic year,Provisional,National,E92000001,England,All Schools,Physics,GCSE,X,586
202122,Academic year,Provisional,National,E92000001,England,All Schools,Religious Studies,GCSE,Total exam entries,221275
202122,Academic year,Provisional,National,E92000001,England,All Schools,Religious Studies,GCSE,9,21817
202122,Academic year,Provisional,National,E92000001,England,All Schools,Religious Studies,GCSE,8,26330
202122,Academic year,Provisional,National,E92000001,England,All Schools,Religious Studies,GCSE,7,28940
202122,Academic year,Provisional,National,E92000001,England,All Schools,Religious Studies,GCSE,6,37655
202122,Academic year,Provisional,National,E92000001,England,All Schools,Religious Studies,GCSE,5,31235
202122,Academic year,Provisional,National,E92000001,England,All Schools,Religious Studies,GCSE,4,23731
202122,Academic year,Provisional,National,E92000001,England,All Schools,Religious Studies,GCSE,3,23903
202122,Academic year,Provisional,National,E92000001,England,All Schools,Religious Studies,GCSE,2,14670
202122,Academic year,Provisional,National,E92000001,England,All Schools,Religious Studies,GCSE,1,8340
202122,Academic year,Provisional,National,E92000001,England,All Schools,Religious Studies,GCSE,U,3222
202122,Academic year,Provisional,National,E92000001,England,All Schools,Religious Studies,GCSE,X,1432
202122,Academic year,Provisional,National,E92000001,England,All Schools,Social Studies,GCSE,Total exam entries,61210
202122,Academic year,Provisional,National,E92000001,England,All Schools,Social Studies,GCSE,9,4089
202122,Academic year,Provisional,National,E92000001,England,All Schools,Social Studies,GCSE,8,5599
202122,Academic year,Provisional,National,E92000001,England,All Schools,Social Studies,GCSE,7,6789
202122,Academic year,Provisional,National,E92000001,England,All Schools,Social Studies,GCSE,6,10415
202122,Academic year,Provisional,National,E92000001,England,All Schools,Social Studies,GCSE,5,9688
202122,Academic year,Provisional,National,E92000001,England,All Schools,Social Studies,GCSE,4,7890
202122,Academic year,Provisional,National,E92000001,England,All Schools,Social Studies,GCSE,3,7329
202122,Academic year,Provisional,National,E92000001,England,All Schools,Social Studies,GCSE,2,4778
202122,Academic year,Provisional,National,E92000001,England,All Schools,Social Studies,GCSE,1,2921
202122,Academic year,Provisional,National,E92000001,England,All Schools,Social Studies,GCSE,U,972
202122,Academic year,Provisional,National,E92000001,England,All Schools,Social Studies,GCSE,X,740
202122,Academic year,Provisional,National,E92000001,England,All Schools,Spanish,GCSE,Total exam entries,113929
202122,Academic year,Provisional,National,E92000001,England,All Schools,Spanish,GCSE,9,9748
202122,Academic year,Provisional,National,E92000001,England,All Schools,Spanish,GCSE,8,10495
202122,Academic year,Provisional,National,E92000001,England,All Schools,Spanish,GCSE,7,14568
202122,Academic year,Provisional,National,E92000001,England,All Schools,Spanish,GCSE,6,10435
202122,Academic year,Provisional,National,E92000001,England,All Schools,Spanish,GCSE,5,29898
202122,Academic year,Provisional,National,E92000001,England,All Schools,Spanish,GCSE,4,12204
202122,Academic year,Provisional,National,E92000001,England,All Schools,Spanish,GCSE,3,15661
202122,Academic year,Provisional,National,E92000001,England,All Schools,Spanish,GCSE,2,6638
202122,Academic year,Provisional,National,E92000001,England,All Schools,Spanish,GCSE,1,1996
202122,Academic year,Provisional,National,E92000001,England,All Schools,Spanish,GCSE,U,1429
202122,Academic year,Provisional,National,E92000001,England,All Schools,Spanish,GCSE,X,857
202122,Academic year,Provisional,National,E92000001,England,All Schools,Statistics,GCSE,Total exam entries,19058
202122,Academic year,Provisional,National,E92000001,England,All Schools,Statistics,GCSE,9,1426
202122,Academic year,Provisional,National,E92000001,England,All Schools,Statistics,GCSE,8,1896
202122,Academic year,Provisional,National,E92000001,England,All Schools,Statistics,GCSE,7,2278
202122,Academic year,Provisional,National,E92000001,England,All Schools,Statistics,GCSE,6,2493
202122,Academic year,Provisional,National,E92000001,England,All Schools,Statistics,GCSE,5,3637
202122,Academic year,Provisional,National,E92000001,England,All Schools,Statistics,GCSE,4,3080
202122,Academic year,Provisional,National,E92000001,England,All Schools,Statistics,GCSE,3,2052
202122,Academic year,Provisional,National,E92000001,England,All Schools,Statistics,GCSE,2,1104
202122,Academic year,Provisional,National,E92000001,England,All Schools,Statistics,GCSE,1,609
202122,Academic year,Provisional,National,E92000001,England,All Schools,Statistics,GCSE,U,287
202122,Academic year,Provisional,National,E92000001,England,All Schools,Statistics,GCSE,X,196
