time_period,time_identifier,version,geographic_level,country_code,country_name,school_characteristic,subject,qualification_type,grade,number_achieving,percentage_achieving
202122,Academic year,Provisional,National,E92000001,England,Alternative Provision,Animal Care,Vocational,Level 1 pass,3,50
202122,Academic year,Provisional,National,E92000001,England,Alternative Provision,Animal Care,Vocational,Level 2 pass,2,33
202122,Academic year,Provisional,National,E92000001,England,Alternative Provision,Animal Care,Vocational,Total exam entries,6,z
202122,Academic year,Provisional,National,E92000001,England,Alternative Provision,Any subject,Vocational,Level 1 pass,348,68
202122,Academic year,Provisional,National,E92000001,England,Alternative Provision,Any subject,Vocational,Level 2 pass,152,30
202122,Academic year,Provisional,National,E92000001,England,Alternative Provision,Any subject,Vocational,Total exam entries,512,z
202122,Academic year,Provisional,National,E92000001,England,Alternative Provision,Art & Design,Vocational,Level 1 pass,10,59
202122,Academic year,Provisional,National,E92000001,England,Alternative Provision,Art & Design,Vocational,Level 2 pass,5,29
202122,Academic year,Provisional,National,E92000001,England,Alternative Provision,Art & Design,Vocational,Total exam entries,17,z
202122,Academic year,Provisional,National,E92000001,England,Alternative Provision,Business,Vocational,Level 1 pass,32,64
202122,Academic year,Provisional,National,E92000001,England,Alternative Provision,Business,Vocational,Level 2 pass,10,20
202122,Academic year,Provisional,National,E92000001,England,Alternative Provision,Business,Vocational,Total exam entries,50,z
202122,Academic year,Provisional,National,E92000001,England,Alternative Provision,Childcare,Vocational,Level 1 pass,40,70
202122,Academic year,Provisional,National,E92000001,England,Alternative Provision,Childcare,Vocational,Level 2 pass,16,28
202122,Academic year,Provisional,National,E92000001,England,Alternative Provision,Childcare,Vocational,Total exam entries,57,z
202122,Academic year,Provisional,National,E92000001,England,Alternative Provision,Construction,Vocational,Level 1 pass,5,56
202122,Academic year,Provisional,National,E92000001,England,Alternative Provision,Construction,Vocational,Level 2 pass,2,22
202122,Academic year,Provisional,National,E92000001,England,Alternative Provision,Construction,Vocational,Total exam entries,9,z
202122,Academic year,Provisional,National,E92000001,England,Alternative Provision,Engineering,Vocational,Level 1 pass,1,10
202122,Academic year,Provisional,National,E92000001,England,Alternative Provision,Engineering,Vocational,Level 2 pass,0,0
202122,Academic year,Provisional,National,E92000001,England,Alternative Provision,Engineering,Vocational,Total exam entries,10,z
202122,Academic year,Provisional,National,E92000001,England,Alternative Provision,Health,Vocational,Level 1 pass,38,81
202122,Academic year,Provisional,National,E92000001,England,Alternative Provision,Health,Vocational,Level 2 pass,22,47
202122,Academic year,Provisional,National,E92000001,England,Alternative Provision,Health,Vocational,Total exam entries,47,z
202122,Academic year,Provisional,National,E92000001,England,Alternative Provision,Hospitality and Catering,Vocational,Level 1 pass,24,35
202122,Academic year,Provisional,National,E92000001,England,Alternative Provision,Hospitality and Catering,Vocational,Level 2 pass,9,13
202122,Academic year,Provisional,National,E92000001,England,Alternative Provision,Hospitality and Catering,Vocational,Total exam entries,68,z
202122,Academic year,Provisional,National,E92000001,England,Alternative Provision,Information and Communication Technology,Vocational,Level 1 pass,6,50
202122,Academic year,Provisional,National,E92000001,England,Alternative Provision,Information and Communication Technology,Vocational,Level 2 pass,2,17
202122,Academic year,Provisional,National,E92000001,England,Alternative Provision,Information and Communication Technology,Vocational,Total exam entries,12,z
202122,Academic year,Provisional,National,E92000001,England,Alternative Provision,Multimedia,Vocational,Level 1 pass,37,73
202122,Academic year,Provisional,National,E92000001,England,Alternative Provision,Multimedia,Vocational,Level 2 pass,13,25
202122,Academic year,Provisional,National,E92000001,England,Alternative Provision,Multimedia,Vocational,Total exam entries,51,z
202122,Academic year,Provisional,National,E92000001,England,Alternative Provision,Music,Vocational,Level 1 pass,19,59
202122,Academic year,Provisional,National,E92000001,England,Alternative Provision,Music,Vocational,Level 2 pass,15,47
202122,Academic year,Provisional,National,E92000001,England,Alternative Provision,Music,Vocational,Total exam entries,32,z
202122,Academic year,Provisional,National,E92000001,England,Alternative Provision,Speech & Drama,Vocational,Level 1 pass,13,87
202122,Academic year,Provisional,National,E92000001,England,Alternative Provision,Speech & Drama,Vocational,Level 2 pass,4,27
202122,Academic year,Provisional,National,E92000001,England,Alternative Provision,Speech & Drama,Vocational,Total exam entries,15,z
202122,Academic year,Provisional,National,E92000001,England,Alternative Provision,Sports,Vocational,Level 1 pass,158,70
202122,Academic year,Provisional,National,E92000001,England,Alternative Provision,Sports,Vocational,Level 2 pass,63,28
202122,Academic year,Provisional,National,E92000001,England,Alternative Provision,Sports,Vocational,Total exam entries,225,z
202122,Academic year,Provisional,National,E92000001,England,Alternative Provision,Tourism,Vocational,Level 1 pass,24,71
202122,Academic year,Provisional,National,E92000001,England,Alternative Provision,Tourism,Vocational,Level 2 pass,11,32
202122,Academic year,Provisional,National,E92000001,England,Alternative Provision,Tourism,Vocational,Total exam entries,34,z
