﻿time_period,time_identifier,geographic_level,country_code,country_name,region_code,region_name,ru11ind_school_location,version,t_schools,t_pupils,t_att8,avg_att8,t_entbasics,pt_entbasics,t_l2basics_95,pt_l2basics_95,t_l2basics_94,pt_l2basics_94,t_ebacc_e_ptq_ee,pt_ebacc_e_ptq_ee,t_ebaccaps,avg_ebaccaps,t_ebacc_95,pt_ebacc_95,t_ebacc_94,pt_ebacc_94,t_inp8calc,t_p8score,avg_p8score,p8score_CI_low,p8score_CI_upp
202122,Academic year,National,E92000001,England,,,1 Urban - Major conurbation,Provisional,1431,215025,10653510.8,49.5,206975,96.3,110994,51.6,149393,69.5,95901,44.6,942682.52,4.38,48421,22.5,64105,29.8,200529,8032.369,0.04,0.03,0.05
202122,Academic year,National,E92000001,England,,,2 Urban - minor conurbation,Provisional,138,21272,981353,46.1,20495,96.3,9771,45.9,13876,65.2,6565,30.9,84502.37,3.97,3349,15.7,4477,21,20343,-2778.743,-0.14,-0.16,-0.12
202122,Academic year,National,E92000001,England,,,3 Urban - City and town,Provisional,1912,277641,13407585.11,48.3,267264,96.3,135085,48.7,189105,68.1,100118,36.1,1170406.97,4.22,53610,19.3,70506,25.4,264183,-19749.171,-0.07,-0.08,-0.07
202122,Academic year,National,E92000001,England,,,4 Rural - Town and fringe,Provisional,376,53557,2636558.9,49.2,52352,97.8,26524,49.5,37837,70.6,18210,34,229573.86,4.29,9811,18.3,13154,24.6,51545,-1447.738,-0.03,-0.04,-0.02
202122,Academic year,National,E92000001,England,,,5 Rural - Village,Provisional,84,9652,480987.5,49.8,9377,97.2,5073,52.6,7045,73,3406,35.3,42052.13,4.36,1828,18.9,2424,25.1,9249,-115.423,-0.01,-0.04,0.02
202122,Academic year,National,E92000001,England,,,6 Rural - Hamlet and isolated dwellings,Provisional,74,8075,383196,47.5,7702,95.4,3867,47.9,5551,68.7,2764,34.2,33421.86,4.14,1462,18.1,1922,23.8,7700,-727.275,-0.09,-0.13,-0.06
202122,Academic year,National,E92000001,England,,,Total,Provisional,4015,585222,28543191.31,48.8,564165,96.4,291314,49.8,402807,68.8,226964,38.8,2502639.71,4.28,118481,20.2,156588,26.8,553549,-16785.981,-0.03,-0.03,-0.03
202122,Academic year,Regional,E92000001,England,E12000004,East Midlands,1 Urban - Major conurbation,Provisional,2,304,13646,44.9,294,96.7,116,38.2,186,61.2,49,16.1,1139.01,3.75,24,7.9,37,12.2,298,-81.388,-0.27,-0.43,-0.11
202122,Academic year,Regional,E92000001,England,E12000004,East Midlands,2 Urban - minor conurbation,Provisional,62,8975,424539.75,47.3,8678,96.7,4275,47.6,5993,66.8,2649,29.5,36824.76,4.1,1446,16.1,1902,21.2,8558,-940.909,-0.11,-0.14,-0.08
202122,Academic year,Regional,E92000001,England,E12000004,East Midlands,3 Urban - City and town,Provisional,213,31163,1474574.25,47.3,30014,96.3,14551,46.7,20806,66.8,12063,38.7,129871.59,4.17,6179,19.8,8374,26.9,29566,-81.647,0,-0.02,0.01
202122,Academic year,Regional,E92000001,England,E12000004,East Midlands,4 Rural - Town and fringe,Provisional,59,8936,439402,49.2,8769,98.1,4504,50.4,6390,71.5,2946,33,38168.5,4.27,1576,17.6,2147,24,8653,-65.104,-0.01,-0.04,0.02
202122,Academic year,Regional,E92000001,England,E12000004,East Midlands,5 Rural - Village,Provisional,10,1258,59703.75,47.5,1230,97.8,562,44.7,853,67.8,394,31.3,5182.03,4.12,203,16.1,280,22.3,1219,-7.624,-0.01,-0.09,0.07
202122,Academic year,Regional,E92000001,England,E12000004,East Midlands,6 Rural - Hamlet and isolated dwellings,Provisional,4,441,19680.75,44.6,415,94.1,166,37.6,287,65.1,118,26.8,1698.41,3.85,64,14.5,90,20.4,426,-60.39,-0.14,-0.28,-0.01
202122,Academic year,Regional,E92000001,England,E12000004,East Midlands,Total,Provisional,350,51077,2431546.5,47.6,49400,96.7,24174,47.3,34515,67.6,18219,35.7,212884.3,4.17,9492,18.6,12830,25.1,48720,-1237.062,-0.03,-0.04,-0.01
202122,Academic year,Regional,E92000001,England,E12000006,East of England,1 Urban - Major conurbation,Provisional,51,7115,357206,50.2,6879,96.7,3733,52.5,5084,71.5,3231,45.4,31568.89,4.44,1578,22.2,2122,29.8,6753,99.969,0.01,-0.02,0.05
202122,Academic year,Regional,E92000001,England,E12000006,East of England,3 Urban - City and town,Provisional,305,46164,2244115.13,48.6,44466,96.3,22747,49.3,31760,68.8,17195,37.2,196785.15,4.26,9350,20.3,12239,26.5,43875,-1013.576,-0.02,-0.04,-0.01
202122,Academic year,Regional,E92000001,England,E12000006,East of England,4 Rural - Town and fringe,Provisional,66,8944,445758.75,49.8,8701,97.3,4521,50.5,6410,71.7,3193,35.7,39189.12,4.38,1808,20.2,2402,26.9,8600,433.336,0.05,0.02,0.08
202122,Academic year,Regional,E92000001,England,E12000006,East of England,5 Rural - Village,Provisional,15,1959,96699.75,49.4,1913,97.7,977,49.9,1408,71.9,663,33.8,8410.41,4.29,322,16.4,434,22.2,1914,20.696,0.01,-0.05,0.07
202122,Academic year,Regional,E92000001,England,E12000006,East of England,6 Rural - Hamlet and isolated dwellings,Provisional,11,1556,78163.25,50.2,1538,98.8,787,50.6,1141,73.3,772,49.6,6982.99,4.49,371,23.8,527,33.9,1464,-1.247,0,-0.07,0.07
202122,Academic year,Regional,E92000001,England,E12000006,East of England,Total,Provisional,448,65738,3221942.88,49,63497,96.6,32765,49.8,45803,69.7,25054,38.1,282936.56,4.3,13429,20.4,17724,27,62606,-460.822,-0.01,-0.02,0
202122,Academic year,Regional,E92000001,England,E13000001,Inner London,1 Urban - Major conurbation,Provisional,223,29103,1509655,51.9,28083,96.5,16422,56.4,21405,73.5,17023,58.5,137355.8,4.72,8140,28,10823,37.2,26635,5330.341,0.2,0.18,0.22
202122,Academic year,Regional,E92000001,England,E13000001,Inner London,Total,Provisional,223,29103,1509655,51.9,28083,96.5,16422,56.4,21405,73.5,17023,58.5,137355.8,4.72,8140,28,10823,37.2,26635,5330.341,0.2,0.18,0.22
202122,Academic year,Regional,E92000001,England,E12000001,North East,1 Urban - Major conurbation,Provisional,80,11958,560113,46.8,11290,94.4,5490,45.9,7752,64.8,4574,38.3,48645.56,4.07,2435,20.4,3222,26.9,11577,-3553.44,-0.31,-0.33,-0.28
202122,Academic year,Regional,E92000001,England,E12000001,North East,3 Urban - City and town,Provisional,87,12922,602688.5,46.6,12367,95.7,5806,44.9,8464,65.5,3863,29.9,51291.61,3.97,2103,16.3,2826,21.9,12550,-3473.814,-0.28,-0.3,-0.25
202122,Academic year,Regional,E92000001,England,E12000001,North East,4 Rural - Town and fringe,Provisional,22,2383,114833,48.2,2295,96.3,1192,50,1685,70.7,934,39.2,9942.44,4.17,454,19.1,628,26.4,2346,-138.689,-0.06,-0.12,0
202122,Academic year,Regional,E92000001,England,E12000001,North East,5 Rural - Village,Provisional,4,247,10431,42.2,224,90.7,117,47.4,156,63.2,38,15.4,849.03,3.44,24,9.7,31,12.6,243,-118.226,-0.49,-0.66,-0.31
202122,Academic year,Regional,E92000001,England,E12000001,North East,6 Rural - Hamlet and isolated dwellings,Provisional,1,261,11944.5,45.8,258,98.9,118,45.2,166,63.6,42,16.1,995.41,3.81,27,10.3,33,12.6,253,-29.693,-0.12,-0.29,0.06
202122,Academic year,Regional,E92000001,England,E12000001,North East,Total,Provisional,194,27771,1300010,46.8,26434,95.2,12723,45.8,18223,65.6,9451,34,111724.05,4.02,5043,18.2,6740,24.3,26969,-7313.862,-0.27,-0.29,-0.25
202122,Academic year,Regional,E92000001,England,E12000002,North West,1 Urban - Major conurbation,Provisional,296,46219,2156489.19,46.7,44232,95.7,21140,45.7,29920,64.7,16998,36.8,187050.43,4.05,8190,17.7,11164,24.2,43503,-7920,-0.18,-0.2,-0.17
202122,Academic year,Regional,E92000001,England,E12000002,North West,3 Urban - City and town,Provisional,214,28286,1336274,47.2,27270,96.4,13307,47,18964,67,9617,34,115400.24,4.08,4493,15.9,6080,21.5,27176,-3929.88,-0.14,-0.16,-0.13
202122,Academic year,Regional,E92000001,England,E12000002,North West,4 Rural - Town and fringe,Provisional,37,5162,256318,49.7,5073,98.3,2612,50.6,3646,70.6,1734,33.6,22309.31,4.32,982,19,1265,24.5,4978,-258.009,-0.05,-0.09,-0.01
202122,Academic year,Regional,E92000001,England,E12000002,North West,5 Rural - Village,Provisional,8,870,43752.5,50.3,856,98.4,444,51,623,71.6,293,33.7,3843.27,4.42,161,18.5,219,25.2,848,-24.422,-0.03,-0.12,0.07
202122,Academic year,Regional,E92000001,England,E12000002,North West,6 Rural - Hamlet and isolated dwellings,Provisional,9,942,43085.75,45.7,914,97,447,47.5,625,66.3,271,28.8,3756.9,3.99,141,15,172,18.3,918,-291.476,-0.32,-0.41,-0.23
202122,Academic year,Regional,E92000001,England,E12000002,North West,Total,Provisional,564,81479,3835919.44,47.1,78345,96.2,37950,46.6,53778,66,28913,35.5,332360.15,4.08,13967,17.1,18900,23.2,77423,-12423.787,-0.16,-0.17,-0.15
202122,Academic year,Regional,E92000001,England,E13000002,Outer London,1 Urban - Major conurbation,Provisional,370,56432,2985790.35,52.9,54617,96.8,32585,57.7,41962,74.4,30440,53.9,270003.51,4.78,16169,28.7,21022,37.3,51372,12909.658,0.25,0.24,0.26
202122,Academic year,Regional,E92000001,England,E13000002,Outer London,3 Urban - City and town,Provisional,1,108,6306,58.4,108,100,73,67.6,87,80.6,46,42.6,554.84,5.14,24,22.2,28,25.9,89,91.529,1.03,0.74,1.32
202122,Academic year,Regional,E92000001,England,E13000002,Outer London,4 Rural - Town and fringe,Provisional,1,63,2307.5,36.6,62,98.4,16,25.4,31,49.2,13,20.6,192.19,3.05,1,1.6,2,3.2,58,-65.52,-1.13,-1.49,-0.77
202122,Academic year,Regional,E92000001,England,E13000002,Outer London,5 Rural - Village,Provisional,1,207,9446,45.6,201,97.1,86,41.5,146,70.5,54,26.1,792.4,3.83,25,12.1,40,19.3,203,-140.352,-0.69,-0.89,-0.5
202122,Academic year,Regional,E92000001,England,E13000002,Outer London,Total,Provisional,373,56810,3003849.85,52.9,54988,96.8,32760,57.7,42226,74.3,30553,53.8,271542.94,4.78,16219,28.5,21092,37.1,51722,12795.315,0.25,0.24,0.26
202122,Academic year,Regional,E92000001,England,E12000008,South East,1 Urban - Major conurbation,Provisional,55,8554,460833,53.9,8335,97.4,5133,60,6557,76.7,3405,39.8,40759.04,4.76,2216,25.9,2713,31.7,8076,1583.402,0.2,0.17,0.23
202122,Academic year,Regional,E92000001,England,E12000008,South East,3 Urban - City and town,Provisional,487,73119,3635887.82,49.7,70340,96.2,37477,51.3,51100,69.9,28836,39.4,320409.32,4.38,16467,22.5,21027,28.8,68894,-3435.655,-0.05,-0.06,-0.04
202122,Academic year,Regional,E92000001,England,E12000008,South East,4 Rural - Town and fringe,Provisional,51,8369,422119.26,50.4,8182,97.8,4315,51.6,6064,72.5,3063,36.6,36879.01,4.41,1633,19.5,2163,25.8,7905,175.399,0.02,-0.01,0.05
202122,Academic year,Regional,E92000001,England,E12000008,South East,5 Rural - Village,Provisional,18,1886,92741,49.2,1830,97,1009,53.5,1371,72.7,785,41.6,8198.23,4.35,410,21.7,543,28.8,1751,-93.305,-0.05,-0.12,0.01
202122,Academic year,Regional,E92000001,England,E12000008,South East,6 Rural - Hamlet and isolated dwellings,Provisional,14,1043,43543.5,41.7,962,92.2,435,41.7,652,62.5,257,24.6,3669.91,3.52,98,9.4,125,12,986,-507.249,-0.51,-0.6,-0.43
202122,Academic year,Regional,E92000001,England,E12000008,South East,Total,Provisional,625,92971,4655124.58,50.1,89649,96.4,48369,52,65744,70.7,36346,39.1,409915.51,4.41,20824,22.4,26571,28.6,87612,-2277.408,-0.03,-0.04,-0.02
202122,Academic year,Regional,E92000001,England,E12000009,South West,3 Urban - City and town,Provisional,295,41461,2020539.25,48.7,39973,96.4,20498,49.4,28597,69,13042,31.5,174856.44,4.22,7245,17.5,9476,22.9,39415,-2594.865,-0.07,-0.08,-0.05
202122,Academic year,Regional,E92000001,England,E12000009,South West,4 Rural - Town and fringe,Provisional,63,9026,435104.63,48.2,8819,97.7,4216,46.7,6159,68.2,3055,33.8,37898.8,4.2,1524,16.9,2076,23,8686,-661.912,-0.08,-0.11,-0.05
202122,Academic year,Regional,E92000001,England,E12000009,South West,5 Rural - Village,Provisional,15,1647,84807,51.5,1582,96.1,930,56.5,1235,75,653,39.6,7561.27,4.59,398,24.2,515,31.3,1552,-28.764,-0.02,-0.09,0.05
202122,Academic year,Regional,E92000001,England,E12000009,South West,6 Rural - Hamlet and isolated dwellings,Provisional,18,2031,99178.5,48.8,1923,94.7,992,48.8,1426,70.2,530,26.1,8487.94,4.18,304,15,388,19.1,1926,-32.13,-0.02,-0.08,0.05
202122,Academic year,Regional,E92000001,England,E12000009,South West,Total,Provisional,391,54165,2639629.38,48.7,52297,96.6,26636,49.2,37417,69.1,17280,31.9,228804.45,4.22,9471,17.5,12455,23,51579,-3317.671,-0.06,-0.08,-0.05
202122,Academic year,Regional,E92000001,England,E12000005,West Midlands,1 Urban - Major conurbation,Provisional,230,33834,1611684.26,47.6,32629,96.4,16054,47.4,22394,66.2,12285,36.3,138933.14,4.11,5830,17.2,7900,23.3,31825,472.955,0.01,0,0.03
202122,Academic year,Regional,E92000001,England,E12000005,West Midlands,3 Urban - City and town,Provisional,185,25462,1190635.91,46.8,24429,95.9,11593,45.5,16680,65.5,8865,34.8,103183,4.05,4233,16.6,5866,23,24276,-3839.327,-0.16,-0.18,-0.14
202122,Academic year,Regional,E92000001,England,E12000005,West Midlands,4 Rural - Town and fringe,Provisional,34,4625,230703.51,49.9,4554,98.5,2302,49.8,3254,70.4,1500,32.4,19983.99,4.32,886,19.2,1157,25,4427,-270.132,-0.06,-0.1,-0.02
202122,Academic year,Regional,E92000001,England,E12000005,West Midlands,5 Rural - Village,Provisional,7,879,44219,50.3,868,98.7,476,54.2,675,76.8,312,35.5,3851.15,4.38,151,17.2,205,23.3,834,-4.158,0,-0.1,0.09
202122,Academic year,Regional,E92000001,England,E12000005,West Midlands,6 Rural - Hamlet and isolated dwellings,Provisional,14,1302,61998.5,47.6,1209,92.9,624,47.9,881,67.7,474,36.4,5461.19,4.19,283,21.7,361,27.7,1239,46.655,0.04,-0.04,0.12
202122,Academic year,Regional,E92000001,England,E12000005,West Midlands,Total,Provisional,470,66102,3139241.18,47.5,63689,96.3,31049,47,43884,66.4,23436,35.5,271412.47,4.11,11383,17.2,15489,23.4,62601,-3594.007,-0.06,-0.07,-0.05
202122,Academic year,Regional,E92000001,England,E12000003,Yorkshire and The Humber,1 Urban - Major conurbation,Provisional,124,21506,998094,46.4,20616,95.9,10321,48,14133,65.7,7896,36.7,87227.14,4.06,3839,17.9,5102,23.7,20490,-809.128,-0.04,-0.06,-0.02
202122,Academic year,Regional,E92000001,England,E12000003,Yorkshire and The Humber,2 Urban - minor conurbation,Provisional,76,12297,556813.25,45.3,11817,96.1,5496,44.7,7883,64.1,3916,31.8,47677.61,3.88,1903,15.5,2575,20.9,11785,-1837.834,-0.16,-0.18,-0.13
202122,Academic year,Regional,E92000001,England,E12000003,Yorkshire and The Humber,3 Urban - City and town,Provisional,125,18956,896564.25,47.3,18297,96.5,9033,47.7,12647,66.7,6591,34.8,78054.78,4.12,3516,18.5,4590,24.2,18342,-1471.936,-0.08,-0.1,-0.06
202122,Academic year,Regional,E92000001,England,E12000003,Yorkshire and The Humber,4 Rural - Town and fringe,Provisional,43,6049,290012.25,47.9,5897,97.5,2846,47,4198,69.4,1772,29.3,25010.5,4.13,947,15.7,1314,21.7,5892,-597.107,-0.1,-0.14,-0.07
202122,Academic year,Regional,E92000001,England,E12000003,Yorkshire and The Humber,5 Rural - Village,Provisional,6,699,39187.5,56.1,673,96.3,472,67.5,578,82.7,214,30.6,3364.34,4.81,134,19.2,157,22.5,685,280.732,0.41,0.3,0.52
202122,Academic year,Regional,E92000001,England,E12000003,Yorkshire and The Humber,6 Rural - Hamlet and isolated dwellings,Provisional,3,499,25601.25,51.3,483,96.8,298,59.7,373,74.7,300,60.1,2369.11,4.75,174,34.9,226,45.3,488,148.255,0.3,0.18,0.43
202122,Academic year,Regional,E92000001,England,E12000003,Yorkshire and The Humber,Total,Provisional,377,60006,2806272.5,46.8,57783,96.3,28466,47.4,39812,66.3,20689,34.5,243703.48,4.06,10513,17.5,13964,23.3,57682,-4287.018,-0.07,-0.09,-0.06
