﻿time_period,time_identifier,geographic_level,country_code,country_name,institution_group,institution_type,characteristic_group,characteristic,version,inst_count,cohort,overall,education,he,fe,fel3,fel2,fel1,other_edu,ind,non_des,ssf,sfc,spec_prov,edu_combo,appren,appl4,appl3,appl2,all_work,all_notsust,notsust,notsust_ben,only_ben,all_unknown,unknown_id,unknown
202021,Academic year,National,E92000001,England,State-funded mainstream schools,Free,Total,Total,Provisional,50,2249,86.9,70.7,61.8,2.4,1.7,0.6,low,6.4,0.3,0,6,0.1,0,0.1,2.8,0.8,1.5,0.4,13.5,8.2,4.3,2.6,1.3,4.9,3.7,1.2
202021,Academic year,National,E92000001,England,State-funded mainstream schools & colleges,Total,Disadvantage Y11 Status,Disadvantaged,Provisional,.,134254,70.3,47.4,26.2,17.7,9,6.2,2.5,3.5,low,0,1.5,1.6,low,0.2,4.9,0.2,2.2,2.5,17.9,24.6,6.8,10,7.7,5.1,4.8,0.3
202021,Academic year,National,E92000001,England,State-funded mainstream colleges,Total,Total,Total,Provisional,312,320302,74.3,43.2,20.8,20.4,11.4,6.2,2.8,2,low,0,low,1.6,low,0.3,7.7,0.4,4,3.4,23.3,19.8,6.9,7.7,5.1,6,4.9,1.1
202021,Academic year,National,E92000001,England,State-funded mainstream schools,LA maintained,Total,Total,Provisional,453,39020,85,65.5,57.6,3.1,2.2,0.7,0.2,4.8,0.1,0,4.5,0.1,low,0.1,4,0.8,1.8,1.4,15.5,10.1,5,3.3,1.9,4.9,4,1
202021,Academic year,National,E92000001,England,State-funded mainstream schools,Sponsored academy,Total,Total,Provisional,428,25770,83,61,53.4,3.1,1.6,1,0.5,4.5,low,0,4.3,low,low,0.1,4.9,0.7,2.2,2,17.1,12.1,5.2,4.2,2.6,5,3.8,1.2
202021,Academic year,National,E92000001,England,State-funded mainstream schools,Academy 16-19 Sponsor Led,Total,Total,Provisional,1,237,84.4,44.7,33.3,3,0.8,2.1,0,8.4,0,0,7.6,0,0,0.8,8.4,0.8,3,4.6,31.2,13.5,8.4,4.2,0.8,2.1,1.7,0.4
202021,Academic year,National,E92000001,England,State-funded mainstream schools,Other non-selective school,Total,Total,Provisional,1845,184402,85.8,63.8,56,2.8,1.9,0.6,0.2,5,0.1,0,3.6,1.2,low,0.1,4.6,1,2.2,1.5,17.4,9.8,4.8,3.3,1.8,4.4,3.6,0.7
202021,Academic year,National,E92000001,England,State-funded mainstream schools,Converter academy,Total,Total,Provisional,1146,146241,87,65,57.9,2.5,1.9,0.5,0.2,4.5,0.1,0,2.8,1.5,low,0.1,4.4,1.1,2,1.3,17.6,8.9,4.6,2.9,1.5,4.1,3.5,0.6
202021,Academic year,National,E92000001,England,State-funded mainstream schools,Studio,Total,Total,Provisional,26,904,75.2,47.7,38.7,5.3,1.9,3.2,0.2,3.7,0.2,0,3.3,0.1,0,0,4.5,0.9,1.5,2.1,23,16.8,5.9,7.5,3.4,8,7,1
202021,Academic year,National,E92000001,England,State-funded mainstream colleges,Total FE sector,Total,Total,Provisional,312,320302,74.3,43.2,20.8,20.4,11.4,6.2,2.8,2,low,0,low,1.6,low,0.3,7.7,0.4,4,3.4,23.3,19.8,6.9,7.7,5.1,6,4.9,1.1
202021,Academic year,National,E92000001,England,State-funded mainstream colleges,Sixth form colleges,Total,Total,Provisional,61,53441,84.4,61.6,49.6,2.7,1.8,0.6,0.3,9.4,0.1,0,0.1,9.1,low,0.1,4.5,0.7,2.2,1.5,18.3,11.1,4.9,4.1,2.1,4.5,3.6,0.8
202021,Academic year,National,E92000001,England,State-funded mainstream schools,Total,Disadvantage Y11 Status,Not Disadvantaged,Provisional,.,183639,87,64.5,57.9,2.6,1.9,0.5,0.2,4.1,0.1,0,3,0.9,low,0.1,4.7,1.2,2.2,1.3,17.8,8.6,4.7,2.6,1.3,4.4,3.6,0.8
202021,Academic year,National,E92000001,England,State-funded mainstream colleges,Total,Disadvantage Y11 Status,Disadvantaged,Provisional,.,95408,65.8,40.8,15.3,23.6,11.9,8.3,3.4,2,low,0,low,1.6,low,0.3,5.4,0.1,2.4,2.9,19.5,28.7,7.5,11.8,9.3,5.5,5.3,0.3
202021,Academic year,National,E92000001,England,State-funded mainstream schools,Total,Total,Total,Provisional,2184,222485,86,64.4,57.1,2.7,1.9,0.6,0.2,4.6,0.1,0,3.4,1,low,0.1,4.5,1,2.1,1.4,17.1,9.6,4.8,3.1,1.7,4.4,3.6,0.7
202021,Academic year,National,E92000001,England,State-funded mainstream schools,Non-selective school in highly selective area,Total,Total,Provisional,175,13394,82.8,55,47.1,3.5,2.1,1,0.4,4.5,low,0,3.8,0.5,low,0.1,5.6,0.7,2.7,2.2,22.1,12.2,5.6,4.3,2.3,5,4,1
202021,Academic year,National,E92000001,England,State-funded mainstream schools,Selective school,Total,Total,Provisional,164,24689,89.3,74.3,70.7,1.7,1.5,0.1,0.1,1.9,0.3,0,1.5,low,low,0.1,2.7,1.5,0.9,0.4,12.3,6.5,4.2,1.5,0.8,4.2,3.7,0.6
202021,Academic year,National,E92000001,England,State-funded mainstream schools,Academy 16-19 Converter,Total,Total,Provisional,28,23449,85.2,60.1,47.8,2.6,1.8,0.5,0.2,9.7,0.1,0,0.5,8.9,low,0.1,4.6,0.8,2.2,1.6,20.4,10.9,4.7,4.1,2.2,3.9,3.4,0.5
202021,Academic year,National,E92000001,England,State-funded mainstream schools,Free 16-19,Total,Total,Provisional,25,4560,85.2,64.3,57.9,1.8,1.1,0.4,0.2,4.7,0.2,0,3,1.3,0,0.1,4.1,1,1.8,1.3,16.8,10.7,4.9,3.9,1.8,4.2,3.6,0.6
202021,Academic year,National,E92000001,England,State-funded mainstream colleges,Other FE sector colleges,Total,Total,Provisional,251,266861,72.2,39.5,15.1,23.9,13.3,7.3,3.4,0.5,low,0,low,0.1,low,0.3,8.4,0.3,4.3,3.7,24.3,21.5,7.3,8.4,5.7,6.3,5.1,1.2
202021,Academic year,National,E92000001,England,State-funded mainstream schools,Total,Disadvantage Y11 Status,Disadvantaged,Provisional,.,38846,81.4,63.7,53.1,3.4,2,1,0.4,7.2,0.1,0,5.3,1.7,low,0.1,3.7,0.5,1.6,1.6,14,14.5,5.1,5.6,3.8,4.1,3.8,0.2
202021,Academic year,National,E92000001,England,State-funded mainstream schools,Other non-selective school,Disadvantage Y11 Status,Disadvantaged,Provisional,.,34639,81.4,64.1,53.2,3.4,2,1,0.5,7.5,0.1,0,5.4,1.9,low,0.1,3.7,0.5,1.6,1.6,13.7,14.5,5.1,5.6,3.8,4,3.8,0.3
202021,Academic year,National,E92000001,England,State-funded mainstream colleges,Sixth form colleges,Disadvantage Y11 Status,Disadvantaged,Provisional,.,11569,79.3,61.4,45.4,3,1.5,1.1,0.4,13.1,0.1,0,0.1,12.8,low,0.1,3.6,0.3,1.6,1.6,14.3,16.5,5.3,6.9,4.3,4.2,3.8,0.3
202021,Academic year,National,E92000001,England,State-funded mainstream colleges,Sixth form colleges,Disadvantage Y11 Status,Not Disadvantaged,Provisional,.,41872,85.8,61.7,50.8,2.6,1.9,0.5,0.2,8.3,0.1,0,0.1,8.1,low,0.1,4.7,0.8,2.4,1.5,19.4,9.6,4.7,3.3,1.6,4.6,3.6,1
202021,Academic year,National,E92000001,England,State-funded mainstream colleges,Other FE sector colleges,Disadvantage Y11 Status,Not Disadvantaged,Provisional,.,183022,76,40.2,16.9,22.8,13.3,6.4,3.2,0.5,low,0,low,0.1,low,0.4,9.6,0.5,5.1,4.1,26.2,17.5,7.1,6.6,3.8,6.5,4.9,1.6
202021,Academic year,National,E92000001,England,State-funded mainstream colleges,Total,Disadvantage Y11 Status,Not Disadvantaged,Provisional,.,224894,77.9,44.2,23.2,19,11.2,5.3,2.6,2,low,0,low,1.6,low,0.3,8.7,0.5,4.6,3.6,24.9,16,6.7,6,3.4,6.2,4.7,1.5
202021,Academic year,National,E92000001,England,State-funded mainstream schools,Selective school,Disadvantage Y11 Status,Disadvantaged,Provisional,.,1769,85.1,71.1,66.4,1.8,1.6,0.2,0,2.9,0.3,0,2.4,0.1,0,0.1,3,1.1,1.1,0.8,11,10.5,4.6,3.7,2.1,4.5,4.2,0.2
202021,Academic year,National,E92000001,England,State-funded mainstream schools & colleges,Total,Total,Total,Provisional,2496,542787,79.1,51.9,35.7,13.1,7.5,3.9,1.8,3.1,0.1,0,1.4,1.3,low,0.2,6.4,0.7,3.2,2.6,20.8,15.6,6,5.8,3.7,5.3,4.4,1
202021,Academic year,National,E92000001,England,State-funded mainstream schools,Total acadamies & free,Total,Total,Provisional,1728,182586,86.3,64.2,57,2.6,1.8,0.6,0.2,4.6,0.1,0,3.1,1.2,low,0.1,4.6,1.1,2.1,1.4,17.5,9.5,4.7,3.1,1.7,4.3,3.6,0.7
202021,Academic year,National,E92000001,England,State-funded mainstream schools,University Technical College,Total,Total,Provisional,53,2862,83,52.8,39.6,2.8,1.3,1.1,0.4,10.4,low,0,10,0.1,0,0.3,12.9,3.4,7.7,1.9,17.3,12.2,5.5,4.3,2.4,4.9,4.1,0.7
202021,Academic year,National,E92000001,England,State-funded mainstream schools & colleges,Total,Disadvantage Y11 Status,Not Disadvantaged,Provisional,.,408533,82,53.3,38.8,11.6,7,3.1,1.5,2.9,0.1,0,1.4,1.2,low,0.2,6.9,0.8,3.5,2.6,21.7,12.6,5.8,4.5,2.4,5.4,4.2,1.2
202021,Academic year,National,E92000001,England,State-funded mainstream colleges,Other FE sector colleges,Disadvantage Y11 Status,Disadvantaged,Provisional,.,83839,63.9,38,11.2,26.4,13.3,9.2,3.8,0.4,low,0,low,0.1,low,0.3,5.7,0.1,2.6,3,20.3,30.3,7.8,12.5,10,5.7,5.5,0.3
202021,Academic year,National,E92000001,England,State-funded mainstream schools,Selective school,Disadvantage Y11 Status,Not Disadvantaged,Provisional,.,22920,89.6,74.5,71,1.7,1.5,0.1,0.1,1.9,0.3,0,1.4,low,low,0.1,2.7,1.5,0.9,0.3,12.4,6.2,4.2,1.4,0.7,4.2,3.6,0.6
202021,Academic year,National,E92000001,England,State-funded mainstream schools,Non-selective school in highly selective area,Disadvantage Y11 Status,Disadvantaged,Provisional,.,2438,78.3,53.6,42.3,4.9,2.3,1.8,0.7,6.4,0,0,5.6,0.7,low,low,4.4,0.2,2,2.3,20.3,17.4,5.7,7.2,4.4,4.3,4.3,0.1
202021,Academic year,National,E92000001,England,State-funded mainstream schools,Non-selective school in highly selective area,Disadvantage Y11 Status,Not Disadvantaged,Provisional,.,10956,83.8,55.4,48.1,3.2,2.1,0.8,0.3,4.1,low,0,3.4,0.4,low,0.1,5.9,0.8,2.9,2.2,22.5,11.1,5.6,3.7,1.8,5.1,4,1.2
202021,Academic year,National,E92000001,England,State-funded mainstream schools,Other non-selective school,Disadvantage Y11 Status,Not Disadvantaged,Provisional,.,149763,86.8,63.7,56.6,2.7,1.9,0.5,0.2,4.4,0.1,0,3.2,1,low,0.1,4.9,1.1,2.3,1.4,18.3,8.7,4.7,2.7,1.3,4.4,3.6,0.9
