time_period,time_identifier,geographic_level,country_code,country_name,region_code,region_name,old_la_code,new_la_code,la_name,Age,Cohort_DJFavg,NEET_not_known_percent,NEET_percent,Notknown_percent,annual_change_ppts_NEET_not_known,annualchange_NEET,annualchange_notknown,cohort_March,TOTAL_participating_in_education_and_training_percent,Full_time_education_percent,Apprenticeship_percent,Other_education_and_training_percent,annual_change_Participation_in_education_training,annual_change_FTE,annual_change_apprenticeship,annual_change_other_education_training,September_guarantee_Offer_made_percent,September_guarantee_annual_change_ppts,cohort_noSEN_percent,NEET_NK_noSEN_percent,cohort_EHCP_percent,NEET_NK_EHCP_percent,cohort_SENDsupport_percent,NEET_NK_SENDsupport_percent,VG_cohort_DJF_avg,VG_cohort_percentage,VG_NEET_NK_percentage,Level_3,L2_em_GCSE_othL2,avg_att8,pt_l2basics_94,sess_overall_percent,sess_overall_percent_pa_10_exact,Age1617_ONS_population,NEET_NK_quintile,NEET_quintile,Notknown_quintile,Participation_ET_quintile,Sep_guarantee_quintile
2022,Calendar year,National,E92000001,England,,,,,,16-17,1208392.7,4.7,2.6,2.2,-0.8,-0.3,-0.5,1210281,92.9,86.6,4.4,1.9,-0.3,-0.8,0.6,-0.1,95.5,1.1,87.7,4.2,4.4,8.6,7.9,8.4,28070,2.3,23.6,59.8,32.7,50.9,72.2,5.5,22.4,1319736,z,z,z,z,z
2022,Calendar year,Regional,E92000001,England,E12000004,East Midlands,,,,16-17,102832.3,4.6,2.5,2,-1.7,-0.2,-1.5,103149,93.9,87,4.4,2.5,-0.1,-0.6,0.4,0.1,96.6,1.5,92.4,4.3,3.8,7.6,3.8,7.5,1500,1.5,23.7,56.3,31.4,49.6,70.7,5.2,22.3,111836,z,z,z,z,z
2022,Calendar year,Local authority,E92000001,England,E12000004,East Midlands,831,E06000015,Derby,16-17,6129.7,5.6,4.5,1,-1.8,-0.8,-1,6134,90.4,79.7,6.2,4.5,-0.2,-0.9,1.2,-0.5,94.3,2.2,94.4,5.3,5.6,9.8,z,z,89.3,1.5,41,49.4,31.8,46.4,64.5,5.3,21.4,6444,4,5,2,1,1
2022,Calendar year,Local authority,E92000001,England,E12000004,East Midlands,830,E10000007,Derbyshire,16-17,15739.7,2.4,1.7,0.7,-0.9,-0.2,-0.7,15729,96.5,86,6.4,4.1,1,-1.6,1.3,1.4,98,4.3,95.4,2.3,4.5,4.8,0,c,271.3,1.7,17.1,56.5,30.9,49.9,71.6,5.3,23,17792,1,2,1,5,4
2022,Calendar year,Local authority,E92000001,England,E12000004,East Midlands,856,E06000016,Leicester,16-17,9374.3,9,4.4,4.6,1.6,-0.4,1.9,9379,90.8,85.4,2.5,2.9,-0.7,-0.9,0.8,-0.7,95.4,-0.5,95.9,8.7,3.8,15.6,0.3,0,150,1.6,29.3,56.1,38.1,47.2,64.3,5,22.1,8705,5,5,5,1,2
2022,Calendar year,Local authority,E92000001,England,E12000004,East Midlands,855,E10000018,Leicestershire,16-17,14281.7,3.2,1.3,2,-1.5,-1.2,-0.3,14269,96.3,92.3,3.1,0.8,1.6,2.1,-0.2,-0.3,96.2,0,91.4,3.1,2.7,5.7,5.9,3.6,21,0.1,34.9,60.3,33.8,50.3,73.6,5,23.3,16651,2,1,4,5,3
2022,Calendar year,Local authority,E92000001,England,E12000004,East Midlands,925,E10000019,Lincolnshire,16-17,15962.3,5.4,2.9,2.5,0.8,0.7,0.1,15994,92.7,83.1,5.4,4.2,-2.2,-4.2,1.6,0.4,94.9,3,90,5,5.2,5.5,4.8,11.6,353.3,2.2,14.9,56,34.8,50.5,71.3,5.3,20.7,16418,4,4,4,3,2
2022,Calendar year,Local authority,E92000001,England,E12000004,East Midlands,892,E06000018,Nottingham,16-17,6594.7,4.7,4.2,0.5,-1.6,-1.3,-0.3,6620,92,86,2.5,3.5,-0.2,-0.6,0.1,0.3,95.6,-0.6,87.5,4.2,2.9,12,9.6,7,149.3,2.3,20.1,47.5,24,45.8,62.8,6.3,23.2,7290,3,5,1,2,2
2022,Calendar year,Local authority,E92000001,England,E12000004,East Midlands,891,E10000024,Nottinghamshire,16-17,17055.7,6.5,2.5,4,-7.3,0.8,-8.2,17211,93.1,87.7,4.2,1.2,-0.9,-0.1,-0.7,-0.1,97,1.6,91.9,6.1,2.1,10.2,6,10.4,134.7,0.8,33.2,56,27.1,51.1,73.4,5.1,22.5,18742,5,3,5,3,4
2022,Calendar year,Local authority,E92000001,England,E12000004,East Midlands,857,E06000017,Rutland,16-17,651.7,1.4,0.2,1.2,-0.5,-0.6,0.1,649,97.8,94.6,2.9,0.3,0.8,1.5,-0.9,0.1,97.9,1.9,95.2,1.5,4.6,0,0.2,c,c,c,c,68.2,28,55.3,81.5,3.5,19.1,1086,1,1,3,5,4
2022,Calendar year,Local authority,E92000001,England,E12000004,East Midlands,940,E06000061,North Northamptonshire,16-17,8048.3,2.4,1.7,0.7,z,z,z,8105,94.7,89.1,4.4,1.1,z,z,z,z,98.4,z,91.5,2.1,4.6,8,4,3,138.3,1.7,30.8,55.9,29.6,48.1,68.8,z,z,8762,1,2,1,4,5
2022,Calendar year,Local authority,E92000001,England,E12000004,East Midlands,941,E06000062,West Northamptonshire,16-17,8994.3,2.3,1.7,0.6,z,z,z,9059,95.5,90.8,4,0.6,z,z,z,z,98.8,z,93,2.1,3.6,4.7,3.5,4.5,186.3,2.1,26.7,58.8,29.7,51.1,73.3,z,z,9946,1,2,1,5,5
2022,Calendar year,Regional,E92000001,England,E12000006,East of England,,,,16-17,135729.3,3.9,2.8,1.1,-0.5,-0.4,-0.1,135659,92.3,86.9,4,1.3,-0.8,-0.9,0.3,-0.1,95.8,0.6,85.8,3.3,4.3,8.6,9.8,6.8,2820,2.1,29.2,61.5,30.8,51,72.6,5.1,22.4,146867,z,z,z,z,z
2022,Calendar year,Local authority,E92000001,England,E12000006,East of England,822,E06000055,Bedford,16-17,3906,4.6,1.9,2.8,0.8,-0.3,1.1,3905,93.6,90.8,2.3,0.5,-2,0.1,-0.6,-1.4,96.3,-0.7,91.9,4.1,2.9,7.2,5.2,12,35.7,0.9,27.1,61.8,30.4,48.6,68.8,4.9,21,4468,3,2,4,4,3
2022,Calendar year,Local authority,E92000001,England,E12000006,East of England,873,E10000003,Cambridgeshire,16-17,13208.7,2.9,2.6,0.3,-0.3,-0.1,-0.2,13215,92.8,87.1,3.4,2.3,-1.3,-1.5,0.4,-0.2,96.6,0.4,84.2,2.3,5.4,5.4,10.4,6.1,267,2,51.2,61.4,32.7,52.7,74.3,5.1,24.6,15058,1,3,1,3,3
2022,Calendar year,Local authority,E92000001,England,E12000006,East of England,823,E06000056,Central Bedfordshire,16-17,6180.7,3.6,2.4,1.3,-1.2,-1.3,0.1,6171,93.2,88.3,4.1,0.8,0.9,1.1,-0.4,0.2,95.8,0.8,87.2,3.2,4,5.8,8.8,7.4,91.3,1.5,25.9,59.4,30.3,49.2,71.2,4.6,21.8,6801,2,3,3,3,3
2022,Calendar year,Local authority,E92000001,England,E12000006,East of England,881,E10000012,Essex,16-17,32785.7,4.2,2.6,1.5,-0.1,-0.3,0.2,32825,92.4,86.5,4.5,1.4,-0.4,-0.4,0.3,-0.2,95.3,0.6,87.8,3.6,3.8,6.4,8.5,8.6,578.7,1.8,26.6,59.9,30.6,50.4,71.5,5.1,21.9,34832,3,3,3,2,2
2022,Calendar year,Local authority,E92000001,England,E12000006,East of England,919,E10000015,Hertfordshire,16-17,26798,3,2.2,0.8,-0.7,-0.4,-0.2,26735,93.8,90.2,2.8,0.8,0.1,-0.2,0.3,0,96.9,0.5,84.1,2.5,3.6,8.8,12.3,5,659,2.5,20.2,70.5,30.8,54.8,78.4,4.7,21.8,29740,2,3,2,4,4
2022,Calendar year,Local authority,E92000001,England,E12000006,East of England,821,E06000032,Luton,16-17,5678.3,3.1,2.3,0.8,-1.1,-0.4,-0.7,5700,95.4,93,1.5,0.9,0.6,0.5,0.1,-0.1,97.1,0,91.8,3.1,4.1,3,4.1,3.3,84.7,1.5,11,60.8,35.2,47.1,64.8,5.6,19.6,5703,2,3,2,4,4
2022,Calendar year,Local authority,E92000001,England,E12000006,East of England,926,E10000020,Norfolk,16-17,17948.3,4.9,3.9,1,-0.6,-0.5,-0.1,17872,88.1,81.9,5.5,0.6,-2.3,-3.3,1.1,-0.1,92.9,0.5,83.3,3.8,5.9,14.6,10.8,7.7,357.3,2,32.9,54.7,29.7,49.6,71.2,5.8,23.5,19128,3,5,2,1,1
2022,Calendar year,Local authority,E92000001,England,E12000006,East of England,874,E06000031,Peterborough,16-17,5109.7,5,3.6,1.3,-2,-0.4,-1.6,5120,91.2,86.6,2.8,1.8,-0.8,-1.3,1,-0.5,94.8,1.9,83.8,4.7,3.9,4.2,12.3,7.1,71.7,1.4,50.7,52.6,26.4,46.3,63.5,5.4,20.8,4929,4,5,3,2,2
2022,Calendar year,Local authority,E92000001,England,E12000006,East of England,882,E06000033,Southend-on-Sea,16-17,3919.3,3.7,1.7,2,-0.3,-0.1,-0.3,3921,95.3,93.2,1.4,0.6,-0.6,0.4,-1.1,0.1,96.1,1.7,87,3.3,4.6,4.5,8.4,8,95,2.4,11.6,69.7,26.3,57.6,79.3,5.2,21.7,4303,2,2,4,4,3
2022,Calendar year,Local authority,E92000001,England,E12000006,East of England,935,E10000029,Suffolk,16-17,15742.3,5,3.6,1.4,0,-0.1,0.1,15742,90.8,82.8,5.6,2.4,-1.5,-1.4,0,-0.1,95.8,0.7,84.7,4.4,5,11.8,10.3,6.9,541.7,3.4,34,58.9,33.8,48.8,70.2,5.5,23.6,17310,4,4,3,1,3
2022,Calendar year,Local authority,E92000001,England,E12000006,East of England,883,E06000034,Thurrock,16-17,4452.3,2,2,0,-0.2,-0.2,0,4453,94.5,87.6,4.8,2.1,-1.2,-2.2,0.5,0.5,100,0.3,86.7,1.4,4.3,6.8,9,5.6,36.7,0.8,21.8,55.6,26.2,49.4,70.7,4.6,21.4,4595,1,2,1,4,5
2022,Calendar year,Regional,E92000001,England,E12000007,London,,,,16-17,184680,3.4,1.5,1.9,-0.6,-0.3,-0.3,185116,96.2,93.5,1.7,1,0.2,0.1,0.3,-0.2,96.6,0.7,87.1,3.1,4.1,5.3,8.8,6,2890,1.6,20.5,69.8,35.8,54.1,75.6,5.1,20.5,208277,z,z,z,z,z
2022,Calendar year,Local authority,E92000001,England,E12000007,London,301,E09000002,Barking and Dagenham,16-17,6536,2.9,2.6,0.3,-0.8,-0.8,-0.1,6543,96,94,1.6,0.5,0.5,0.6,0.4,-0.5,97.5,0.5,96.8,2.7,2.3,7.4,0.9,6.6,71.7,1.1,27,61.3,30.9,50.5,70.1,4.9,20.9,6265,1,3,1,5,4
2022,Calendar year,Local authority,E92000001,England,E12000007,London,302,E09000003,Barnet,16-17,8015.7,1.5,0.8,0.7,-0.3,-0.2,0,8080,98.4,96.2,1.3,0.9,-0.1,-0.4,0.4,-0.1,99.2,0,85.3,1.5,3.5,1.6,11.2,1.1,83.3,1,19.2,76.6,37,60.8,84,4.5,19.8,10012,1,1,1,5,5
2022,Calendar year,Local authority,E92000001,England,E12000007,London,303,E09000004,Bexley,16-17,5872,2.3,1.9,0.4,-1,0,-1,5889,96.2,89.9,4.8,1.4,0.2,0.1,0,0.1,98.1,-0.1,86.6,1.8,4.4,7.7,9,4.6,70.7,1.2,29.2,62.3,33.9,54,75.5,4.7,21,6186,1,2,1,5,5
2022,Calendar year,Local authority,E92000001,England,E12000007,London,304,E09000005,Brent,16-17,7814,2.4,1.5,1,-0.7,-0.1,-0.6,7840,97.3,94.7,1.1,1.5,0.3,-0.1,0.3,0.1,97.5,0.3,83.8,2,3.8,4.4,12.4,4.4,149,1.9,14.3,73.1,36.6,53.7,75.4,5.2,19.1,8057,1,1,2,5,4
2022,Calendar year,Local authority,E92000001,England,E12000007,London,305,E09000006,Bromley,16-17,7134.3,1.5,1.2,0.3,-0.5,-0.4,0,7144,97.5,92.4,2.9,2.2,0,0.2,0,-0.3,98.6,0.2,81.1,1.1,4,3.4,15,3.1,143.7,2,13.2,68,32.5,55.2,78.8,5,21.1,8064,1,1,1,5,5
2022,Calendar year,Local authority,E92000001,England,E12000007,London,202,E09000007,Camden,16-17,3221,3.4,2,1.5,0.2,0.2,0.1,3237,95.2,93.9,0.6,0.6,0.2,0.6,-0.2,-0.2,98.4,-0.3,81.9,3,5.1,4,13,5.6,70,2.2,25.2,70.4,32.4,53.1,75.3,6.1,20.4,5813,2,2,3,4,5
2022,Calendar year,Local authority,E92000001,England,E12000007,London,306,E09000008,Croydon,16-17,9540.7,4.9,1.9,3,-0.5,0.1,-0.6,9560,95,91.5,1.6,1.8,-0.2,-0.1,0.1,-0.1,95.6,1.4,84.6,4.3,4.8,5.9,10.6,9.2,503.7,5.3,16.7,66.4,33.4,50,70.4,5.8,22.1,10142,4,2,5,4,2
2022,Calendar year,Local authority,E92000001,England,E12000007,London,307,E09000009,Ealing,16-17,8120.7,2,0.8,1.2,-0.7,-0.4,-0.4,8205,98.2,96.5,1.2,0.5,0.5,0.2,0.5,-0.2,95.8,5.2,87.2,1.7,3.9,2.2,9,4.3,134,1.7,11.7,73.9,36.1,53.6,76.6,5.1,19.6,8205,1,1,3,5,3
2022,Calendar year,Local authority,E92000001,England,E12000007,London,308,E09000010,Enfield,16-17,8899.7,5.6,0.9,4.7,1,-0.5,1.5,8885,95.5,93.3,1.5,0.7,-1,-0.3,0,-0.7,94.9,0.1,88.6,5.2,4.2,7.8,7.1,9.1,27.7,0.3,14.5,64.2,38.8,51.1,71.1,5.8,20.9,9056,4,1,5,4,2
2022,Calendar year,Local authority,E92000001,England,E12000007,London,203,E09000011,Greenwich,16-17,6173.3,3.8,2.3,1.5,-1,-0.4,-0.5,6200,95.3,91.4,2.7,1.2,0.6,0.9,-0.1,-0.2,97.6,1,94.1,3.7,4.3,5,1.5,8,137.3,2.2,19.9,61.3,32.9,51.2,70.8,5,20.6,6897,3,3,3,4,4
2022,Calendar year,Local authority,E92000001,England,E12000007,London,204,E09000012,Hackney,16-17,5308.7,2.7,1.7,1,-2.1,-0.3,-1.8,5347,96.6,94.6,1,1,0.8,1,0.3,-0.5,97.7,0.4,80.6,2.2,4.9,5.6,14.5,4.5,32,0.6,34.4,69.7,34.9,54,73.6,5,19.5,6468,1,2,2,5,4
2022,Calendar year,Local authority,E92000001,England,E12000007,London,205,E09000013,Hammersmith and Fulham,16-17,2655.7,9.2,0.7,8.5,7.7,-0.2,8,2686,93.1,91.1,1.6,0.4,-5.4,-6.7,1.1,0.2,67.2,-31,82.6,8.2,7.6,16.2,9.8,12.1,23.3,0.9,27.1,73.6,37.4,58.1,81,4.8,19.2,3705,5,1,5,3,1
2022,Calendar year,Local authority,E92000001,England,E12000007,London,309,E09000014,Haringey,16-17,5568.7,5.7,1.4,4.4,-2.2,0,-2.2,5535,94.4,92.9,0.8,0.7,1.7,1.2,0.3,0.2,92.2,7.6,90.6,5.6,3.8,5.6,5.6,7.9,74,1.3,21.6,67.5,31.6,51.4,72.6,5.8,20.9,6308,4,1,5,4,1
2022,Calendar year,Local authority,E92000001,England,E12000007,London,310,E09000015,Harrow,16-17,5649.3,1.9,1.1,0.8,-0.6,0,-0.6,5647,97.9,96.1,1,0.9,0.4,0.2,0.4,-0.2,98.1,0.1,86.2,1.6,4.3,2.5,9.5,4.2,74.3,1.3,20.6,78.5,42.7,54.8,75.9,5,19.1,6120,1,1,2,5,5
2022,Calendar year,Local authority,E92000001,England,E12000007,London,311,E09000016,Havering,16-17,6121,2.7,1.7,1,-1.1,-0.6,-0.4,6108,95.6,90.2,3.9,1.4,0.1,-0.2,0.9,-0.6,98.1,0,96.5,2.6,3.1,7.4,0.4,10.7,91.3,1.5,21.2,63,35.4,52.2,76.1,4.3,20.6,6280,1,2,2,5,4
2022,Calendar year,Local authority,E92000001,England,E12000007,London,312,E09000017,Hillingdon,16-17,7296,5.3,0.5,4.8,2.5,-1.5,3.9,7301,95.9,92.5,2.8,0.6,-1.1,-1.4,0.4,-0.1,96.8,5.1,86.4,5,4,2.6,9.6,9,55.7,0.8,22.8,66.8,35.7,52.8,74.2,5.1,20.8,7613,4,1,5,5,3
2022,Calendar year,Local authority,E92000001,England,E12000007,London,313,E09000018,Hounslow,16-17,6437.7,3.3,1.7,1.6,-0.2,-0.2,0,6457,96.3,94.2,1.5,0.7,0,-0.9,0.8,0,96.6,0.9,84.9,2.5,4.9,8.3,10.2,6.9,72,1.1,28.2,74.5,40.2,53.9,74.9,4.5,19.5,6464,2,2,3,5,3
2022,Calendar year,Local authority,E92000001,England,E12000007,London,206,E09000019,Islington,16-17,3346.7,4.6,1.9,2.8,-0.1,0.2,-0.3,3365,93.4,90.8,1.3,1.2,0.1,0.1,0.5,-0.4,97.3,0.2,80.8,4.1,4.6,5.8,14.5,7.3,28.3,0.8,14.1,68.1,33.7,52.2,72.9,6.2,20.1,4294,3,2,4,3,4
2022,Calendar year,Local authority,E92000001,England,E12000007,London,207,E09000020,Kensington and Chelsea,16-17,1404,3.5,2.4,1.2,-1.9,-1.2,-0.7,1408,94.7,92.9,1.3,0.6,0.8,1.6,-0.5,-0.3,98.7,0.5,84.4,2.9,4.4,5.4,11.2,7.4,15.3,1.1,34.8,77.7,39.9,57.9,82.6,4.8,20.4,2993,2,3,3,4,5
2022,Calendar year,Local authority,E92000001,England,E12000007,London,314,E09000021,Kingston upon Thames,16-17,3512.7,2.2,1.7,0.5,-0.1,0,-0.1,3515,97.4,94.5,1.7,1.1,0.4,0.7,0,-0.3,98.1,1.3,84.6,1.7,5.3,6.3,10.2,4.8,51,1.5,20.9,76.6,42.5,61.4,84.5,4.5,22,4149,1,2,1,5,5
2022,Calendar year,Local authority,E92000001,England,E12000007,London,208,E09000022,Lambeth,16-17,5463,4.1,1.6,2.5,-1.6,-0.3,-1.3,5466,95.6,93.2,0.8,1.5,1.1,0.8,-0.1,0.3,95.3,0.2,79.9,3.7,5.3,6.1,14.8,5.3,7,0.1,23.8,61.7,30.2,51.3,71.5,5.5,21,6428,3,1,4,5,2
2022,Calendar year,Local authority,E92000001,England,E12000007,London,209,E09000023,Lewisham,16-17,6487.3,5,1.2,3.8,-1.2,-0.2,-1,6496,95.2,92.9,1.6,0.7,-0.3,0.2,0.1,-0.7,98.3,-0.2,94.3,4.9,4,6.7,1.7,7.2,105,1.6,37.8,66.5,37,49.1,67.5,4.9,21,6704,4,1,5,4,5
2022,Calendar year,Local authority,E92000001,England,E12000007,London,315,E09000024,Merton,16-17,4345.7,2.1,1.1,1.1,-0.4,-0.4,0,4362,97.2,94.4,1.7,1.1,0.5,0.6,0.4,-0.5,97.4,0.7,79.8,1.7,6.3,4,13.8,3.6,118.3,2.7,15.5,67.5,37,53.2,73.2,5.1,20.3,4500,1,1,2,5,4
2022,Calendar year,Local authority,E92000001,England,E12000007,London,316,E09000025,Newham,16-17,8949,3.5,1.8,1.7,-1.6,-0.3,-1.4,8979,96.4,94.4,1.1,0.8,1.2,1.2,0.1,-0.1,95.7,1,88.6,3,1.9,8.5,9.6,7.9,59.3,0.7,25.8,70.8,37.1,54.5,74.3,5.2,20.9,8661,2,2,4,5,2
2022,Calendar year,Local authority,E92000001,England,E12000007,London,317,E09000026,Redbridge,16-17,7974,3,1.8,1.2,-0.6,0,-0.5,7978,96.2,94.8,1,0.5,0,0,0.1,-0.1,94.5,1.3,95.6,2.9,3.2,5.2,1.2,2.4,180.7,2.3,23.1,77.9,42.9,56.8,79.5,4.5,18.4,7800,2,2,3,5,2
2022,Calendar year,Local authority,E92000001,England,E12000007,London,318,E09000027,Richmond upon Thames,16-17,3256.3,2.3,1.1,1.2,-0.7,-1.2,0.5,3257,97.5,94.9,1.6,1.1,1,0.7,0.6,-0.2,97,0.8,81.7,2,5.1,3,13.1,3.8,36,1.1,24.1,71.2,34.6,58.1,83.8,5,22.7,4821,1,1,3,5,4
2022,Calendar year,Local authority,E92000001,England,E12000007,London,210,E09000028,Southwark,16-17,5550.7,3,1.7,1.3,-3.1,0,-3.1,5558,97.1,94.1,1.5,1.5,1.3,1.1,0.3,0,99.1,-0.2,80.7,2.4,4.2,4,15.1,5.9,10,0.2,10,71.6,32.8,55,77.2,4.9,21.6,6478,2,1,3,5,5
2022,Calendar year,Local authority,E92000001,England,E12000007,London,319,E09000029,Sutton,16-17,4864.3,3.9,0.9,3,0.7,-0.1,0.8,4875,96,91.5,3.2,1.3,-0.3,-0.6,0.6,-0.3,98.3,0.5,81.2,3.1,4.3,4.5,14.6,7.8,150.7,3.1,20.4,72.7,37.1,62,84.8,4.9,19.5,5089,3,1,5,5,5
2022,Calendar year,Local authority,E92000001,England,E12000007,London,211,E09000030,Tower Hamlets,16-17,6333.7,3.4,2.2,1.2,-1.6,-1.1,-0.5,6360,95.4,93.2,1.3,0.9,0.4,0.9,0.1,-0.5,96.7,3.5,89.5,3.1,5.2,3.5,5.2,8.4,202.3,3.2,23.9,73.2,37.2,51.7,74.4,4.3,18.3,7471,2,3,3,4,3
2022,Calendar year,Local authority,E92000001,England,E12000007,London,320,E09000031,Waltham Forest,16-17,6116,2.5,0.7,1.8,-0.6,-0.3,-0.4,6098,96.3,94.9,0.9,0.6,-0.3,-0.4,0.1,0,99.4,1.2,98.6,2.6,1.3,0.4,0.1,c,84,1.4,17.1,70,37.8,51.5,68.7,6.3,22.1,6267,1,1,4,5,5
2022,Calendar year,Local authority,E92000001,England,E12000007,London,212,E09000032,Wandsworth,16-17,4117.7,3.8,1.6,2.2,-2.8,-0.1,-2.7,4124,95.7,93.8,1,0.9,1.7,1.4,0.3,0,97.8,3.6,82.7,3.3,4.9,4.9,12.4,6.2,8.7,0.2,38.5,69,34.1,52.2,74.6,5,19.4,5420,2,1,4,5,4
2022,Calendar year,Local authority,E92000001,England,E12000007,London,213,E09000033,Westminster,16-17,2530,3.3,2.2,1.1,-0.3,-0.2,-0.2,2531,96.2,94.9,0.9,0.5,-0.2,-0.2,-0.1,0.1,98.3,0,80,2,5,4.7,14.9,9.3,15,0.6,20,75.8,34.8,57.6,82.4,5.7,19.9,5369,2,3,2,5,5
2022,Calendar year,Regional,E92000001,England,E12000001,North East,,,,16-17,56500,5.4,4.6,0.8,-0.3,-0.1,-0.2,56677,91.4,80,7.2,4.1,-0.8,-2.5,1.9,-0.2,95.7,0.9,89.1,4.7,4.7,11.8,6.2,10.3,2000,3.5,27.1,53.5,28.9,49.2,70.8,6,22.9,59592,z,z,z,z,z
2022,Calendar year,Local authority,E92000001,England,E12000001,North East,841,E06000005,Darlington,16-17,2406.7,4.4,2.8,1.6,-1.5,-3,1.6,2408,92.1,83.4,5.2,3.4,2.1,1.8,0.2,0.1,96.7,1.8,79.6,3.4,5.2,10.6,15.2,7.6,25,1,25.3,56.1,32,50.7,72.7,4.8,20.9,2568,3,4,3,2,3
2022,Calendar year,Local authority,E92000001,England,E12000001,North East,390,E08000037,Gateshead,16-17,3903.3,5,4.6,0.4,-0.8,-0.3,-0.5,3903,91.3,80.2,7.1,4,-1.3,-5.7,3.1,1.3,92.1,9,93,4.5,4.5,11.5,2.5,11.6,63.3,1.6,12.6,55.2,28.3,51.3,73.6,6.9,24.3,4523,4,5,1,2,1
2022,Calendar year,Local authority,E92000001,England,E12000001,North East,805,E06000001,Hartlepool,16-17,2242.7,3.7,3.7,0.1,-0.4,-0.4,0.1,2246,94,85.3,5.8,2.9,0.3,0.1,0.6,-0.5,97,-0.3,95.8,3.5,4.1,9.7,0.1,c,81,3.6,28.8,53.7,31.1,47.4,70,6.6,24.1,2290,2,5,1,4,4
2022,Calendar year,Local authority,E92000001,England,E12000001,North East,806,E06000002,Middlesbrough,16-17,3241,5.6,4.9,0.7,-0.5,0.7,-1.1,3307,93.7,80.8,3.9,9,0,-1.9,1.8,0.1,96.2,0.9,78,4.4,4.9,10.1,17.1,10.1,49.3,1.5,31.8,52.1,30.9,46.7,65.1,8,24.7,3435,4,5,1,4,3
2022,Calendar year,Local authority,E92000001,England,E12000001,North East,391,E08000021,Newcastle upon Tyne,16-17,5767.3,6.8,4.8,1.9,-0.4,0.2,-0.6,5764,91.2,81.9,4.8,4.5,-1.7,-1.6,0.5,-0.5,95,1.4,85.3,5.8,3.7,12.3,10.9,12.1,203,3.5,28.7,52.8,28.7,47.4,67.5,7.1,24.4,6084,5,5,4,2,2
2022,Calendar year,Local authority,E92000001,England,E12000001,North East,392,E08000022,North Tyneside,16-17,4452.7,4.3,3,1.3,-0.1,0,-0.2,4459,93.6,80.6,10.1,2.9,-0.2,-3,2.9,-0.1,96.5,-0.7,92.5,3.9,5.9,9.6,1.7,5.9,289,6.5,21.9,58.5,31.1,50.3,72.4,4.4,21.4,4834,3,4,3,3,3
2022,Calendar year,Local authority,E92000001,England,E12000001,North East,929,E06000057,Northumberland,16-17,6428,5.6,4.5,1.1,1,0.6,0.3,6439,90.7,80,8.3,2.3,-2,-2.1,0.4,-0.3,96.8,0.2,92.2,5.2,6.1,14.3,1.7,0,296.7,4.6,27.3,57.1,28.9,49.8,72.2,5.1,22.1,6914,4,5,2,1,3
2022,Calendar year,Local authority,E92000001,England,E12000001,North East,807,E06000003,Redcar and Cleveland,16-17,3077.3,5.8,5.8,0,0.4,0.4,0,3127,90.4,75.3,8.8,6.3,-1.9,-5.8,4.2,-0.4,96.7,-1,83,4.9,6.5,7.5,10.5,11.9,91.3,3,31,53.1,30,48.8,72,6.3,24,3223,4,5,1,1,3
2022,Calendar year,Local authority,E92000001,England,E12000001,North East,393,E08000023,South Tyneside,16-17,3178,5,4.6,0.4,-0.9,0,-0.8,3179,91.3,79.5,7.4,4.5,-0.9,-1.2,1.3,-1,92.5,0.8,86.4,3.9,6.1,10.7,7.5,12.6,39,1.2,22.2,53.8,28.8,46,66.9,5.6,21.8,3419,4,5,1,2,1
2022,Calendar year,Local authority,E92000001,England,E12000001,North East,808,E06000004,Stockton-on-Tees,16-17,4484.7,5.3,5.2,0.1,-0.2,0.1,-0.2,4499,91.6,78.1,6.1,7.5,-0.3,-2.8,1.3,1.2,96.4,1,92.2,4.7,4.9,12.6,2.9,10.7,201.3,4.5,27.3,56.6,26.9,50.4,74.1,5.7,22.7,4859,4,5,1,2,3
2022,Calendar year,Local authority,E92000001,England,E12000001,North East,394,E08000024,Sunderland,16-17,6146,5.4,4.8,0.6,0.3,0.4,-0.1,6153,90.6,79.9,7.1,3.6,-1.8,-2.2,1.2,-0.8,95.2,-0.5,97.5,5.3,2.4,10.3,0.1,0,108.7,1.8,37.1,50.3,28.8,49.2,69.8,6.5,23,5978,4,5,1,1,2
2022,Calendar year,Local authority,E92000001,England,E12000001,North East,840,E06000047,County Durham,16-17,11172.3,5.6,4.9,0.7,-0.9,-0.7,-0.2,11193,90.2,79,8.5,2.7,-0.2,-3.2,3.4,-0.5,96.6,0,87,4.6,4.4,14.4,8.6,10.5,552.7,4.9,28,48.9,26.8,50.1,71.7,6,21.7,11465,4,5,2,1,3
2022,Calendar year,Regional,E92000001,England,E12000002,North West,,,,16-17,164481.7,4.9,3.1,1.8,-0.4,-0.3,-0.1,165001,92.2,84,5.8,2.4,-0.5,-1.2,0.9,-0.1,95.7,-0.4,89.4,4.3,4.8,10.2,5.9,9.3,5590,3.4,24.8,57.9,34.8,49.6,70.3,5.7,22.5,172242,z,z,z,z,z
2022,Calendar year,Local authority,E92000001,England,E12000002,North West,889,E06000008,Blackburn with Darwen,16-17,4324,3.9,3.1,0.8,0.1,0.5,-0.4,4373,93.6,85.6,6,2,-0.5,-2.7,1.4,0.8,98,0.2,85.4,3.1,3.2,9.5,11.3,8.1,107.3,2.5,20.2,63.4,43,50.7,74,5.9,21.1,4230,3,4,2,3,4
2022,Calendar year,Local authority,E92000001,England,E12000002,North West,890,E06000009,Blackpool,16-17,3265.7,6.6,4.6,2,-2.3,0.2,-2.5,3258,86.7,75.8,5.5,5.5,-1.3,-4.3,-0.9,4,85.3,-5.7,88.6,6.2,4.5,6.8,6.9,11.8,6,0.2,50,49.8,40.4,41.7,57.5,6.3,22.7,3179,5,5,4,1,1
2022,Calendar year,Local authority,E92000001,England,E12000002,North West,350,E08000001,Bolton,16-17,7349,4.7,3.8,0.9,-0.9,-1,0.1,7341,91.9,86.3,3.4,2.2,0,0.9,0.1,-1,98.9,-0.1,93.8,4.1,4,14.9,2.2,11,427,5.8,31.8,59.5,33,48.9,68.8,5,21,7301,3,5,2,2,5
2022,Calendar year,Local authority,E92000001,England,E12000002,North West,351,E08000002,Bury,16-17,4566.7,3.6,3.4,0.2,0,0.1,-0.1,4564,92.4,84.8,5.4,2.2,0.1,0,0.7,-0.6,97.8,-0.8,83.8,2.4,5.6,11.3,10.6,8.5,188.7,4.1,27.2,61,41,49.4,72.3,5.6,22.2,4684,2,4,1,3,4
2022,Calendar year,Local authority,E92000001,England,E12000002,North West,895,E06000049,Cheshire East,16-17,7463.3,2,1.9,0.1,-0.2,-0.2,0,7488,96.3,88.6,3.9,3.9,0,-1.1,0.3,0.7,99,0.4,94.6,1.7,5.1,6.9,0.3,28.8,36,0.5,20.4,67,33.5,52.3,75.9,5.7,22.4,9004,1,2,1,5,5
2022,Calendar year,Local authority,E92000001,England,E12000002,North West,896,E06000050,Cheshire West and Chester,16-17,6912,4.6,3,1.6,0.9,-0.2,1.1,6913,92.6,86.4,4.7,1.5,-3.4,-3.6,0.4,-0.2,92,-5.7,92.2,4.1,5.3,10.3,2.5,10.7,154,2.2,32.7,58.1,27.6,51.6,74.5,5.7,23.9,7762,3,4,3,3,1
2022,Calendar year,Local authority,E92000001,England,E12000002,North West,909,E10000006,Cumbria,16-17,10157.3,3.4,2.1,1.3,-1.4,-1.2,-0.2,10169,92,78.3,11.1,2.6,0,-1.3,1.7,-0.4,97.6,1.1,85.2,2.8,4.6,6.8,10.2,6.5,280,2.8,24,54.1,34.9,49.4,71.3,5.3,21.5,10835,2,3,3,2,4
2022,Calendar year,Local authority,E92000001,England,E12000002,North West,876,E06000006,Halton,16-17,3122.3,3.3,3,0.3,-0.7,-0.4,-0.3,3121,90.7,79.7,7.1,3.9,-1.9,-3.4,2.4,-0.9,96.6,-0.2,84.7,2.3,4.1,8.6,11.2,8.8,166.7,5.3,27,53.9,32.3,47.2,63.5,6.6,24.4,3289,2,4,1,1,3
2022,Calendar year,Local authority,E92000001,England,E12000002,North West,340,E08000011,Knowsley,16-17,3607.7,5.9,5.1,0.8,-2,-1.7,-0.2,3597,89.5,81,6.3,2.2,2.1,3,-0.4,-0.6,98.6,0.6,86,5,5.5,9.4,8.5,13.3,160.3,4.4,36.8,38.9,28.1,37.8,51.9,8.2,23.2,3644,5,5,2,1,5
2022,Calendar year,Local authority,E92000001,England,E12000002,North West,888,E10000017,Lancashire,16-17,27712,5.2,2.5,2.7,-0.6,-0.1,-0.5,27947,93,81.5,9.5,2.1,-0.4,-2.8,2.1,0.3,93.7,0.1,92.2,4.9,3.7,8.9,4.1,9.5,646,2.3,17.8,60.5,36.7,50.4,72.4,5.3,21.2,28718,4,3,4,3,1
2022,Calendar year,Local authority,E92000001,England,E12000002,North West,341,E08000012,Liverpool,16-17,9923.3,7.6,4.4,3.2,-0.8,-0.4,-0.4,9989,89.2,80.4,4.1,4.7,-0.7,-1.5,0.4,0.5,95.2,2.2,83,6.6,4.6,14.4,12.4,11.8,557,5.6,24.2,52.2,29.7,47.4,65.9,6.3,22.9,9665,5,5,5,1,2
2022,Calendar year,Local authority,E92000001,England,E12000002,North West,352,E08000003,Manchester,16-17,12553.3,5.6,2.9,2.7,-2,-0.9,-1.1,12684,93.2,88.6,3,1.6,1.8,2.1,0.5,-0.8,93.5,-0.9,92.4,5.2,5.7,10.2,1.8,10.3,372,3,19.2,58.8,36.2,47.7,64.1,5.5,22.3,12483,4,4,4,3,1
2022,Calendar year,Local authority,E92000001,England,E12000002,North West,353,E08000004,Oldham,16-17,6318.3,6.9,3.2,3.7,1.8,-0.1,1.9,6318,90.9,85.7,4,1.2,-2.2,-2,0.6,-0.8,96.4,-0.8,91.3,6.5,5.6,10.1,3.2,13,275,4.4,25.2,56.3,35.1,46.2,65.7,6.9,23.8,6510,5,4,5,1,3
2022,Calendar year,Local authority,E92000001,England,E12000002,North West,354,E08000005,Rochdale,16-17,5518.3,6.8,3.4,3.5,2.4,0.3,2.1,5516,91.2,85.7,4.3,1.3,-2.5,-2.4,0.7,-0.8,96.8,-0.8,86.7,5.9,5.9,11.5,7.3,14.5,261.7,4.7,20.9,57.7,36.2,46.2,63.6,6.5,21.7,5734,5,4,5,2,3
2022,Calendar year,Local authority,E92000001,England,E12000002,North West,355,E08000006,Salford,16-17,5138,6.9,4.7,2.2,0.8,-0.1,1,5141,89.7,80.6,5.8,3.3,-1.5,-2.5,1.4,-0.4,94.6,0,80.4,5.9,6.4,11.4,13.2,11.3,238.7,4.6,32.1,46.5,28.3,45.1,63.4,7.2,24.3,5844,5,5,4,1,2
2022,Calendar year,Local authority,E92000001,England,E12000002,North West,343,E08000014,Sefton,16-17,5616.7,3.1,2.5,0.5,-0.4,-0.4,0,5650,93.6,85.3,4.9,3.3,-0.3,-0.4,1,-1,96.9,0,90.5,2.8,5.2,7.2,4.3,3.3,235.3,4.2,20.4,54.2,36.7,49.4,71.5,5.9,22.8,6022,2,3,1,3,4
2022,Calendar year,Local authority,E92000001,England,E12000002,North West,342,E08000013,St. Helens,16-17,4073.7,4.3,3.4,0.9,-0.1,0,-0.1,4069,92.3,82.1,4.3,5.9,0,0.8,-0.5,-0.3,95.6,0.1,95.8,3.9,4,11.9,0.2,11.1,111,2.7,30.9,50.9,34.1,48.2,67.3,6.9,24.6,4067,3,4,2,2,2
2022,Calendar year,Local authority,E92000001,England,E12000002,North West,356,E08000007,Stockport,16-17,6457.3,2.8,2.6,0.2,-1,-0.4,-0.6,6455,94.4,87.4,5.2,1.8,-0.2,-0.2,0.1,-0.1,97.5,-0.1,87.8,1.9,5.2,11.8,7,7.1,362.7,5.6,22.8,55.4,34.9,52.7,74.8,4.9,22.2,6990,1,3,1,4,4
2022,Calendar year,Local authority,E92000001,England,E12000002,North West,357,E08000008,Tameside,16-17,4983.7,8.1,4.1,4,3.3,0.6,2.7,4968,89.9,83.4,4.6,1.9,-3.9,-4.9,1.5,-0.4,95.7,-2.2,89.7,7.6,4.4,16.6,5.9,9.2,234,4.7,25.8,53.6,35.7,48.5,69.6,5.2,23.2,5360,5,5,5,1,2
2022,Calendar year,Local authority,E92000001,England,E12000002,North West,358,E08000009,Trafford,16-17,5743.7,4.1,1.6,2.5,-0.7,-0.6,-0.1,5771,94.2,89.5,3.4,1.3,0,0.1,-0.5,0.4,95.9,-0.2,88.5,3.5,5.1,9.5,6.4,7.8,47.7,0.8,21.7,74.5,33.4,60.2,84.4,4.8,20.8,6504,3,1,4,4,3
2022,Calendar year,Local authority,E92000001,England,E12000002,North West,877,E06000007,Warrington,16-17,4807.3,2.8,2.7,0.2,-0.4,-0.3,-0.2,4798,93.2,87.9,3.7,1.5,-0.7,-1,0.1,0.2,97.4,-0.2,86.5,2.4,5.6,6.9,7.9,4.5,130,2.7,27.2,62.5,40.5,51.8,75.7,5.1,22.2,4932,1,3,1,3,4
2022,Calendar year,Local authority,E92000001,England,E12000002,North West,359,E08000010,Wigan,16-17,7441,4.2,3.1,1.1,-1.6,-0.6,-1,7435,91.4,81,8,2.5,0.5,-0.3,1.4,-0.7,95.4,-0.2,93.9,3.9,4.6,8.7,1.4,11,313.7,4.2,23.3,56.1,32.4,49.7,70.4,5.8,22.6,7822,3,4,2,2,2
2022,Calendar year,Local authority,E92000001,England,E12000002,North West,344,E08000015,Wirral,16-17,7427,4.1,3.3,0.9,-0.9,-0.4,-0.6,7436,92.5,87.1,3.8,1.6,-0.3,0,0.3,-0.5,97,-0.2,86.6,3.5,4.4,12.3,9,6.5,277.7,3.7,29.4,58.6,36.6,51.9,72.8,5.9,23.3,7663,3,4,2,3,4
2022,Calendar year,Regional,E92000001,England,E12000008,South East,,,,16-17,191241.3,5.4,2.2,3.2,-1,-0.3,-0.6,191290,92,87.1,3.7,1.3,-0.2,-0.5,0.4,0,93.2,2.3,87.4,5,4.6,7.7,8,9,3860,2,23.9,60.6,32.9,52.1,74.4,5.3,22.3,220606,z,z,z,z,z
2022,Calendar year,Local authority,E92000001,England,E12000008,South East,867,E06000036,Bracknell Forest,16-17,2729,3.7,1.6,2.1,0.1,-0.8,0.8,2722,94.5,88,5.1,1.5,1.8,-0.5,1.1,1.2,97.5,4.6,95.6,3.5,1.5,8.9,2.9,9.3,81.7,3,14.7,61.6,38.1,52.8,75.6,4.6,21.3,3256,2,1,4,4,4
2022,Calendar year,Local authority,E92000001,England,E12000008,South East,846,E06000043,Brighton and Hove,16-17,5056.7,3.8,3,0.8,-0.6,0.2,-0.8,5074,91.8,88.1,2.9,0.9,-1.9,-2.5,0.5,0.1,96.5,0.6,81.6,2.7,4.8,9.8,13.6,8.6,203.7,4,38.1,62.8,33.1,52.5,75.6,5.8,23.6,5819,2,4,2,2,3
2022,Calendar year,Local authority,E92000001,England,E12000008,South East,825,E06000060,Buckinghamshire,16-17,12508,5.9,1.1,4.8,-1.1,-0.4,-0.7,12515,92.7,88.2,3.1,1.4,-0.5,-1.7,0.7,0.6,92.3,-0.2,84.8,5.3,5.8,10.4,9.4,8.7,260,2.1,25.5,73.2,31.3,59,81.8,4.9,20.4,14223,5,1,5,3,1
2022,Calendar year,Local authority,E92000001,England,E12000008,South East,845,E10000011,East Sussex,16-17,10676.3,4.9,3.8,1.1,-0.5,-0.1,-0.4,10670,88.8,83.5,4.4,0.9,-3.2,-3.7,0.8,-0.3,94.7,0.4,86.9,4.2,4.9,10.8,8.2,9.3,585,5.5,23.2,54.8,30.2,49.3,70.3,6.2,24.1,12483,3,5,3,1,2
2022,Calendar year,Local authority,E92000001,England,E12000008,South East,850,E10000014,Hampshire,16-17,29536.3,4.1,2.2,1.9,-1.1,-0.1,-1,29535,91.9,86.3,4.9,0.7,0.2,0.2,0.3,-0.3,97,-0.5,83.8,3.3,5,6.6,11.2,9.2,232.7,0.8,17.3,60.4,38.5,51.8,75.2,5,22.2,32770,3,3,4,2,4
2022,Calendar year,Local authority,E92000001,England,E12000008,South East,921,E06000046,Isle of Wight,16-17,2733,2.7,1.9,0.8,-2.7,0.2,-2.9,2733,92,82.1,4.4,5.5,-1.8,-3.7,1.6,0.3,98.2,0,82.5,2.1,5.3,3,12.2,7.1,30,1.1,44.4,51.2,28.9,47,67.4,5.8,24.1,3011,1,2,2,2,5
2022,Calendar year,Local authority,E92000001,England,E12000008,South East,886,E10000016,Kent,16-17,33576,5.1,2.8,2.3,-2.5,-0.2,-2.3,33436,91.5,86.1,3.7,1.7,0.7,0.5,0.5,-0.3,94.6,1.4,88.6,4.9,5.4,6.4,6,5.8,740.3,2.2,22.3,56.7,27.3,51.4,72.1,5.6,21.9,38955,4,4,4,2,2
2022,Calendar year,Local authority,E92000001,England,E12000008,South East,887,E06000035,Medway,16-17,6575.7,14.7,2.9,11.8,6.8,-0.5,7.3,6616,87.2,83.3,2.8,1.1,-4.3,-2.4,-1.5,-0.4,70.2,-16.6,98.1,14.7,1.9,11.7,z,z,85.3,1.3,34.4,55.2,23.6,49.4,70.2,5.6,20.1,7040,5,4,5,1,1
2022,Calendar year,Local authority,E92000001,England,E12000008,South East,826,E06000042,Milton Keynes,16-17,6700.7,3.7,2.4,1.4,-1,-0.8,-0.2,6714,94,88.8,3.7,1.4,0.7,-1.4,1.9,0.2,96.6,0.3,86.6,3,3.5,5,9.9,9.9,138,2.1,44.9,56.1,33.9,48.7,69.5,5.4,22.5,7090,2,3,3,4,3
2022,Calendar year,Local authority,E92000001,England,E12000008,South East,931,E10000025,Oxfordshire,16-17,13303.7,3.8,1.7,2.1,-0.3,-0.8,0.4,13356,94.2,87.6,4.9,1.8,0.1,-0.5,0.5,0.2,95.8,0.2,89.4,3.7,3.7,5.4,6.9,4,147.3,1.1,20.8,60.6,32.9,51,73.9,5.3,23.5,16312,2,2,4,4,2
2022,Calendar year,Local authority,E92000001,England,E12000008,South East,851,E06000044,Portsmouth,16-17,4169.7,5.1,3.8,1.3,-0.5,-0.6,0.1,4180,91.1,85.6,4,1.6,-0.4,-1.3,0.4,0.4,94.2,0.1,95.3,4.6,4.4,13,0.3,32.4,80.3,1.9,24.9,49.7,28,46.3,68.1,6.5,24.8,4600,4,5,3,2,1
2022,Calendar year,Local authority,E92000001,England,E12000008,South East,870,E06000038,Reading,16-17,3346.3,2.5,2.1,0.4,-2.4,-1,-1.4,3373,92.6,86.7,3.5,2.4,0.8,-0.7,1.1,0.4,95.1,2.5,90,1.9,5.4,7.3,4.6,9.4,99.3,3,20.5,60.7,35.4,55.4,73.2,5.1,21.2,3604,1,2,1,3,2
2022,Calendar year,Local authority,E92000001,England,E12000008,South East,871,E06000039,Slough,16-17,4117,3.3,2.2,1,-1.1,-1.5,0.3,4158,94.3,91.5,1.9,1,0,0.1,0.2,-0.3,93.3,-1.1,87.4,2.3,3.6,9.3,9,10.3,42.3,1,28.3,74.6,41.4,56.1,75.2,5,20.8,4356,2,3,2,4,1
2022,Calendar year,Local authority,E92000001,England,E12000008,South East,852,E06000045,Southampton,16-17,4682.3,6,3.8,2.2,-1.6,-0.7,-0.9,4685,89.2,83.5,3.4,2.2,-0.2,-0.1,-0.2,0.1,95.7,1,84.3,4.9,3.9,10.4,11.9,12.4,67.7,1.4,30,50.3,33.3,46.2,63.7,6.9,25.7,5080,5,5,4,1,2
2022,Calendar year,Local authority,E92000001,England,E12000008,South East,936,E10000030,Surrey,16-17,24135,7.9,1.1,6.8,-1.6,-0.3,-1.3,24108,92.5,88.2,3.3,1,0.4,-0.3,0.2,0.4,87.5,20.3,90.7,7.5,4.9,7.6,4.4,16.7,301,1.2,21.2,64.7,35.6,54.3,78.6,4.7,22,29754,5,1,5,3,1
2022,Calendar year,Local authority,E92000001,England,E12000008,South East,869,E06000037,West Berkshire,16-17,3405.3,2.1,1.7,0.4,-0.5,-0.4,-0.1,3421,93.5,86.1,4.9,2.4,-0.9,-0.3,-0.2,-0.3,98.3,0.4,82.4,1.6,4.8,6.2,12.8,3.8,139,4.1,21.8,63,36.4,52.4,77,5.2,22.9,4070,1,2,1,3,5
2022,Calendar year,Local authority,E92000001,England,E12000008,South East,938,E10000032,West Sussex,16-17,17011,6,2,4,-1.7,-0.2,-1.5,17002,92.4,89.9,2.1,0.4,0.8,1.2,-0.1,-0.3,92.7,2.6,83.7,5.5,3.7,5.9,12.6,9.2,562,3.3,17.3,59.4,36,51.6,75.2,5,22.2,19370,5,2,5,2,1
2022,Calendar year,Local authority,E92000001,England,E12000008,South East,868,E06000040,Windsor and Maidenhead,16-17,3082.7,10.9,0.6,10.3,6.1,-0.9,7.1,3089,90.7,86.9,3.3,0.5,-4.1,-4.3,0.6,-0.4,81.8,-12.6,85.7,9.7,4,17.8,10.3,17.8,20.3,0.7,63.9,71.6,39.3,53.8,77,4.9,21.7,4244,5,1,5,1,1
2022,Calendar year,Local authority,E92000001,England,E12000008,South East,872,E06000041,Wokingham,16-17,3896.7,2.8,1.7,1.1,-1.2,-0.4,-0.8,3903,96.3,92.6,2.9,0.8,1,0.9,0.2,-0.1,96.3,0.1,92.3,2.4,3.6,9,4.1,5.6,40,1,32.5,71.1,39.2,57.6,82.4,4.8,21.4,4557,1,2,2,5,3
2022,Calendar year,Regional,E92000001,England,E12000009,South West,,,,16-17,113843.7,5.3,2.9,2.3,-0.7,-0.1,-0.6,113957,91.5,84.3,5.5,1.7,-0.4,-1.2,0.8,0,94.7,3.4,84.8,4.4,4.7,9.8,10.6,9.8,3130,2.7,20.3,58.9,32.7,51.4,73.3,5.6,23.5,125666,z,z,z,z,z
2022,Calendar year,Local authority,E92000001,England,E12000009,South West,800,E06000022,Bath and North East Somerset,16-17,3346.7,5.8,1.6,4.2,-2.4,-0.7,-1.7,3361,93.4,89.6,3,0.8,1.4,0.4,0.8,0.2,95.7,13.2,89.6,5.5,0.9,12,9.5,7.6,70.3,2.1,24.6,59.2,37.7,55,78.8,5,24.4,4241,4,1,5,3,2
2022,Calendar year,Local authority,E92000001,England,E12000009,South West,801,E06000023,"Bristol, City of",16-17,8934,6,4.2,1.8,-0.8,0.7,-1.6,8931,90.8,86.4,4.1,0.3,0.3,0.2,0.7,-0.6,92.3,5.3,88.6,5.4,5.2,8.6,6.2,12.3,285,3.2,25.8,56.9,29.7,49.6,68.9,7.2,24.4,9389,5,5,4,1,1
2022,Calendar year,Local authority,E92000001,England,E12000009,South West,908,E06000052,Cornwall,16-17,11617,5.3,3.2,2.2,-0.4,-0.6,0.2,11617,91,82.1,6.8,2.1,-0.4,-3,2.1,0.5,96.1,0.5,83.9,4.5,4.6,8.5,11.5,10.4,217.3,1.9,20.6,58.9,33,50.1,70.6,5.4,21.9,12745,4,4,4,2,3
2022,Calendar year,Local authority,E92000001,England,E12000009,South West,878,E10000008,Devon,16-17,15966,5,3.4,1.6,-0.1,0.1,-0.2,15954,91.2,82.7,6.8,1.7,-0.8,-1.8,0.9,0.1,95.8,0.1,82.1,4.2,6.1,10.5,11.8,8.2,490.7,3.1,15.5,56.4,30.2,51.1,73,6.3,24.8,17385,4,4,3,2,2
2022,Calendar year,Local authority,E92000001,England,E12000009,South West,838,E06000059,Dorset,16-17,7363.3,4.2,2.7,1.5,-1.2,-0.5,-0.6,7356,91.5,83.7,6.2,1.6,-0.1,-1,0.9,0,92.8,-1.7,81.7,3,5.8,10.4,12.4,9.2,143.7,2,24.6,60.9,34.5,50.2,74.2,5.4,23.7,8252,3,3,3,2,1
2022,Calendar year,Local authority,E92000001,England,E12000009,South West,916,E10000013,Gloucestershire,16-17,13039,3.2,2.2,1,-0.8,-0.3,-0.5,13068,91.8,85.4,4,2.4,-1.1,0.3,-0.5,-0.9,97.6,0.2,92.8,2.9,2,10.5,5.2,6.3,526.3,4,16.8,62.9,34.5,54.3,76.1,5,22.6,14822,2,3,2,2,4
2022,Calendar year,Local authority,E92000001,England,E12000009,South West,802,E06000024,North Somerset,16-17,4679.7,5.1,2.7,2.4,-2.3,-0.1,-2.2,4677,93.4,88.2,3.8,1.4,1,1,-0.1,0.1,89.2,-1.7,90.8,4.5,3.8,8.7,5.4,13.5,152.3,3.3,23.4,65.2,37.3,52.3,75.4,5.3,23.2,4862,4,3,4,3,1
2022,Calendar year,Local authority,E92000001,England,E12000009,South West,879,E06000026,Plymouth,16-17,5512.3,6.4,4.2,2.2,-0.4,0,-0.5,5510,91.1,78.5,11.1,1.5,-0.1,-1.8,1.8,-0.1,96.1,1,81.6,5.3,6,14.3,12.4,9.7,200.3,3.6,26.1,53.6,34.2,50.5,72.3,6.3,22.6,5608,5,5,4,2,3
2022,Calendar year,Local authority,E92000001,England,E12000009,South West,933,E10000027,Somerset,16-17,11582.3,7.9,3,4.9,1,-0.4,1.4,11575,90.3,82.6,6.2,1.5,-1.2,-2,0.6,0.3,94.1,1,82.4,6.6,4.7,15.4,12.9,13.3,140,1.2,28.6,56.9,32.2,49.4,71.3,5.7,24.2,13010,5,4,5,1,1
2022,Calendar year,Local authority,E92000001,England,E12000009,South West,803,E06000025,South Gloucestershire,16-17,5994.7,6,2.1,4,-0.9,0.9,-1.8,6074,93.9,83.7,7,3.2,0,-1,0.4,0.6,95.7,10.3,83.8,5,3.8,7.7,12.3,12.5,c,c,c,53.8,35.3,50.9,73.9,5.4,23.5,6512,5,2,5,4,2
2022,Calendar year,Local authority,E92000001,England,E12000009,South West,866,E06000030,Swindon,16-17,5315.7,6.5,1.6,4.9,-0.2,-0.2,0.1,5314,92.1,87.1,3.6,1.4,-0.7,-1.4,1,-0.3,89.5,38.7,85.3,6,4.7,6.3,10,11.5,136.3,2.6,26.2,51.5,31.7,49.3,70.9,5.5,22.9,5350,5,1,5,2,1
2022,Calendar year,Local authority,E92000001,England,E12000009,South West,880,E06000027,Torbay,16-17,2972.7,5.3,3.2,2.1,0.2,-0.7,0.9,2972,91.4,84.1,4.5,2.8,-1.6,-4,1.1,1.3,96.7,-0.2,78.7,4.1,8.1,8.5,13.3,10.6,117.7,4,20.4,60.2,28.5,51.3,72,6.4,22.1,2905,4,4,4,2,3
2022,Calendar year,Local authority,E92000001,England,E12000009,South West,865,E06000054,Wiltshire,16-17,9780,4.3,2.2,2.1,-2.8,0.2,-3,9784,92.5,89.1,2.8,0.7,1.6,0.9,1,-0.3,94.8,0.5,85.4,3.7,4.6,5,10,8.9,218.3,2.2,20.2,60.8,32.9,51.4,72.7,5.1,22.6,12257,3,3,4,3,2
2022,Calendar year,Local authority,E92000001,England,E12000009,South West,839,E06000058,"Bournemouth, Christchurch and Poole",16-17,7709.7,4,3.4,0.5,-1.5,-0.7,-0.9,7733,90,81.7,5.7,2.6,-1.6,-2.8,1.1,0,94.6,4.3,78.3,3,5.1,8.4,16.7,7.2,425.3,5.5,15.8,63.4,29.2,54.2,78,5.1,24,8328,3,4,1,1,2
2022,Calendar year,Regional,E92000001,England,E12000005,West Midlands,,,,16-17,136729,5,2.2,2.7,-0.7,-0.3,-0.4,136842,93.2,86.8,4.4,2,-0.2,-0.3,0.6,-0.4,96.3,1.4,87.4,4.3,4.1,9.1,8.5,9.6,2500,1.8,21.8,57.4,31.4,49.5,69.5,5.7,22.3,144382,z,z,z,z,z
2022,Calendar year,Local authority,E92000001,England,E12000005,West Midlands,330,E08000025,Birmingham,16-17,31660.3,6.6,2.5,4.1,-1.9,-0.3,-1.6,31608,92.8,88.1,3.1,1.6,0.9,0.9,0.9,-0.9,94.2,3.3,81.7,5.7,4.3,9.2,14,10.9,150.3,0.5,35.9,61.7,33.7,50.1,69.4,6.3,22.5,31309,5,3,5,3,1
2022,Calendar year,Local authority,E92000001,England,E12000005,West Midlands,331,E08000026,Coventry,16-17,7884.3,3.9,2.1,1.8,-0.5,-0.2,-0.3,7884,94.2,89.1,3.5,1.5,-0.6,0.2,-1,0.2,98.6,1.2,91.9,3.6,3.9,8.9,4.2,4.5,318.7,4,16.7,54.7,30.1,48,68.2,5.5,22,8201,3,2,4,4,5
2022,Calendar year,Local authority,E92000001,England,E12000005,West Midlands,332,E08000027,Dudley,16-17,7349.3,8.6,2,6.6,2.9,-1.1,3.9,7344,93.5,85.4,6.1,2,1.3,1.8,1.3,-1.8,88.7,-6.9,84.7,7.9,4.6,15.1,10.7,11.1,246.7,3.4,21.5,55.2,27.8,47.6,66.7,5.8,22.1,8002,5,2,5,3,1
2022,Calendar year,Local authority,E92000001,England,E12000005,West Midlands,333,E08000028,Sandwell,16-17,8971,2.1,1.4,0.7,-0.8,-0.5,-0.3,9039,95.4,89.7,2.8,2.9,-0.5,-0.7,0.5,-0.3,99.5,0.1,93.7,1.9,2.9,6.4,3.4,4.1,151.3,1.7,10.6,51.1,32.6,46.9,61.6,5.2,21.4,8737,1,1,2,4,5
2022,Calendar year,Local authority,E92000001,England,E12000005,West Midlands,893,E06000051,Shropshire,16-17,5687.3,5.9,1.7,4.2,-4.4,-0.3,-4.1,5687,92.5,88.1,3.6,0.9,1.8,2.3,-0.5,0,99.3,15.4,87.5,5.4,5.2,9.4,7.3,9.5,30.7,0.5,12,58.1,34.3,49.9,73.2,5.5,22.3,7365,4,2,5,3,5
2022,Calendar year,Local authority,E92000001,England,E12000005,West Midlands,334,E08000029,Solihull,16-17,5057,3.9,3.2,0.7,-0.5,-0.4,-0.1,5052,95,87.4,4.5,3.1,-0.7,-2.3,0.6,1,97.9,0.4,85.5,3,4.9,10.6,9.6,9.1,111.3,2.2,36.2,62.6,33.8,51,74.4,5.9,22.1,5429,3,4,2,4,4
2022,Calendar year,Local authority,E92000001,England,E12000005,West Midlands,860,E10000028,Staffordshire,16-17,18299.7,3.3,1.8,1.5,-0.1,-0.1,0,18351,93.8,85.8,6,2,-0.8,-1.3,0.9,-0.4,98.5,0.3,87.3,2.9,4.7,7.9,8,5.2,203,1.1,25.5,57.6,31,49.3,70.2,5,21.6,19644,2,2,3,4,5
2022,Calendar year,Local authority,E92000001,England,E12000005,West Midlands,861,E06000021,Stoke-on-Trent,16-17,6021.7,10.5,3.6,6.9,3.5,-0.8,4.3,5995,84.5,72.6,6.4,5.5,-5.7,-5.3,0.9,-1.3,93.2,-3.8,84.4,9.1,5.4,15.3,10.3,19.4,248.7,4.1,33.1,50.2,26.9,45.1,63.4,6.5,21.7,6024,5,5,5,1,1
2022,Calendar year,Local authority,E92000001,England,E12000005,West Midlands,894,E06000020,Telford and Wrekin,16-17,4282.7,4.5,2.8,1.7,-2.9,-1.9,-1,4285,90.9,85.4,4.5,0.9,0,-0.7,0.5,0.1,95.8,2.5,88.4,4.4,6,3.1,5.6,7.1,27.3,0.6,34.1,55.2,29.4,50.2,67.2,5.7,22.8,4581,3,3,3,1,2
2022,Calendar year,Local authority,E92000001,England,E12000005,West Midlands,335,E08000030,Walsall,16-17,7096,2.8,1.3,1.5,-0.8,-0.1,-0.8,7111,95.5,89,3.4,3.1,-0.1,-0.2,0.1,0.1,99,-0.3,96.5,2.7,1.7,6,1.8,3.4,176,2.5,10.2,53,27.8,47.5,65,6.4,22.2,7511,1,1,3,5,5
2022,Calendar year,Local authority,E92000001,England,E12000005,West Midlands,937,E10000031,Warwickshire,16-17,11829.7,3.4,1.7,1.7,-0.5,-0.3,-0.2,11839,94.9,89.4,4.3,1.3,0.2,0,-0.1,0.3,98.7,0.4,92.8,3.1,2.6,7.4,4.5,6.5,515,4.4,20.5,61.7,31.4,52.9,76.3,5.6,24.3,13214,2,2,3,4,5
2022,Calendar year,Local authority,E92000001,England,E12000005,West Midlands,336,E08000031,Wolverhampton,16-17,6209.7,2.8,1.7,1.1,-0.7,-0.3,-0.4,6264,96.2,90.2,2.9,3.1,0.1,-0.8,0.8,0,99,0.2,95.3,2.5,4,9.2,0.7,11.3,103.3,1.7,12.3,50.9,29.2,50,68.1,5.1,21.5,6650,1,2,2,5,5
2022,Calendar year,Local authority,E92000001,England,E12000005,West Midlands,885,E10000034,Worcestershire,16-17,12686.7,5.6,3,2.6,-0.3,0.1,-0.4,12684,92,83.9,6.5,1.6,-1.3,-1.9,1,-0.4,93.3,2.9,84.8,4.9,4.4,8.6,10.8,10.3,158.3,1.2,20.6,56.7,31,49.6,71,5.1,21.8,13654,4,4,4,2,1
2022,Calendar year,Local authority,E92000001,England,E12000005,West Midlands,884,E06000019,"Herefordshire, County of",16-17,3693.7,4.3,3.6,0.7,-1.6,-0.2,-1.4,3699,90.4,83.8,5.5,1.1,1.4,1,0.3,0.1,97,-0.3,83.4,3.6,3.4,7,13.3,8.1,58.3,1.6,23.4,55.9,35.8,50.6,73.7,5.5,22.8,4061,3,4,2,1,4
2022,Calendar year,Regional,E92000001,England,E12000003,Yorkshire and The Humber,,,,16-17,122355.3,5.3,2.9,2.4,-1,0,-0.9,122590,91.9,83.3,6.1,2.5,-0.3,-1.1,0.9,-0.1,95.3,0.1,87.5,4.7,4.4,9.4,8.1,9.7,3790,3.1,21.4,54.6,32,49.1,70,6.1,23.3,130268,z,z,z,z,z
2022,Calendar year,Local authority,E92000001,England,E12000003,Yorkshire and The Humber,370,E08000016,Barnsley,16-17,5206,5.4,2.7,2.8,-0.4,0.8,-1.2,5347,92.6,83.6,5.1,3.8,0,0.3,-1.1,0.8,99.9,0.1,84.9,4.8,6.4,7.2,8.6,10.4,70.7,1.4,11.8,48.3,29.8,46.3,66.2,6.4,25.5,5681,4,3,4,3,5
2022,Calendar year,Local authority,E92000001,England,E12000003,Yorkshire and The Humber,380,E08000032,Bradford,16-17,14750.3,5.9,2.9,3,-0.7,-0.9,0.2,14756,92.3,84.9,5,2.4,0.7,1.7,0.6,-1.6,93,-1.8,83.2,5.2,4.2,10.5,12.6,9,457,3.1,25.8,50.6,34.1,45.9,63.4,8.1,23.9,15798,5,4,5,2,1
2022,Calendar year,Local authority,E92000001,England,E12000003,Yorkshire and The Humber,381,E08000033,Calderdale,16-17,5167.7,3.6,2.8,0.8,-0.3,-0.2,0,5149,91.8,84.5,7,0.4,-0.6,-0.9,0.7,-0.4,96.1,-0.2,86.6,3.5,3.7,3.5,9.7,5.4,448,8.7,19,58.9,29.5,52.2,72.9,5.8,21.3,5221,2,4,2,2,3
2022,Calendar year,Local authority,E92000001,England,E12000003,Yorkshire and The Humber,371,E08000017,Doncaster,16-17,6954.7,4.8,3.4,1.4,-0.1,0.3,-0.4,6968,93.2,77.7,8.3,7.3,-0.3,-2.3,0.8,1.2,98.4,-0.4,85.3,4.3,4.4,6.1,10.3,8.7,97.7,1.4,28.3,46.2,29,47,66.8,6.6,25.3,7470,3,4,3,3,5
2022,Calendar year,Local authority,E92000001,England,E12000003,Yorkshire and The Humber,811,E06000011,East Riding of Yorkshire,16-17,6966,3.2,2.5,0.7,-0.9,0,-0.9,6958,93.4,82.3,8.8,2.4,-0.7,-2.5,1.5,0.3,95.7,1.2,87,2.7,4.7,9,8.3,5.1,157.3,2.3,18.6,60.3,37.1,51.4,76.2,5.2,21.2,7590,2,3,1,3,2
2022,Calendar year,Local authority,E92000001,England,E12000003,Yorkshire and The Humber,810,E06000010,"Kingston upon Hull, City of",16-17,6075.3,5.6,5.2,0.5,0.3,0.4,-0.1,6080,86.8,74.6,9.3,2.9,-3.6,-4.7,1.8,-0.7,97.4,0,80.7,4.8,5.1,8.5,14.2,9.4,522.7,8.6,23.8,43.3,30.6,47.5,65.8,6.4,22.1,5632,4,5,1,1,4
2022,Calendar year,Local authority,E92000001,England,E12000003,Yorkshire and The Humber,382,E08000034,Kirklees,16-17,10845.3,3.3,2.3,0.9,-0.8,-0.3,-0.5,10829,93.1,84.7,7.5,0.8,-0.1,-2.4,1.9,0.4,96.9,0.2,91.6,2.9,4.5,8.5,4,6.4,601.7,5.5,17.6,60.7,32.1,49.5,71,5.5,21.4,11131,2,3,2,3,4
2022,Calendar year,Local authority,E92000001,England,E12000003,Yorkshire and The Humber,383,E08000035,Leeds,16-17,17424,7.8,2.5,5.3,-0.1,0.2,-0.3,17464,90.5,83.1,4.8,2.5,-1,-2.8,1.3,0.5,93.2,-0.1,84.8,6.8,4.2,13.6,11,13.1,378,2.2,25.5,53.1,31.4,49.2,69.9,5.7,23.2,17501,5,3,5,1,1
2022,Calendar year,Local authority,E92000001,England,E12000003,Yorkshire and The Humber,812,E06000012,North East Lincolnshire,16-17,3766.7,6.3,5.8,0.5,0.1,0.1,0,3756,89.4,80.4,6.5,2.5,-0.6,-0.7,0.3,-0.2,95.4,0.4,87.3,5.1,4.7,13.7,8.1,14.7,172,4.6,24.4,49.2,34.6,45.8,66.3,7.1,23.4,4002,5,5,1,1,2
2022,Calendar year,Local authority,E92000001,England,E12000003,Yorkshire and The Humber,813,E06000013,North Lincolnshire,16-17,3901.3,6.4,2.7,3.6,1.2,0.4,0.8,3921,92.5,85.9,5.7,0.9,-0.8,-1.2,0.2,0.2,92.5,5,80.7,5.2,4.7,8.9,14.6,11.7,56.7,1.5,20.6,53.6,33.9,47.6,70.1,5.8,22,4182,5,3,5,3,1
2022,Calendar year,Local authority,E92000001,England,E12000003,Yorkshire and The Humber,815,E10000023,North Yorkshire,16-17,11655,4.7,1.7,3.1,-6.6,0.5,-7.2,11662,95.3,88.9,4.6,1.8,2,1.5,0.4,0.2,96.5,2.3,97.1,4.7,2.8,4.3,0.1,0,59,0.5,28.8,62.6,34.9,52.5,75.9,5.6,23.9,14566,3,1,5,4,3
2022,Calendar year,Local authority,E92000001,England,E12000003,Yorkshire and The Humber,372,E08000018,Rotherham,16-17,6189.3,4.9,3.6,1.3,-0.7,-0.5,-0.3,6208,89.8,80.3,5.4,4.1,-1.2,-0.6,0.3,-0.9,97,-1.1,83.7,4.5,5.2,8.9,11.2,6.3,125,2,21.3,49.5,29.8,48.7,70,5.7,22.8,6300,3,4,3,1,4
2022,Calendar year,Local authority,E92000001,England,E12000003,Yorkshire and The Humber,373,E08000019,Sheffield,16-17,12172,6.8,4,2.9,-0.5,0,-0.5,12173,90.7,82.2,6,2.5,-0.6,-1.3,1,-0.3,91.2,-1.1,89.7,6.2,5,13,5.3,12.7,173.3,1.4,29.2,57.3,30.8,48.1,66.9,6.5,24.8,13141,5,5,4,1,1
2022,Calendar year,Local authority,E92000001,England,E12000003,Yorkshire and The Humber,384,E08000036,Wakefield,16-17,7664,4.3,2.8,1.5,-0.1,-0.2,0,7701,91.3,84.8,4.7,1.8,-1,-2.6,1.2,0.4,98.1,-0.1,94.4,4,4.2,9.9,1.4,8.7,438.7,5.7,14.4,51.4,29.3,50.1,72.9,5.8,21.9,7965,3,4,3,2,5
2022,Calendar year,Local authority,E92000001,England,E12000003,Yorkshire and The Humber,816,E06000014,York,16-17,3617.7,2.2,1.2,1,-0.8,-0.6,-0.3,3618,95.3,87.1,7.2,1,1.6,0.7,1.3,-0.4,96.7,-0.1,87.6,1.6,3.3,1.1,9,7.7,36.3,1,21.1,63.7,34.2,55.3,79,5.1,23.6,4088,1,1,2,4,3
