time_period,time_identifier,geographic_level,country_code,country_name,version,school_type,final_phonics_outcome,gender,t_read_eligible_pupils,t_read_met_expected_standard,t_read_met_higher_standard,t_read_not_achieved_expected_standard,t_read_working_below_assessment,t_read_absent,t_read_unable_to_access_or_just_arrived,t_read_unable_to_access,t_read_avg_scaled_score_eligible_pupils,t_read_sum_scaled_scores,t_writta_eligible_pupils,t_writta_met_expected_standard,t_writta_met_higher_standard,t_writta_working_towards_expected_standard,t_writta_pre_key_stage_standard_6,t_writta_pre_key_stage_standard_5,t_writta_pre_key_stage_standard_4,t_writta_pre_key_stage_standard_3,t_writta_pre_key_stage_standard_2,t_writta_pre_key_stage_standard_1,t_writta_growing_development_of_expected_standard,t_writta_early_development_of_expected_standard,t_writta_foundations_of_expected_standard,t_writta_engagement_model_or_below_pre_key_stage_standards,t_writta_below_interim_pre_key_stage_standards,t_writta_absent,t_writta_disapplied,pt_read_met_expected_standard,pt_read_met_higher_standard,pt_read_not_achieved_expected_standard,pt_read_working_below_assessment,pt_read_absent,pt_read_unable_to_access_or_just_arrived,pt_read_unable_to_access,avg_read_scaled_score,pt_writta_met_expected_standard,pt_writta_met_higher_standard,pt_writta_working_towards_expected_standard,pt_writta_pre_key_stage_standard_6,pt_writta_pre_key_stage_standard_5,pt_writta_pre_key_stage_standard_4,pt_writta_pre_key_stage_standard_3,pt_writta_pre_key_stage_standard_2,pt_writta_pre_key_stage_standard_1,pt_writta_growing_development_of_expected_standard,pt_writta_early_development_of_expected_standard,pt_writta_foundations_of_expected_standard,pt_writta_engagement_model_or_below_pre_key_stage_standards,pt_writta_below_interim_pre_key_stage_standards,pt_writta_absent,pt_writta_disapplied
201617,Academic Year,National,E92000001,England,Final,AllSchools,Met in year 1,Total,327882,288225,120517,38497,369,432,113,z,326668,35068579,327735,303550,93366,22227,z,z,z,z,z,z,1407,234,155,z,27,120,15,87.90510001,36.75621108,11.74111418,0.112540487,0.131754717,0.034463618,z,107.3523547,92.62056234,28.48826033,6.782003753,z,z,z,z,z,z,0.429310266,0.071399149,0.047294308,z,0.00823874,0.036614948,0.004576869
201617,Academic Year,National,E92000001,England,Final,AllSchools,Met in year 1,Boys,156652,135682,52756,20261,290,232,74,z,155905,16655720,156574,140598,35101,14544,z,z,z,z,z,z,1012,189,113,z,19,88,11,86.61364043,33.67719531,12.93376401,0.185123714,0.148098971,0.047238465,z,106.8324941,89.79651794,22.41815372,9.28889854,z,z,z,z,z,z,0.64633975,0.120709696,0.072170348,z,0.012135612,0.056203457,0.007025432
201617,Academic Year,National,E92000001,England,Final,AllSchools,Met in year 1,Girls,171230,152543,67761,18236,79,200,39,z,170763,18412859,171161,162952,58265,7683,z,z,z,z,z,z,395,45,42,z,8,32,4,89.08660866,39.57308883,10.65000292,0.046136775,0.116801962,0.022776383,z,107.8269824,95.2039308,34.04104907,4.4887562,z,z,z,z,z,z,0.230776871,0.026291036,0.0245383,z,0.004674098,0.018695848,0.002336981
201617,Academic Year,National,E92000001,England,Final,AllSchools,Met in year 2,Total,160175,102569,20080,55890,1094,371,143,z,158265,16086229,160059,112926,9215,41403,z,z,z,z,z,z,4301,752,415,z,81,140,41,64.03558608,12.53628843,34.89308569,0.683002966,0.231621664,0.089277353,z,101.6411019,70.55273368,5.757252013,25.86733642,z,z,z,z,z,z,2.687134119,0.469826751,0.259279391,z,0.050608552,0.087467746,0.025615554
201617,Academic Year,National,E92000001,England,Final,AllSchools,Met in year 2,Boys,85647,53271,9670,31210,784,219,109,z,84338,8543030,85567,55258,3301,26205,z,z,z,z,z,z,3021,563,323,z,62,102,33,62.19832569,11.29052973,36.44027228,0.915385244,0.255700725,0.127266571,z,101.2951457,64.57863429,3.857795646,30.62512417,z,z,z,z,z,z,3.53056669,0.657963935,0.377481973,z,0.072460381,0.119204834,0.03856627
201617,Academic Year,National,E92000001,England,Final,AllSchools,Met in year 2,Girls,74528,49298,10410,24680,310,152,34,z,73927,7543199,74492,57668,5914,15198,z,z,z,z,z,z,1280,189,92,z,19,38,8,66.14695148,13.96790468,33.11507085,0.415951052,0.203950193,0.045620438,z,102.0357785,77.41502443,7.939107555,20.40219084,z,z,z,z,z,z,1.718305321,0.25371852,0.123503195,z,0.025507464,0.051012189,0.010739408
201617,Academic Year,National,E92000001,England,Final,AllSchools,Not met by the end of year 2,Total,85284,26170,3359,45027,13194,369,468,z,70094,6734000,84904,26440,989,35483,z,z,z,z,z,z,10695,4374,3452,z,4011,136,313,30.68570893,3.938605131,52.79653862,15.47066273,0.432672014,0.548754749,z,96.07099038,31.14105343,1.164845001,41.79190615,z,z,z,z,z,z,12.59657967,5.151700744,4.065768397,z,4.724270335,0.16018091,0.368651654
201617,Academic Year,National,E92000001,England,Final,AllSchools,Not met by the end of year 2,Boys,50666,14492,1778,26471,9092,259,319,z,40220,3851244,50400,12700,353,21772,z,z,z,z,z,z,7253,3130,2497,z,2737,109,202,28.60300793,3.509256701,52.24608219,17.94497296,0.511190937,0.629613548,z,95.75445052,25.1984127,0.700396825,43.1984127,z,z,z,z,z,z,14.39087302,6.21031746,4.954365079,z,5.430663307,0.216269841,0.400793651
201617,Academic Year,National,E92000001,England,Final,AllSchools,Not met by the end of year 2,Girls,34618,11678,1581,18556,4102,110,149,z,29874,2882756,34504,13740,636,13711,z,z,z,z,z,z,3442,1244,955,z,1274,27,111,33.73389566,4.566988272,53.60217228,11.84932694,0.31775377,0.430411924,z,96.49715472,39.82146997,1.843264549,39.73742175,z,z,z,z,z,z,9.975654997,3.605379086,2.767795038,z,3.692432542,0.078251797,0.321701832
201718,Academic Year,National,E92000001,England,Final,AllSchools,Met in year 1,Total,404203,356167,151207,46220,553,549,163,z,402323,43203136,404124,371961,113676,29848,z,z,z,z,z,z,1518,313,168,z,68,162,37,88.11587247,37.40867831,11.43484833,0.136812443,0.135822841,0.040326272,z,107.3842062,92.04130415,28.12899011,7.385851867,z,z,z,z,z,z,0.375627283,0.077451475,0.041571399,z,0.01682656,0.040086706,0.009155606
201718,Academic Year,National,E92000001,England,Final,AllSchools,Met in year 1,Boys,195072,168485,65019,25476,448,304,108,z,193914,20698067,195021,173467,43049,19805,z,z,z,z,z,z,1147,258,126,z,51,116,29,86.37067339,33.33077018,13.05979331,0.229658793,0.155839895,0.055364173,z,106.738384,88.9478569,22.07403305,10.15531661,z,z,z,z,z,z,0.58814179,0.132293445,0.064608427,z,0.02615103,0.059480774,0.014870193
201718,Academic Year,National,E92000001,England,Final,AllSchools,Met in year 1,Girls,209131,187682,86188,20744,105,245,55,z,208409,22505069,209103,198494,70627,10043,z,z,z,z,z,z,371,55,42,z,17,46,8,89.74374913,41.21244579,9.919141591,0.050207765,0.117151451,0.026299305,z,107.985111,94.92642382,33.77617729,4.80289618,z,z,z,z,z,z,0.177424523,0.026302827,0.020085795,z,0.008130004,0.021998728,0.003825866
201718,Academic Year,National,E92000001,England,Final,AllSchools,Met in year 2,Total,121092,75564,15606,43488,1302,355,138,z,118940,12087907,121040,78969,5716,37240,z,z,z,z,z,z,3356,788,407,z,96,130,39,62.40214052,12.88772173,35.91318997,1.075215539,0.293165527,0.113962937,z,101.6302926,65.24206874,4.722405816,30.7666887,z,z,z,z,z,z,2.772637145,0.651024455,0.336252479,z,0.079313279,0.107402512,0.032220753
201718,Academic Year,National,E92000001,England,Final,AllSchools,Met in year 2,Boys,66734,40192,7507,25191,895,223,105,z,65298,6606134,66700,39569,2145,23655,z,z,z,z,z,z,2392,577,302,z,78,96,24,60.22717056,11.24913837,37.74837414,1.341145443,0.334162496,0.157341086,z,101.1690098,59.32383808,3.215892054,35.46476762,z,z,z,z,z,z,3.586206897,0.865067466,0.452773613,z,0.116943283,0.143928036,0.035982009
201718,Academic Year,National,E92000001,England,Final,AllSchools,Met in year 2,Girls,54358,35372,8099,18297,407,132,33,z,53642,5481773,54340,39400,3571,13585,z,z,z,z,z,z,964,211,105,z,18,34,15,65.07229847,14.89937084,33.66017881,0.748739836,0.242834541,0.060708635,z,102.1918087,72.50644093,6.571586308,25,z,z,z,z,z,z,1.774015458,0.388295915,0.193227825,z,0.03312477,0.06256901,0.027603975
201718,Academic Year,National,E92000001,England,Final,AllSchools,Not met by the end of year 2,Total,67317,20106,2858,33477,12853,344,414,z,52912,5102354,67185,18195,588,28814,z,z,z,z,z,z,8151,3721,3410,z,4398,126,356,29.86764116,4.245584325,49.73038014,19.09324539,0.511015048,0.615000668,z,96.43094194,27.08193793,0.875195356,42.8875493,z,z,z,z,z,z,12.13217236,5.53843864,5.075537694,z,6.546298915,0.187541862,0.529880182
201718,Academic Year,National,E92000001,England,Final,AllSchools,Not met by the end of year 2,Boys,41250,11284,1485,20486,8877,244,288,z,31301,3004987,41159,8977,217,18133,z,z,z,z,z,z,5564,2672,2479,z,3002,90,235,27.35515152,3.6,49.6630303,21.52,0.591515152,0.698181818,z,96.00290726,21.81053961,0.527223693,44.05597804,z,z,z,z,z,z,13.51830705,6.491897276,6.022984038,z,7.294020458,0.218664205,0.570956534
201718,Academic Year,National,E92000001,England,Final,AllSchools,Not met by the end of year 2,Girls,26067,8822,1373,12991,3976,100,126,z,21611,2097367,26026,9218,371,10681,z,z,z,z,z,z,2587,1049,931,z,1396,36,121,33.84355699,5.267196072,49.83695861,15.25300188,0.383626808,0.483369778,z,97.0509,35.41842773,1.425497579,41.0397295,z,z,z,z,z,z,9.94005994,4.0305848,3.577192039,z,5.363866902,0.138323215,0.464919696
201819,Academic Year,National,E92000001,England,Final,AllSchools,Met in year 1,Total,452120,385039,156725,65233,832,666,192,z,450179,47965901,452016,411049,121679,38322,1606,529,127,49,55,8,z,z,z,0,z,187,32,85.16300982,34.66446961,14.42824914,0.184021941,0.147306025,0.042466602,z,106.5485085,90.93682525,26.91917985,8.478018477,0.355297158,0.117031256,0.028096351,0.010840324,0.012167711,0.001769849,z,z,z,0,z,0.041370217,0.007079395
201819,Academic Year,National,E92000001,England,Final,AllSchools,Met in year 1,Boys,219016,180760,65423,37076,625,348,137,z,217771,23016166,218939,191919,46526,25009,1206,415,99,43,42,7,z,z,z,0,z,131,26,82.53278299,29.8713336,16.92844358,0.285367279,0.158892501,0.062552508,z,105.6897659,87.65866292,21.25066799,11.4228164,0.550838361,0.189550514,0.045218074,0.019640174,0.019183426,0.003197238,z,z,z,0,z,0.059834018,0.011875454
201819,Academic Year,National,E92000001,England,Final,AllSchools,Met in year 1,Girls,233104,204279,91302,28157,207,318,55,z,232408,24949735,233077,219130,75153,13313,400,114,28,6,13,1,z,z,z,0,z,56,6,87.63427483,39.16792505,12.0791578,0.088801565,0.136419795,0.023594619,z,107.3531677,94.01614059,32.24385074,5.7118463,0.171617105,0.048910875,0.012013197,0.002574257,0.005577556,0.000429043,z,z,z,0,z,0.024026395,0.002574257
201819,Academic Year,National,E92000001,England,Final,AllSchools,Met in year 2,Total,104859,58890,11140,44039,1457,316,135,z,102769,10300053,104807,64843,4572,35674,2692,956,241,100,74,23,z,z,z,0,z,106,23,56.16113066,10.62379004,41.99830248,1.389484927,0.30135706,0.128744314,z,100.2252917,61.86895913,4.362304045,34.03780282,2.568530728,0.912152814,0.229946473,0.095413474,0.070605971,0.021945099,z,z,z,0,z,0.101138283,0.021945099
201819,Academic Year,National,E92000001,England,Final,AllSchools,Met in year 2,Boys,58634,30962,5243,26327,1033,196,105,z,57176,5693171,58600,32442,1715,22997,1933,725,199,75,61,20,z,z,z,0,z,74,17,52.80553945,8.941910837,44.90056964,1.761776444,0.334277041,0.179076986,z,99.57274031,55.36177474,2.92662116,39.2440273,3.298634812,1.237201365,0.339590444,0.127986348,0.104095563,0.034129693,z,z,z,0,z,0.126279863,0.029010239
201819,Academic Year,National,E92000001,England,Final,AllSchools,Met in year 2,Girls,46225,27928,5897,17712,424,120,30,z,45593,4606882,46207,32401,2857,12677,759,231,42,25,13,3,z,z,z,0,z,32,6,60.41752299,12.75716604,38.31692807,0.917252569,0.259599784,0.064899946,z,101.0436251,70.12141018,6.183045859,27.43523709,1.642608263,0.499924254,0.090895319,0.054104356,0.028134265,0.006492523,z,z,z,0,z,0.069253576,0.012985046
201819,Academic Year,National,E92000001,England,Final,AllSchools,Not met by the end of year 2,Total,59565,13887,1764,31653,13427,353,233,z,44853,4240434,59373,13668,434,26500,6215,4234,2049,1641,1376,1487,z,z,z,0,z,125,173,23.31402669,2.961470662,53.14026694,22.5417611,0.5926299,0.391169311,z,94.54069962,23.0205649,0.730971991,44.63308238,10.46772102,7.131187577,3.451063615,2.763882573,2.317551749,2.504505415,z,z,z,0,z,0.210533407,0.291378236
201819,Academic Year,National,E92000001,England,Final,AllSchools,Not met by the end of year 2,Boys,37133,7670,918,19686,9346,250,177,z,26863,2524635,36992,6749,160,16667,4309,2996,1521,1183,968,1080,z,z,z,0,z,101,132,20.65548165,2.472194544,53.01483855,25.16898715,0.673255595,0.476664961,z,93.98187097,18.24448529,0.432525952,45.05568772,11.64846453,8.099048443,4.111699827,3.197988754,2.616782007,2.919550173,z,z,z,0,z,0.273032007,0.35683391
201819,Academic Year,National,E92000001,England,Final,AllSchools,Not met by the end of year 2,Girls,22432,6217,846,11967,4081,103,56,z,17990,1715799,22381,6919,274,9833,1906,1238,528,458,408,407,z,z,z,0,z,24,41,27.71487161,3.771398003,53.34789586,18.19276034,0.459165478,0.249643367,z,95.37515286,30.91461508,1.224252714,43.93458737,8.516152093,5.531477593,2.359143917,2.046378625,1.822974845,1.818506769,z,z,z,0,z,0.107233814,0.1831911
201920,Academic year,National,E92000001,England,Final,AllSchools,Met in year 1,Total,x,x,x,x,x,x,x,x,x,x,x,x,x,x,x,x,x,x,x,x,x,x,x,x,x,x,x,x,x,x,x,x,x,x,x,x,x,x,x,x,x,x,x,x,x,x,x,x,x,x,x
201920,Academic year,National,E92000001,England,Final,AllSchools,Met in year 1,Boys,x,x,x,x,x,x,x,x,x,x,x,x,x,x,x,x,x,x,x,x,x,x,x,x,x,x,x,x,x,x,x,x,x,x,x,x,x,x,x,x,x,x,x,x,x,x,x,x,x,x,x
201920,Academic year,National,E92000001,England,Final,AllSchools,Met in year 1,Girls,x,x,x,x,x,x,x,x,x,x,x,x,x,x,x,x,x,x,x,x,x,x,x,x,x,x,x,x,x,x,x,x,x,x,x,x,x,x,x,x,x,x,x,x,x,x,x,x,x,x,x
201920,Academic year,National,E92000001,England,Final,AllSchools,Met in year 2,Total,x,x,x,x,x,x,x,x,x,x,x,x,x,x,x,x,x,x,x,x,x,x,x,x,x,x,x,x,x,x,x,x,x,x,x,x,x,x,x,x,x,x,x,x,x,x,x,x,x,x,x
201920,Academic year,National,E92000001,England,Final,AllSchools,Met in year 2,Boys,x,x,x,x,x,x,x,x,x,x,x,x,x,x,x,x,x,x,x,x,x,x,x,x,x,x,x,x,x,x,x,x,x,x,x,x,x,x,x,x,x,x,x,x,x,x,x,x,x,x,x
201920,Academic year,National,E92000001,England,Final,AllSchools,Met in year 2,Girls,x,x,x,x,x,x,x,x,x,x,x,x,x,x,x,x,x,x,x,x,x,x,x,x,x,x,x,x,x,x,x,x,x,x,x,x,x,x,x,x,x,x,x,x,x,x,x,x,x,x,x
201920,Academic year,National,E92000001,England,Final,AllSchools,Not met by the end of year 2,Total,x,x,x,x,x,x,x,x,x,x,x,x,x,x,x,x,x,x,x,x,x,x,x,x,x,x,x,x,x,x,x,x,x,x,x,x,x,x,x,x,x,x,x,x,x,x,x,x,x,x,x
201920,Academic year,National,E92000001,England,Final,AllSchools,Not met by the end of year 2,Boys,x,x,x,x,x,x,x,x,x,x,x,x,x,x,x,x,x,x,x,x,x,x,x,x,x,x,x,x,x,x,x,x,x,x,x,x,x,x,x,x,x,x,x,x,x,x,x,x,x,x,x
201920,Academic year,National,E92000001,England,Final,AllSchools,Not met by the end of year 2,Girls,x,x,x,x,x,x,x,x,x,x,x,x,x,x,x,x,x,x,x,x,x,x,x,x,x,x,x,x,x,x,x,x,x,x,x,x,x,x,x,x,x,x,x,x,x,x,x,x,x,x,x
202021,Academic year,National,E92000001,England,Final,AllSchools,Met in year 1,Total,x,x,x,x,x,x,x,x,x,x,x,x,x,x,x,x,x,x,x,x,x,x,x,x,x,x,x,x,x,x,x,x,x,x,x,x,x,x,x,x,x,x,x,x,x,x,x,x,x,x,x
202021,Academic year,National,E92000001,England,Final,AllSchools,Met in year 1,Boys,x,x,x,x,x,x,x,x,x,x,x,x,x,x,x,x,x,x,x,x,x,x,x,x,x,x,x,x,x,x,x,x,x,x,x,x,x,x,x,x,x,x,x,x,x,x,x,x,x,x,x
202021,Academic year,National,E92000001,England,Final,AllSchools,Met in year 1,Girls,x,x,x,x,x,x,x,x,x,x,x,x,x,x,x,x,x,x,x,x,x,x,x,x,x,x,x,x,x,x,x,x,x,x,x,x,x,x,x,x,x,x,x,x,x,x,x,x,x,x,x
202021,Academic year,National,E92000001,England,Final,AllSchools,Met in year 2,Total,x,x,x,x,x,x,x,x,x,x,x,x,x,x,x,x,x,x,x,x,x,x,x,x,x,x,x,x,x,x,x,x,x,x,x,x,x,x,x,x,x,x,x,x,x,x,x,x,x,x,x
202021,Academic year,National,E92000001,England,Final,AllSchools,Met in year 2,Boys,x,x,x,x,x,x,x,x,x,x,x,x,x,x,x,x,x,x,x,x,x,x,x,x,x,x,x,x,x,x,x,x,x,x,x,x,x,x,x,x,x,x,x,x,x,x,x,x,x,x,x
202021,Academic year,National,E92000001,England,Final,AllSchools,Met in year 2,Girls,x,x,x,x,x,x,x,x,x,x,x,x,x,x,x,x,x,x,x,x,x,x,x,x,x,x,x,x,x,x,x,x,x,x,x,x,x,x,x,x,x,x,x,x,x,x,x,x,x,x,x
202021,Academic year,National,E92000001,England,Final,AllSchools,Not met by the end of year 2,Total,x,x,x,x,x,x,x,x,x,x,x,x,x,x,x,x,x,x,x,x,x,x,x,x,x,x,x,x,x,x,x,x,x,x,x,x,x,x,x,x,x,x,x,x,x,x,x,x,x,x,x
202021,Academic year,National,E92000001,England,Final,AllSchools,Not met by the end of year 2,Boys,x,x,x,x,x,x,x,x,x,x,x,x,x,x,x,x,x,x,x,x,x,x,x,x,x,x,x,x,x,x,x,x,x,x,x,x,x,x,x,x,x,x,x,x,x,x,x,x,x,x,x
202021,Academic year,National,E92000001,England,Final,AllSchools,Not met by the end of year 2,Girls,x,x,x,x,x,x,x,x,x,x,x,x,x,x,x,x,x,x,x,x,x,x,x,x,x,x,x,x,x,x,x,x,x,x,x,x,x,x,x,x,x,x,x,x,x,x,x,x,x,x,x
202122,Academic year,National,E92000001,England,Provisional,AllSchools,Met in year 1,Total,511071,433494,172212,73553,1544,1977,503,z,506728,53910934,507503,411435,80799,89495,3919,1254,339,123,160,16,z,z,z,114,z,648,z,84.82070006,33.6962966,14.3919338,0.302110666,0.386834706,0.098420767,z,106.3902804,81.07045673,15.92089111,17.63437852,0.772212184,0.247092135,0.066797635,0.02423631,0.031526907,0.003152691,z,z,z,0.022462921,z,0.127683974,z
202122,Academic year,National,E92000001,England,Provisional,AllSchools,Met in year 1,Boys,250077,204502,71630,43150,1096,1024,305,z,247420,26100050,248312,189380,31068,54296,2748,932,256,99,129,14,z,z,z,79,z,379,z,81.77561311,28.6431779,17.25468556,0.438265014,0.409473882,0.121962436,z,105.4888449,76.26695448,12.51167886,21.8660395,1.106672251,0.375334257,0.103096105,0.039869197,0.051950772,0.005638068,z,z,z,0.031814814,z,0.152630562,z
202122,Academic year,National,E92000001,England,Provisional,AllSchools,Met in year 1,Girls,260994,228992,100582,30403,448,953,198,z,259308,27810884,259191,222055,49731,35199,1171,322,83,24,31,2,z,z,z,35,z,269,z,87.73841544,38.53805068,11.6489268,0.171651456,0.365142494,0.075863813,z,107.2503895,85.67234202,19.18700881,13.58033265,0.451790379,0.124232709,0.032022717,0.009259581,0.011960292,0.000771632,z,z,z,0.013503555,z,0.103784468,z
202122,Academic year,National,E92000001,England,Provisional,AllSchools,Met in year 2,Total,73434,37290,6608,33422,1988,517,216,z,70309,6990193,72759,27675,1408,38566,3897,1560,443,177,141,26,z,z,z,77,z,197,z,50.78029251,8.998556527,45.51297764,2.707192853,0.704033554,0.294141678,z,99.42102718,38.03653156,1.935155788,53.00512651,5.356038428,2.144064652,0.608859385,0.243268874,0.193790459,0.035734411,z,z,z,0.105828832,z,0.270756882,z
202122,Academic year,National,E92000001,England,Provisional,AllSchools,Met in year 2,Boys,42344,19849,3156,20681,1346,321,146,z,40235,3970513,41945,13596,554,23756,2678,1132,327,136,104,22,z,z,z,58,z,136,z,46.8755904,7.453240128,48.84044965,3.17872662,0.758076705,0.344795012,z,98.68306201,32.41387531,1.320777208,56.63607105,6.384551198,2.698772202,0.779592323,0.324234116,0.247943736,0.052449636,z,z,z,0.138276314,z,0.324234116,z
202122,Academic year,National,E92000001,England,Provisional,AllSchools,Met in year 2,Girls,31090,17441,3452,12741,642,196,70,z,30074,3019680,30814,14079,854,14810,1219,428,116,41,37,4,z,z,z,19,z,61,z,56.09842393,11.10324863,40.98102284,2.06497266,0.63042779,0.225152782,z,100.4083261,45.69027066,2.771467515,48.06256896,3.955994029,1.388979036,0.376452262,0.133056403,0.12007529,0.012981112,z,z,z,0.061660284,z,0.197961965,z
202122,Academic year,National,E92000001,England,Provisional,AllSchools,Not met by the end of year 2,Total,51565,9197,1151,24630,16539,559,640,z,32677,3072148,50549,5332,137,21868,6647,5368,2772,2210,1931,1858,z,z,z,2268,z,295,z,17.8357413,2.2321342,47.76495685,32.07408126,1.084068651,1.241151944,z,94.01560731,10.54818097,0.271024155,43.26099428,13.1496172,10.619399,5.483788008,4.37199549,3.820055787,3.675641457,z,z,z,4.486735643,z,0.583592158,z
202122,Academic year,National,E92000001,England,Provisional,AllSchools,Not met by the end of year 2,Boys,33090,4987,532,15631,11648,363,461,z,19767,1845186,32376,2550,47,13365,4558,3776,2021,1606,1396,1323,z,z,z,1575,z,206,z,15.07101843,1.607736476,47.2378362,35.20096706,1.09700816,1.393170142,z,93.3467901,7.876204596,0.145169261,41.28057821,14.07832963,11.66296022,6.242278231,4.960464542,4.311835928,4.086360267,z,z,z,4.864714603,z,0.636273783,z
202122,Academic year,National,E92000001,England,Provisional,AllSchools,Not met by the end of year 2,Girls,18475,4210,619,8999,4891,196,179,z,12910,1226962,18173,2782,90,8503,2089,1592,751,604,535,535,z,z,z,693,z,89,z,22.78755074,3.350473613,48.70906631,26.47361299,1.060893099,0.968876861,z,95.03965918,15.30842459,0.495240191,46.78919276,11.49507511,8.760248721,4.132504265,3.323611952,2.943927805,2.943927805,z,z,z,3.813349474,z,0.489737523,z
